cliente_id,cnpj,razao_social,segmento,cidade,uf,bairro,data_cadastro,ativo
1, 17810801326773 ,Comercial Aurora LTDA ME,Loja de shopping,Curitiba,PR,Aldeota,2022-06-03,S
2,87234309805009,Perfumaria Sublime LTDA,Loja de shopping,Manaus,AM,Moema,2021-12-30,S
3,36193990916998,Aroma Nobre ME,Revendedora autônoma,Campinas,SP,Batel,2022-11-24,S
4,75107991183842,Casa de Fragrâncias Encanto ME,Revendedora autônoma,Porto Alegre,RS,Higienópolis,2022-09-18,S
5, 80841241182449 ,AROMA SERENA EIRELI,Revendedora autônoma,Goiânia,GO,Asa Sul,2023-06-28,S
6,16400524278680,Casa de Fragrâncias Nova Era S/A,Perfumaria,São Paulo,SP,Batel,2025-01-31,N
7,05331586923226,Aroma Vitória EIRELI,Loja de departamento,Salvador,BA,Savassi,2025-08-07,S
8,73375433036541,Aroma Aromas do Sul EIRELI,Loja de departamento,São Paulo,SP,Savassi,2023-02-08,S
9,29401965569816,Perfumaria Sublime S/A,Loja de departamento,Porto Alegre,RS,Meireles,16/10/2024,S
10,59514846564823,Aroma Prime S/A,Loja de departamento,Rio de Janeiro,RJ,Pinheiros,24/04/2022,S
11,44369957773872,Farmácia Vitória EIRELI,Salão de beleza,São Paulo,SP,Meireles,2024-03-12,S
12, 37917693676320 ,DROGARIA SUBLIME LTDA ME,Revendedora autônoma,São Paulo,SP,Barra,2024-01-27,S
13,72.788.957/9868-72,Aroma Dourada S/A,Revendedora autônoma,Rio de Janeiro,RJ,Barra,2022-01-03,S
14,43455812236231,Comercial Bella Vita ME,Quiosque,Rio de Janeiro,RJ,Pinheiros,2022-05-06,S
15,09.670.546/6889-37,Perfumaria Diva EIRELI,Quiosque,Goiânia,GO,Pinheiros,2023-06-10,S
16,29.806.990/1627-20,Loja Nobre EIRELI,Revendedora autônoma,Fortaleza,CE,Pinheiros,2023-03-19,S
17,41.708.053/1003-30,Studio Elegance LTDA ME,Farmácia,Recife,PE,Ipanema,2025-12-29,S
18,12.419.049/6631-93,Aroma Requinte LTDA,E-commerce,Goiânia,GO,Jardins,2024-02-06,S
19,51.850.671/6572-62,Studio Aromas do Sul LTDA ME,E-commerce,Recife,PE,Asa Sul,2021-09-29,S
20,14737996507527,Casa de Fragrâncias Dourada S/A,E-commerce,Curitiba,PR,Asa Sul,2023-06-25,S
21,31.367.837/7701-43,Aroma Nova Era EIRELI,E-commerce,Brasília,DF,Bela Vista,2022-05-27,S
22,85.574.443/1351-82,Bella Nova Era S/A,E-commerce,Manaus,AM,Savassi,2026-01-09,S
23,35240824008427,Loja Rosa dos Ventos LTDA ME,E-commerce,Porto Alegre,RS,Jardins,2024-02-04,S
24, 11671902294131 ,Espaço Beleza Diva LTDA ME,Revendedora autônoma,Fortaleza,CE,Setor Bueno,2021-07-17,S
25,49909133412328,Bella Requinte LTDA ME,Quiosque,Recife,PE,Barra,2025-10-24,S
26,71.349.361/8324-21,Loja Flor de Liz LTDA ME,E-commerce,Porto Alegre,RS,Pinheiros,2025-07-12,S
27, 87719065940139 ,Studio Bella Vita ME,E-commerce,Brasília,DF,Aldeota,2024-07-21,S
28,96717565512567,Espaço Beleza Bella Vita LTDA ME,Loja de departamento,Belo Horizonte,MG,Asa Sul,2023-01-20,S
29,80.876.038/5977-03,LOJA ROSA DOS VENTOS LTDA,E-commerce,Recife,PE,Barra,2023-03-05,S
30,80.861.317/1274-84,Boutique Lumiar S/A,Quiosque,Porto Alegre,RS,Meireles,2022-05-05,S
31,21465840449972,Casa de Fragrâncias Aromas do Sul S/A,Salão de beleza,Brasília,DF,Cambuí,2022-03-02,S
32,39636057662702,Farmácia Lumiar LTDA,Salão de beleza,Manaus,AM,Aldeota,2021-11-08,N
33,62174596158657,Aroma Encanto ME,Revendedora autônoma,Belo Horizonte,MG,Vila Madalena,2024-11-10,S
34,17240050455623,Drogaria Prime LTDA,Loja de shopping,Campinas,SP,Pinheiros,2021-09-10,S
35,79.237.474/0748-21,Aroma Íris EIRELI,E-commerce,Curitiba,PR,Setor Bueno,2022-03-12,S
36,71.369.594/4064-09,Essência Vitória S/A,Quiosque,Recife,PE,Barra,2024-05-24,S
37,42104709521456,Espaço Beleza Sublime EIRELI,Salão de beleza,Goiânia,GO,Asa Sul,2026-03-07,S
38,45.171.236/8516-04,Studio Diva EIRELI,E-commerce,Fortaleza,CE,Barra,2025-09-13,S
39,85931746120047,Comercial Lumiar EIRELI,Loja de shopping,Goiânia,GO,Higienópolis,2026-03-05,S
40,26.179.640/5377-35,Espaço Beleza Serena EIRELI,Salão de beleza,Manaus,AM,Asa Sul,2024-02-11,S
41,71.390.053/2931-83,Drogaria Requinte LTDA,Salão de beleza,Rio de Janeiro,RJ,Batel,2025-04-27,S
42,42102053950240,Bella Essenza LTDA ME,Farmácia,Brasília,DF,Ipanema,2023-12-17,S
43, 78390847007661 ,Farmácia Essenza EIRELI,Quiosque,Rio de Janeiro,RJ,Moema,2021-12-02,S
44,98.569.847/8961-18,Comercial Nobre LTDA ME,Revendedora autônoma,Goiânia,GO,Savassi,2023-06-19,S
45,45271111615280,Comercial Class LTDA ME,Farmácia,Salvador,BA,Jardins,2021-07-09,S
46,45198327315851,Espaço Beleza Requinte S/A,Loja de departamento,Goiânia,GO,Higienópolis,2023-02-09,N
47,40.244.550/2296-12,Comercial Íris LTDA ME,Revendedora autônoma,Campinas,SP,Ipanema,2026-02-26,S
48,99.102.290/1476-79,Espaço Beleza Flor de Liz EIRELI,Revendedora autônoma,Salvador,BA,Setor Bueno,2022-03-11,S
49,78.403.690/0343-24,Loja Íris ME,Perfumaria,Goiânia,GO,Higienópolis,2023-01-18,S
50, 85160607159696 ,Perfumaria Nobre ME,Loja de departamento,Brasília,DF,Aldeota,2022-04-30,S
51,16.136.968/1645-35,Espaço Beleza Sublime ME,Farmácia,Salvador,BA,Ipanema,2026-06-11,S
52,23.124.329/2127-79,Aroma Nobre ME,Salão de beleza,Campinas,SP,Pituba,2021-06-03,S
53,49.058.147/7005-41,Loja Nova Era S/A,Loja de departamento,Porto Alegre,RS,Jardins,01/03/2024,S
54,35.978.207/1518-20,Espaço Beleza Sublime S/A,Quiosque,Goiânia,GO,Ipanema,2023-04-13,S
55,65.905.151/8644-92,Essência Serena LTDA ME,Salão de beleza,Recife,PE,Moema,2025-01-23,S
56,52816850542357,Farmácia Encanto LTDA,Loja de shopping,Recife,PE,Higienópolis,2025-01-19,S
57,05929622292706,Loja Requinte EIRELI,Revendedora autônoma,Brasília,DF,Aldeota,2022-08-17,S
58,47359774688623,Aroma Rosa dos Ventos EIRELI,Perfumaria,Curitiba,PR,Savassi,2023-11-23,S
59,14124782613750,Boutique Diva LTDA,Salão de beleza,Brasília,DF,Centro,2026-01-28,S
60,52204727790104,Farmácia Encanto ME,Loja de departamento,Rio de Janeiro,RJ,Jardins,18/06/2023,S
61,97117980893246,Studio Íris ME,Revendedora autônoma,Campinas,SP,Moema,2024-08-29,S
62,18888806706540,Boutique Serena LTDA,Salão de beleza,Salvador,BA,Cambuí,2022-09-01,S
63,85.277.221/7043-03,Espaço Beleza Diva S/A,E-commerce,Salvador,BA,Jardins,2024-06-08,S
64,45054156676527,Farmácia Íris LTDA,E-commerce,Curitiba,PR,Boa Viagem,2021-11-18,S
65,11544796275705,Farmacia Serena LTDA ME,Perfumaria,Salvador,BA,Boa Viagem,2022-03-26,S
66,97021355690927,Studio Charme S/A,Farmácia,Belo Horizonte,MG,Cambuí,2022-08-04,S
67,10.278.681/4473-94,Loja Prime LTDA ME,Farmácia,Curitiba,PR,Cambuí,2025-01-17,S
68, 18844225831323 ,Loja Aromas do Sul ME,Salão de beleza,Manaus,AM,Moema,2026-03-22,N
69,78669125177852,Drogaria Íris S/A,Loja de shopping,Recife,PE,Jardins,2021-07-30,S
70,24225358414384,Espaço Beleza Serena ME,Farmácia,Brasília,DF,Batel,2023-12-20,S
71,95900109439690,Aroma Encanto LTDA ME,E-commerce,Goiânia,GO,Pinheiros,17/11/2021,S
72, 02767735925556 ,Casa de Fragrâncias Vitória LTDA ME,Farmácia,Rio de Janeiro,RJ,Aldeota,2023-12-09,S
73,04.696.325/9532-78,Loja Aurora LTDA,E-commerce,Rio de Janeiro,RJ,Bela Vista,2022-01-19,S
74,39500479748016,Comercial Class LTDA,Salão de beleza,Curitiba,PR,Higienópolis,2023-12-02,S
75,41.687.849/9121-65,Drogaria Elegance S/A,Salão de beleza,Brasília,DF,Bela Vista,2022-10-08,N
76,25787298259526,Bella Nova Era EIRELI,Quiosque,São Paulo,SP,Centro,29/12/2022,S
77,16.940.974/9930-97,Drogaria Vitória LTDA,Loja de departamento,Campinas,SP,Savassi,18/09/2023,S
78,56.263.689/7028-38,Espaço Beleza Diva EIRELI,Quiosque,Fortaleza,CE,Aldeota,2022-11-06,S
79,85497334843443,Espaço Beleza Dourada EIRELI,Salão de beleza,Salvador,BA,Higienópolis,2021-12-05,S
80,52.404.157/4733-84,Farmácia Requinte S/A,Loja de shopping,Recife,PE,Jardins,2021-07-08,S
81,33016571208267,Casa de Fragrâncias Encanto LTDA,E-commerce,Brasília,DF,Moema,2021-12-29,S
82,80262067240049,Essência Lumiar S/A,Salão de beleza,Curitiba,PR,Batel,2024-01-26,S
83,43152742054932,Farmácia Diva LTDA,Salão de beleza,Fortaleza,CE,Batel,2022-05-25,S
84,04.637.454/9904-53,Essência Prime LTDA ME,Quiosque,Curitiba,PR,Setor Bueno,2024-04-27,S
85,45.933.272/7956-87,Boutique Requinte LTDA,Revendedora autônoma,Campinas,SP,Bela Vista,2021-08-28,S
86,91088398225871,Farmácia Sublime LTDA ME,Quiosque,Rio de Janeiro,RJ,Aldeota,2023-07-09,S
87,79087406403910,Espaço Beleza Bella Vita LTDA,Farmácia,Recife,PE,Pituba,2022-04-18,N
88, 22656766182512 ,Bella Vitória LTDA,Loja de shopping,Recife,PE,Setor Bueno,2021-08-28,S
89,86863375243106,Studio Bella Vita LTDA ME,Farmácia,Manaus,AM,Jardins,2024-11-08,S
90,67383028439599,Comercial Encanto EIRELI,Revendedora autônoma,São Paulo,SP,Boa Viagem,2025-01-25,S
91,87056856624628,Bella Charme LTDA ME,E-commerce,Recife,PE,Higienópolis,2025-04-19,S
92,88.263.435/1751-83,Farmácia Elegance S/A,Perfumaria,Recife,PE,Higienópolis,2024-05-19,S
93,54.033.173/9363-85,Essência Dourada EIRELI,Salão de beleza,Curitiba,PR,Pituba,31/01/2023,S
94,75355609320489,Drogaria Elegance EIRELI,E-commerce,Manaus,AM,Barra,2021-06-03,S
95,54.777.252/2872-80,Perfumaria Íris ME,Perfumaria,Campinas,SP,Barra,2024-11-16,N
96, 03875099770088 ,Espaço Beleza Encanto LTDA,E-commerce,Belo Horizonte,MG,Vila Madalena,25/02/2026,S
97,11823398454615,Bella Vitória EIRELI,Revendedora autônoma,Belo Horizonte,MG,Moema,2022-05-24,S
98,01666870021765,Espaco Beleza Bella Vita ME,Farmácia,Campinas,SP,Pituba,2021-07-01,S
99,48.902.503/9261-42,Comercial Charme LTDA,Salão de beleza,Rio de Janeiro,RJ,Ipanema,2025-10-04,N
100,31599965047735,Drogaria Nova Era LTDA ME,Loja de departamento,Recife,PE,Setor Bueno,2021-07-27,S
101,11.426.265/5110-47,Drogaria Essenza ME,Farmácia,Manaus,AM,Higienópolis,2022-08-26,S
102,10.158.199/5604-66,Studio Sublime ME,Revendedora autônoma,Recife,PE,Boa Viagem,2024-03-12,S
103,47.212.646/4715-43,Loja Flor de Liz ME,Revendedora autônoma,Porto Alegre,RS,Pinheiros,2021-11-21,S
104,65.756.924/5937-52,Bella Serena LTDA ME,E-commerce,Goiânia,GO,Barra,2022-06-09,S
105,65.193.982/8073-74,Aroma Rosa dos Ventos ME,Loja de departamento,Porto Alegre,RS,Barra,2024-04-13,S
106,66179796886805,Farmácia Vitória EIRELI,Farmácia,Belo Horizonte,MG,Jardins,29/08/2021,S
107,65610143888993,Aroma Nova Era S/A,Quiosque,Campinas,SP,Centro,2022-03-04,S
108,61.125.457/3875-71,Casa de Fragrâncias Essenza EIRELI,Quiosque,Porto Alegre,RS,Savassi,2022-03-19,N
109,12382825867362,Comercial Aurora S/A,Loja de departamento,Salvador,BA,Aldeota,2023-08-17,S
110,03.341.918/2553-71,ESPAÇO BELEZA SERENA EIRELI,Quiosque,Recife,PE,Pinheiros,2023-03-14,S
111,57.924.991/2513-41,Espaço Beleza Diva LTDA ME,Loja de shopping,Salvador,BA,Pinheiros,2023-08-24,S
112,82827422579050,Comercial Rosa dos Ventos LTDA ME,Quiosque,Fortaleza,CE,Aldeota,29/09/2025,S
113,90.340.438/4279-78,Espaço Beleza Class S/A,E-commerce,Rio de Janeiro,RJ,Jardins,2024-12-26,S
114,83.613.407/4517-13,Bella Requinte LTDA ME,Salão de beleza,Fortaleza,CE,Batel,2023-06-30,S
115,09584982544948,Essência Serena ME,Perfumaria,Curitiba,PR,Batel,2025-10-27,S
116,53672946671168,Loja Rosa dos Ventos EIRELI,Salão de beleza,Manaus,AM,Moema,2023-02-10,S
117,51863637454589,Casa de Fragrâncias Bella Vita LTDA,Quiosque,Fortaleza,CE,Aldeota,2023-12-09,N
118,77.063.242/4154-15,Bella Vitória LTDA ME,E-commerce,Belo Horizonte,MG,Savassi,2026-06-03,N
119,12.938.700/5162-71,Farmácia Nobre EIRELI,Farmácia,Fortaleza,CE,Batel,2023-05-22,S
120, 21890927532697 ,Farmácia Nova Era LTDA ME,Loja de shopping,Belo Horizonte,MG,Vila Madalena,2024-12-12,S
121,34138999404389,Aroma Bella Vita ME,E-commerce,Belo Horizonte,MG,Savassi,2025-10-07,S
122,91805526965827,Essência Elegance LTDA,Perfumaria,Campinas,SP,Pinheiros,09/11/2024,S
123,86661889241418,Espaço Beleza Nobre LTDA ME,Loja de shopping,Campinas,SP,Moema,2023-07-13,S
124,30.316.179/9042-10,Loja Class S/A,Loja de shopping,Recife,PE,Asa Sul,2023-11-25,S
125,41056481491778,Casa de Fragrâncias Prime EIRELI,Loja de shopping,Belo Horizonte,MG,Savassi,2026-04-04,S
126,00030756220863,Farmácia Nova Era EIRELI,E-commerce,Brasília,DF,Jardins,2025-07-25,S
127,06.174.451/8705-34,Loja Class S/A,Revendedora autônoma,Brasília,DF,Meireles,2021-07-05,S
128, 32060385050641 ,Comercial Rosa dos Ventos LTDA,Revendedora autônoma,Brasília,DF,Batel,2023-07-09,S
129,03865719182619,Essência Dourada EIRELI,Revendedora autônoma,Rio de Janeiro,RJ,Pinheiros,2025-01-12,S
130,55.743.132/9121-27,Espaço Beleza Class ME,Farmácia,Manaus,AM,Aldeota,2022-01-21,S
131,12.490.352/1356-80,PERFUMARIA DIVA LTDA ME,Loja de shopping,Rio de Janeiro,RJ,Higienópolis,2022-12-29,S
132,12100323651994,Aroma Lumiar ME,Revendedora autônoma,Fortaleza,CE,Cambuí,2024-11-06,S
133,02966706625324,Perfumaria Requinte S/A,Loja de shopping,Fortaleza,CE,Setor Bueno,2023-02-06,S
134, 70146263838065 ,Casa de Fragrâncias Nova Era S/A,Quiosque,Brasília,DF,Asa Sul,2021-12-24,S
135,93040785932133,Boutique Nova Era LTDA ME,Perfumaria,Salvador,BA,Boa Viagem,2023-03-06,S
136,55.905.992/9378-42,Studio Vitória LTDA,Revendedora autônoma,Goiânia,GO,Centro,2024-10-28,S
137,32525002921851,Studio Flor de Liz EIRELI,Loja de departamento,Goiânia,GO,Batel,2022-07-29,S
138,67.528.953/9264-42,Studio Bella Vita ME,Loja de departamento,Manaus,AM,Barra,2023-09-04,S
139,72.513.552/1570-43,Essência Flor de Liz LTDA,Salão de beleza,Rio de Janeiro,RJ,Aldeota,2023-04-09,S
140,67.658.617/9327-10,Farmácia Nobre ME,Farmácia,Belo Horizonte,MG,Boa Viagem,2025-05-26,S
141,15.997.062/9620-15,Bella Aromas do Sul S/A,Loja de departamento,Brasília,DF,Setor Bueno,2023-07-09,S
142,06987205061497,Aroma Encanto LTDA,Loja de shopping,Rio de Janeiro,RJ,Savassi,2025-03-31,S
143,77418625652704,ESSÊNCIA NOVA ERA LTDA,Revendedora autônoma,Recife,PE,Savassi,2022-03-16,S
144,86.938.068/6879-37,Farmácia Lumiar ME,Loja de shopping,Salvador,BA,Boa Viagem,2024-10-06,S
145,20616329451168,Espaço Beleza Lumiar LTDA,E-commerce,Curitiba,PR,Bela Vista,2022-06-11,S
146,62.299.911/9148-56,Studio Requinte LTDA ME,Quiosque,Rio de Janeiro,RJ,Asa Sul,2023-03-11,S
147,96.065.307/4505-44,Boutique Charme EIRELI,Farmácia,Goiânia,GO,Aldeota,2023-02-05,S
148,46913736785082,Drogaria Sublime S/A,Loja de departamento,Salvador,BA,Meireles,2024-04-20,S
149,03.070.534/5786-10,Drogaria Rosa dos Ventos S/A,Quiosque,Curitiba,PR,Ipanema,2023-04-25,S
150,14060293333468,Loja Charme ME,Perfumaria,Porto Alegre,RS,Centro,2024-07-22,S
151,44.665.743/7489-69,Essência Flor de Liz LTDA ME,E-commerce,Goiânia,GO,Asa Sul,2025-09-19,S
152, 44328309652074 ,Comercial Bella Vita S/A,Loja de departamento,Porto Alegre,RS,Meireles,2023-03-20,S
153,38.758.428/2417-24,Aroma Nobre LTDA,Loja de shopping,Manaus,AM,Barra,2021-07-15,S
154,65.549.471/7099-91,Aroma Diva S/A,Farmácia,Porto Alegre,RS,Jardins,2022-01-08,S
155,23.569.725/2175-25,Drogaria Nova Era ME,Revendedora autônoma,Belo Horizonte,MG,Moema,2025-06-08,S
156,66676008350583,Boutique Class EIRELI,Revendedora autônoma,Recife,PE,Pinheiros,2024-07-27,S
157,21044789856257,Comercial Aurora ME,Loja de shopping,Porto Alegre,RS,Batel,2022-08-28,S
158,98.215.064/8909-01,Loja Diva LTDA,Loja de departamento,São Paulo,SP,Pituba,2024-12-28,S
159,04618499261891,Boutique Requinte ME,Quiosque,Curitiba,PR,Bela Vista,2024-12-18,S
160,64208737530011,Farmácia Sublime LTDA,Loja de shopping,Salvador,BA,Savassi,2021-06-14,S
161,37.447.012/0455-61,Perfumaria Charme ME,Perfumaria,Campinas,SP,Aldeota,20/02/2024,S
162, 15521667467621 ,Drogaria Flor de Liz LTDA ME,Perfumaria,Porto Alegre,RS,Pituba,2023-12-05,S
163,72965902771670,Perfumaria Sublime S/A,Salão de beleza,Campinas,SP,Barra,2024-04-25,S
164,58.891.637/5628-90,ESPAÇO BELEZA ROSA DOS VENTOS LTDA ME,Loja de shopping,Campinas,SP,Moema,2024-08-09,S
165,35.408.386/6317-79,Casa de Fragrâncias Flor de Liz LTDA ME,Quiosque,Salvador,BA,Centro,2026-01-24,S
166,08801994883755,CASA DE FRAGRÂNCIAS AROMAS DO SUL S/A,Quiosque,Recife,PE,Ipanema,2024-05-13,S
167,13.055.488/5102-72,Boutique Flor de Liz LTDA ME,Revendedora autônoma,Rio de Janeiro,RJ,Meireles,2026-05-19,S
168, 60917798270808 ,Espaço Beleza Prime S/A,Quiosque,Rio de Janeiro,RJ,Batel,2022-03-30,S
169,99586693465472,Bella Aromas do Sul EIRELI,E-commerce,Campinas,SP,Higienópolis,2023-11-24,S
170,39452288515879,Aroma Aromas do Sul EIRELI,Loja de departamento,Curitiba,PR,Vila Madalena,2021-06-21,S
171,10620034244204,Casa de Fragrâncias Lumiar LTDA,Perfumaria,Brasília,DF,Higienópolis,2023-07-12,S
172,86384066658004,Boutique Serena EIRELI,Quiosque,Manaus,AM,Higienópolis,2023-07-14,S
173,34721228160648,Perfumaria Nobre LTDA ME,E-commerce,Curitiba,PR,Batel,2026-04-22,N
174,90.947.985/1583-28,Comercial Aromas do Sul S/A,Loja de shopping,Salvador,BA,Ipanema,2024-04-15,S
175, 55543987801573 ,Comercial Flor de Liz LTDA ME,Salão de beleza,Curitiba,PR,Setor Bueno,21/04/2023,N
176,58877043581128,Aroma Serena ME,Revendedora autônoma,Brasília,DF,Vila Madalena,2024-11-07,S
177,86.120.750/1102-48,Essência Íris LTDA ME,Revendedora autônoma,Curitiba,PR,Pinheiros,2024-04-10,S
178,61809190158144,Comercial Diva LTDA,Quiosque,São Paulo,SP,Higienópolis,2024-03-08,S
179,68424508821009,ESSÊNCIA ELEGANCE EIRELI,Farmácia,Manaus,AM,Bela Vista,17/06/2022,S
180, 39431290878141 ,Casa de Fragrâncias Class ME,Quiosque,Belo Horizonte,MG,Barra,2026-04-18,S
181,13577594929955,Boutique Serena LTDA ME,Revendedora autônoma,Goiânia,GO,Ipanema,2025-07-18,S
182,57775478129142,Bella Essenza LTDA,Farmácia,Manaus,AM,Centro,2026-06-04,S
183,69308488725639,Comercial Class S/A,Farmácia,Goiânia,GO,Barra,2026-01-27,S
184,28272299275037,PERFUMARIA ELEGANCE S/A,Revendedora autônoma,Goiânia,GO,Ipanema,14/09/2025,S
185,00518449892665,Boutique Sublime LTDA ME,Loja de departamento,Fortaleza,CE,Ipanema,2024-03-26,S
186,90827231843222,AROMA VITÓRIA LTDA ME,Farmácia,Fortaleza,CE,Savassi,2022-08-22,S
187,73.926.030/2992-28,Perfumaria Prime EIRELI,Loja de shopping,Fortaleza,CE,Bela Vista,2024-06-13,S
188,90413797723692,Studio Sublime EIRELI,Loja de shopping,Goiânia,GO,Cambuí,2021-05-27,S
189,91366210388629,Espaço Beleza Sublime LTDA,Perfumaria,Goiânia,GO,Batel,2026-05-23,S
190,06.865.086/3765-99,Loja Vitória LTDA,E-commerce,Brasília,DF,Higienópolis,2024-02-14,S
191,00.981.806/3565-12,Essência Aromas do Sul LTDA ME,E-commerce,Curitiba,PR,Asa Sul,2022-04-13,S
192,36887258874495,Bella Vitória LTDA ME,Farmácia,Recife,PE,Boa Viagem,2022-06-09,S
193,65.890.260/1279-61,Farmácia Requinte LTDA,Salão de beleza,Brasília,DF,Pinheiros,2024-04-23,S
194,49.027.703/8430-98,Aroma Bella Vita EIRELI,Loja de shopping,Brasília,DF,Centro,2021-10-11,S
195,46.566.938/0118-48,Boutique Requinte ME,E-commerce,Rio de Janeiro,RJ,Pinheiros,2021-05-27,S
196,26818184518489,Studio Rosa dos Ventos ME,Loja de departamento,Porto Alegre,RS,Aldeota,2023-04-08,S
197,07141633565880,AROMA NOBRE LTDA,Loja de departamento,Goiânia,GO,Boa Viagem,2024-12-05,S
198,39423733343333,Farmácia Rosa dos Ventos S/A,Farmácia,Salvador,BA,Higienópolis,2024-12-19,S
199,59579472846392,Loja Aromas do Sul LTDA,Loja de departamento,Fortaleza,CE,Pinheiros,2024-05-14,S
200,71875003691559,Essência Rosa dos Ventos S/A,Revendedora autônoma,Belo Horizonte,MG,Boa Viagem,28/05/2025,S
201,65564729293143,Boutique Charme ME,Loja de departamento,Curitiba,PR,Centro,2021-07-22,S
202,28.857.448/9061-20,AROMA FLOR DE LIZ LTDA ME,Quiosque,Fortaleza,CE,Asa Sul,2023-06-18,S
203,84.506.159/3998-24,Bella Lumiar LTDA,Quiosque,Brasília,DF,Setor Bueno,2022-09-05,S
204,25699611253554,Essência Lumiar EIRELI,Loja de departamento,Belo Horizonte,MG,Bela Vista,04/03/2023,S
205,22023413261117,Farmacia Dourada S/A,Farmácia,Recife,PE,Pinheiros,2025-10-12,S
206,47228200557784,Studio Requinte LTDA ME,Loja de shopping,Curitiba,PR,Vila Madalena,2021-08-05,S
207,84578317456424,Essência Rosa dos Ventos S/A,Salão de beleza,Campinas,SP,Pituba,2025-01-18,S
208,40649308536866,Comercial Vitória EIRELI,Loja de departamento,Fortaleza,CE,Barra,2026-06-24,S
209,44846312241797,Boutique Nobre LTDA,Quiosque,Goiânia,GO,Higienópolis,2023-02-22,N
210,44.270.312/0735-64,Bella Bella Vita EIRELI,Quiosque,Rio de Janeiro,RJ,Batel,2021-11-16,N
211,18723460136730,Espaço Beleza Elegance LTDA ME,Farmácia,Recife,PE,Setor Bueno,2023-07-22,S
212,08.814.743/5031-36,Comercial Vitória LTDA,Farmácia,Belo Horizonte,MG,Pituba,2025-06-10,S
213,51.327.195/0052-81,Espaço Beleza Serena EIRELI,Salão de beleza,Belo Horizonte,MG,Aldeota,2023-12-19,S
214,65240778487392,Essência Requinte S/A,Quiosque,São Paulo,SP,Bela Vista,2021-08-15,S
215, 48570862095935 ,Boutique Sublime LTDA ME,Loja de departamento,Porto Alegre,RS,Batel,2024-04-25,S
216,65.118.102/2031-73,Aroma Rosa dos Ventos S/A,Loja de departamento,Salvador,BA,Asa Sul,20/06/2026,N
217,91.037.170/5865-09,Essência Essenza ME,Farmácia,Curitiba,PR,Savassi,2023-03-07,S
218,86.338.392/8861-95,Farmácia Prime ME,Loja de departamento,Curitiba,PR,Bela Vista,05/02/2022,S
219,89.755.855/6659-39,Casa de Fragrâncias Lumiar LTDA ME,E-commerce,Belo Horizonte,MG,Centro,2026-03-18,S
220,90.824.043/3504-88,Farmácia Bella Vita LTDA ME,Loja de shopping,Porto Alegre,RS,Batel,2021-07-20,S
221,33441969315727,Studio Serena EIRELI,Farmácia,Goiânia,GO,Pinheiros,2021-06-09,N
222,55661390604805,ESPAÇO BELEZA VITÓRIA ME,Salão de beleza,São Paulo,SP,Pinheiros,2021-08-23,S
223,98136462251790,Comercial Sublime LTDA ME,Farmácia,Goiânia,GO,Batel,2021-08-06,S
224,83.769.389/8331-46,FARMÁCIA ÍRIS LTDA ME,Farmácia,Fortaleza,CE,Meireles,2022-11-09,S
225,04259792703352,STUDIO CHARME EIRELI,Revendedora autônoma,Goiânia,GO,Savassi,2024-10-26,S
226,05383388487920,Essência Prime LTDA,Perfumaria,Fortaleza,CE,Asa Sul,2022-07-23,N
227,01645104636815,Drogaria Elegance S/A,Farmácia,Campinas,SP,Higienópolis,2021-12-14,S
228,03845762055543,Aroma Dourada LTDA ME,Perfumaria,São Paulo,SP,Centro,2021-11-10,S
229,32562168936392,LOJA AROMAS DO SUL ME,Salão de beleza,Porto Alegre,RS,Batel,2022-04-12,S
230,32.482.629/2518-81,Bella Aurora EIRELI,Loja de shopping,Campinas,SP,Vila Madalena,2023-08-21,S
231,74231220994999,Aroma Aurora EIRELI,Revendedora autônoma,Porto Alegre,RS,Pituba,2023-05-18,S
232,75267722330604,Farmácia Prime LTDA ME,Revendedora autônoma,Goiânia,GO,Pituba,2025-03-27,S
233,36609656999880,BOUTIQUE SUBLIME S/A,Perfumaria,Fortaleza,CE,Jardins,2025-12-12,S
234,03.476.447/2649-08,Farmácia Sublime LTDA,Quiosque,Brasília,DF,Higienópolis,2023-11-15,S
235,57027937145211,FARMÁCIA SUBLIME LTDA ME,Salão de beleza,Recife,PE,Bela Vista,2024-01-12,S
236,68602592222064,Essência Serena ME,Quiosque,Belo Horizonte,MG,Batel,2022-12-08,S
237, 94077780973397 ,Studio Requinte LTDA,Farmácia,São Paulo,SP,Higienópolis,15/02/2022,S
238,83022050209945,DROGARIA ENCANTO S/A,Loja de shopping,Campinas,SP,Higienópolis,2025-11-01,S
239,95014556168147,Espaço Beleza Íris S/A,Salão de beleza,Fortaleza,CE,Meireles,09/06/2025,S
240,98.179.469/5489-95,Espaço Beleza Serena LTDA ME,Quiosque,Rio de Janeiro,RJ,Boa Viagem,2023-12-11,S
241,43010713966055,Perfumaria Serena ME,Revendedora autônoma,Curitiba,PR,Asa Sul,2021-07-12,S
242,48850155699023,Loja Bella Vita ME,Quiosque,Porto Alegre,RS,Aldeota,2022-10-26,S
243,57608495880395,Perfumaria Nobre LTDA ME,E-commerce,Brasília,DF,Boa Viagem,2025-01-31,S
244,29145046173574,Farmácia Class LTDA,Loja de shopping,Recife,PE,Moema,2023-06-17,S
245,78235784521823,Perfumaria Encanto LTDA,Farmácia,São Paulo,SP,Moema,19/06/2024,S
246,18.409.435/3344-85,Drogaria Prime EIRELI,E-commerce,São Paulo,SP,Higienópolis,2022-03-13,S
247,85.854.249/3214-95,Perfumaria Rosa dos Ventos LTDA,Loja de shopping,Curitiba,PR,Jardins,2021-08-21,S
248,29979545381792,Farmácia Lumiar EIRELI,Quiosque,Recife,PE,Aldeota,2024-02-24,S
249,29456255770171,Essência Class S/A,Loja de shopping,Curitiba,PR,Bela Vista,2022-09-13,S
250,15.814.876/9639-38,Farmácia Nobre ME,Loja de departamento,Manaus,AM,Vila Madalena,12/10/2023,S
251,95832197199758,Essência Diva LTDA,Loja de shopping,Recife,PE,Pinheiros,2024-02-15,S
252,01.329.022/7846-99,Studio Encanto LTDA ME,E-commerce,Campinas,SP,Ipanema,2025-07-22,S
253,09.862.405/8008-51,Comercial Nova Era LTDA ME,Revendedora autônoma,Goiânia,GO,Pinheiros,2023-02-02,S
254,83.272.386/5624-22,Bella Rosa dos Ventos LTDA ME,Loja de shopping,Recife,PE,Batel,2024-09-17,S
255,67969278687653,Studio Rosa dos Ventos ME,Perfumaria,Campinas,SP,Asa Sul,2023-08-18,S
256,95009751971284,Boutique Rosa dos Ventos LTDA,Farmácia,Brasília,DF,Higienópolis,2022-01-23,S
257,90580778795654,Bella Nova Era EIRELI,E-commerce,Porto Alegre,RS,Pituba,2026-05-05,S
258,04.904.712/8144-29,Perfumaria Flor de Liz S/A,E-commerce,Goiânia,GO,Batel,2023-02-04,S
259,24372805129276,Boutique Nova Era EIRELI,Loja de shopping,Salvador,BA,Asa Sul,2025-11-25,S
260,02.767.478/3667-42,Essência Lumiar LTDA ME,Perfumaria,Rio de Janeiro,RJ,Bela Vista,2021-09-11,S
261,18569454414967,ESPAÇO BELEZA NOBRE ME,Revendedora autônoma,São Paulo,SP,Centro,2023-04-25,S
262,06.181.753/4430-09,Studio Serena LTDA,Revendedora autônoma,Rio de Janeiro,RJ,Savassi,2026-05-02,S
263,26921244717465,Perfumaria Diva LTDA ME,E-commerce,Goiânia,GO,Jardins,15/11/2024,S
264,27.173.962/7128-63,Farmácia Bella Vita LTDA,E-commerce,Porto Alegre,RS,Asa Sul,2024-01-28,S
265,72006425690877,Espaço Beleza Vitória LTDA,Farmácia,São Paulo,SP,Pituba,23/03/2022,S
266,55.460.158/5174-32,Essência Diva LTDA,Revendedora autônoma,Brasília,DF,Ipanema,2025-09-29,S
267,73203093761847,Perfumaria Bella Vita EIRELI,Quiosque,Campinas,SP,Jardins,2021-09-04,S
268,87.829.310/2707-90,Perfumaria Prime LTDA,Loja de shopping,Curitiba,PR,Savassi,2023-04-23,S
269,91.117.993/1365-65,Casa de Fragrâncias Elegance LTDA,Loja de shopping,Belo Horizonte,MG,Cambuí,29/12/2023,N
270,26258273902196,Perfumaria Aurora ME,Farmácia,Porto Alegre,RS,Setor Bueno,2026-01-12,S
271,23.248.763/2909-27,Casa de Fragrâncias Íris LTDA,E-commerce,Fortaleza,CE,Meireles,2024-03-05,S
272,19588373403127,AROMA CLASS EIRELI,Perfumaria,Brasília,DF,Asa Sul,15/10/2024,S
273,01.082.207/8113-79,Bella Nobre ME,Revendedora autônoma,Fortaleza,CE,Cambuí,2021-06-02,S
274,63.631.797/0623-97,Loja Elegance EIRELI,Loja de shopping,Curitiba,PR,Meireles,2023-09-03,S
275,90421776253492,Farmácia Íris S/A,Revendedora autônoma,São Paulo,SP,Meireles,2023-09-19,S
276,40.633.569/3929-06,Comercial Sublime LTDA ME,Perfumaria,Fortaleza,CE,Savassi,2025-12-26,S
277,18063254310742,Loja Lumiar ME,Perfumaria,Curitiba,PR,Pinheiros,2022-02-04,S
278,70165804649893,BELLA BELLA VITA S/A,Salão de beleza,Salvador,BA,Ipanema,2024-03-20,S
279,65790552818325,Bella Nova Era ME,Quiosque,Rio de Janeiro,RJ,Barra,2023-05-02,S
280,86401557788178,Studio Class LTDA,Quiosque,Porto Alegre,RS,Aldeota,2021-09-06,S
281,24112412723804,Loja Class LTDA ME,Loja de shopping,Recife,PE,Centro,2022-05-02,S
282,03.856.955/7988-77,Drogaria Dourada ME,E-commerce,Rio de Janeiro,RJ,Setor Bueno,2022-12-19,S
283, 25472928422223 ,Loja Dourada EIRELI,Loja de shopping,São Paulo,SP,Higienópolis,2025-07-22,S
284, 55257828410672 ,PERFUMARIA AROMAS DO SUL S/A,Loja de shopping,Campinas,SP,Setor Bueno,2022-02-06,S
285,92975170281406,Casa de Fragrâncias Bella Vita S/A,Farmácia,Porto Alegre,RS,Bela Vista,2023-06-08,S
286,30.187.186/3759-98,Comercial Charme LTDA ME,Salão de beleza,Porto Alegre,RS,Ipanema,2024-05-10,N
287,54781376742662,Espaco Beleza Nobre LTDA,Quiosque,Salvador,BA,Pinheiros,2025-07-08,S
288,46287923264870,LOJA AROMAS DO SUL LTDA ME,E-commerce,Recife,PE,Centro,2022-12-23,S
289,71462730147195,Essência Serena LTDA ME,Loja de departamento,Porto Alegre,RS,Savassi,2021-05-30,S
290,90.429.025/7252-04,Perfumaria Encanto EIRELI,Salão de beleza,Manaus,AM,Moema,24/08/2022,S
291,21.928.554/4518-95,CASA DE FRAGRÂNCIAS ROSA DOS VENTOS LTDA ME,E-commerce,Campinas,SP,Boa Viagem,2026-02-13,S
292,83.389.888/1671-12,Bella Class ME,E-commerce,Belo Horizonte,MG,Bela Vista,2024-07-28,S
293,24013223423216,Perfumaria Elegance LTDA,Loja de departamento,Salvador,BA,Bela Vista,2026-01-09,S
294, 14014011939325 ,CASA DE FRAGRÂNCIAS PRIME S/A,Salão de beleza,Fortaleza,CE,Barra,2025-06-12,S
295, 19083342801387 ,Loja Flor de Liz ME,Loja de shopping,Rio de Janeiro,RJ,Pinheiros,2022-08-13,S
296,36151718275480,Comercial Encanto LTDA ME,Farmácia,Brasília,DF,Setor Bueno,2024-03-17,S
297,38.646.317/5207-16,FARMÁCIA CHARME LTDA ME,Farmácia,Fortaleza,CE,Savassi,19/03/2022,S
298, 15353961367499 ,Casa de Fragrâncias Rosa dos Ventos S/A,Loja de departamento,Belo Horizonte,MG,Pituba,2023-02-20,S
299,71.147.732/0101-70,Drogaria Encanto S/A,Salão de beleza,Belo Horizonte,MG,Moema,2023-09-01,S
300,77347784858800,Comercial Lumiar EIRELI,Farmácia,Brasília,DF,Aldeota,04/04/2022,S
301,28.427.624/6719-78,Espaço Beleza Prime S/A,Quiosque,São Paulo,SP,Asa Sul,2021-08-24,S
302,95450090255905,Comercial Class LTDA,Salão de beleza,Recife,PE,Barra,20/08/2025,S
303,91.141.520/8507-69,Perfumaria Rosa dos Ventos S/A,E-commerce,Porto Alegre,RS,Cambuí,2021-10-13,S
304, 59171357852945 ,Espaço Beleza Elegance EIRELI,Farmácia,Recife,PE,Setor Bueno,13/06/2026,S
305,39191954198763,Espaço Beleza Encanto LTDA ME,E-commerce,Recife,PE,Cambuí,2022-09-21,S
306,49.878.208/2973-74,Studio Serena LTDA,Loja de departamento,Recife,PE,Ipanema,2021-09-06,S
307,24.665.136/4424-93,Perfumaria Vitória EIRELI,Revendedora autônoma,Curitiba,PR,Higienópolis,2025-02-01,S
308,03242044820700,Farmácia Íris EIRELI,E-commerce,Recife,PE,Moema,2024-03-14,S
309, 23198189847139 ,Casa de Fragrâncias Nova Era LTDA ME,Salão de beleza,Manaus,AM,Barra,2023-12-26,S
310, 21234764907851 ,AROMA VITÓRIA EIRELI,Quiosque,Curitiba,PR,Batel,2022-11-23,S
311,54090034864518,Perfumaria Diva EIRELI,Loja de departamento,Manaus,AM,Barra,2023-05-06,S
312,75604177656124,Loja Aurora LTDA,Salão de beleza,Belo Horizonte,MG,Boa Viagem,2025-11-05,S
313, 20634591123829 ,Loja Rosa dos Ventos ME,Salão de beleza,Campinas,SP,Cambuí,2022-05-15,S
314,16.526.693/0089-31,Comercial Requinte LTDA ME,Perfumaria,Curitiba,PR,Batel,2025-02-20,S
315,29.108.677/1333-44,Boutique Requinte ME,Loja de departamento,Salvador,BA,Setor Bueno,2021-11-24,S
316,62.620.443/9735-97,Bella Diva ME,Salão de beleza,Curitiba,PR,Vila Madalena,2025-01-15,S
317,11800537599004,Comercial Class ME,E-commerce,Porto Alegre,RS,Higienópolis,2021-11-03,N
318,42.875.721/5862-41,Essência Class LTDA ME,Quiosque,Belo Horizonte,MG,Asa Sul,2025-01-09,S
319, 85625728703203 ,Bella Lumiar LTDA ME,Loja de shopping,Porto Alegre,RS,Pituba,25/05/2025,N
320,87.771.215/1342-28,Studio Aurora S/A,Revendedora autônoma,Salvador,BA,Boa Viagem,2023-02-21,S
321, 37150416591520 ,Loja Serena EIRELI,Quiosque,Rio de Janeiro,RJ,Centro,19/03/2024,S
322,97592304501896,Boutique Diva LTDA,Loja de shopping,São Paulo,SP,Meireles,2024-02-25,S
323,42147649251583,LOJA DOURADA S/A,Loja de departamento,Recife,PE,Moema,2021-12-04,S
324,92661085732788,Farmácia Rosa dos Ventos EIRELI,Loja de departamento,Salvador,BA,Batel,2024-03-14,S
325,38.649.081/0818-66,Casa de Fragrâncias Dourada S/A,E-commerce,Porto Alegre,RS,Bela Vista,2024-02-21,N
326,72260164597794,Boutique Prime LTDA,Loja de shopping,Manaus,AM,Asa Sul,2022-10-03,S
327, 68006102776974 ,Essência Essenza ME,Loja de departamento,Rio de Janeiro,RJ,Meireles,2022-08-25,S
328,30372368314727,BELLA LUMIAR LTDA ME,Loja de shopping,São Paulo,SP,Aldeota,2025-02-18,S
329,49.605.016/6799-84,Espaço Beleza Nova Era S/A,Quiosque,Curitiba,PR,Pituba,2024-06-18,S
330,80695814671795,Drogaria Encanto ME,Perfumaria,São Paulo,SP,Aldeota,26/02/2022,S
331,95.972.466/5729-34,Drogaria Elegance ME,Loja de shopping,Curitiba,PR,Savassi,2024-03-09,S
332,43380054522801,Farmácia Aromas do Sul ME,Revendedora autônoma,Fortaleza,CE,Cambuí,2022-10-11,S
333,84.289.107/7119-91,Aroma Flor de Liz ME,Loja de shopping,São Paulo,SP,Boa Viagem,17/12/2024,S
334,78.712.552/1376-03,Farmácia Dourada EIRELI,Loja de shopping,Manaus,AM,Vila Madalena,05/01/2022,S
335,32863266678507,Farmácia Nobre EIRELI,Farmácia,Campinas,SP,Boa Viagem,2023-11-08,S
336,02908466845504,BELLA DIVA LTDA ME,Loja de shopping,Recife,PE,Higienópolis,2021-09-17,S
337, 75634108562884 ,Espaco Beleza Nobre ME,E-commerce,Goiânia,GO,Higienópolis,2026-03-20,S
338,46810548510174,Casa de Fragrâncias Vitória S/A,Quiosque,Curitiba,PR,Higienópolis,2021-06-17,S
339,54492683158935,Farmácia Essenza LTDA,Loja de departamento,Curitiba,PR,Batel,2025-11-10,S
340,15869886497677,Espaço Beleza Charme LTDA ME,Loja de shopping,Fortaleza,CE,Batel,2022-05-02,S
341,81377028519611,Espaço Beleza Charme LTDA,Perfumaria,Brasília,DF,Ipanema,2022-08-07,S
342,02296044327018,Loja Nova Era EIRELI,Loja de departamento,Fortaleza,CE,Cambuí,2024-10-16,S
343,92.287.772/5199-66,Espaço Beleza Bella Vita LTDA ME,Salão de beleza,Fortaleza,CE,Moema,2023-05-14,S
344,09.481.813/9890-98,Farmácia Aromas do Sul ME,Perfumaria,Manaus,AM,Asa Sul,2023-08-11,S
345,97189569070562,Comercial Dourada LTDA,Salão de beleza,Curitiba,PR,Savassi,2026-02-23,S
346,22.412.462/0952-00,Drogaria Íris EIRELI,Salão de beleza,Porto Alegre,RS,Savassi,2022-12-31,N
347,99378861405786,Aroma Vitória LTDA,Loja de departamento,Curitiba,PR,Savassi,2024-04-20,S
348,24967183258238,Perfumaria Aurora LTDA ME,Quiosque,Brasília,DF,Setor Bueno,2022-04-18,S
349,00.749.465/3984-02,Farmácia Diva LTDA,E-commerce,Belo Horizonte,MG,Higienópolis,2021-09-04,S
350,39855474355379,STUDIO ROSA DOS VENTOS LTDA,Perfumaria,Recife,PE,Boa Viagem,2025-01-15,S
351,76811807156956,Farmácia Lumiar EIRELI,Perfumaria,Manaus,AM,Aldeota,2023-09-05,N
352,04.531.943/3750-47,Farmácia Dourada S/A,Loja de departamento,Manaus,AM,Boa Viagem,2026-06-16,S
353,99921921249384,Bella Aromas do Sul S/A,Perfumaria,Campinas,SP,Higienópolis,2023-08-06,S
354,60.566.418/7758-03,Espaço Beleza Lumiar EIRELI,Loja de departamento,São Paulo,SP,Meireles,2024-05-28,S
355,03.613.325/4110-76,Essência Vitória LTDA,Salão de beleza,Goiânia,GO,Cambuí,2024-07-14,S
356,83199717911006,Drogaria Bella Vita LTDA ME,Farmácia,Salvador,BA,Vila Madalena,2022-11-30,N
357,08046619639907,Studio Requinte LTDA,Loja de departamento,Campinas,SP,Centro,2022-07-08,S
358,93.110.919/3928-45,DROGARIA VITÓRIA ME,Quiosque,Salvador,BA,Jardins,2022-04-23,S
359,68.549.822/7495-45,PERFUMARIA VITÓRIA S/A,Loja de shopping,Goiânia,GO,Higienópolis,2024-08-16,S
360,53331537795995,Farmácia Lumiar LTDA,Loja de shopping,Recife,PE,Centro,2022-12-28,S
361,37.933.756/3620-50,Drogaria Encanto LTDA ME,Farmácia,Manaus,AM,Ipanema,2024-04-03,N
362,33423425832302,Aroma Charme LTDA ME,Perfumaria,São Paulo,SP,Savassi,2023-03-15,S
363,47355289611223,Casa de Fragrâncias Requinte LTDA ME,Salão de beleza,Curitiba,PR,Barra,06/08/2023,S
364,93.842.530/4289-73,Drogaria Sublime LTDA ME,Farmácia,Goiânia,GO,Bela Vista,2024-03-19,S
365,72558777496903,Boutique Diva ME,Quiosque,Brasília,DF,Pinheiros,2023-06-10,S
366,48.121.478/5390-78,Comercial Íris EIRELI,Quiosque,Salvador,BA,Cambuí,2022-10-14,S
367,27.341.514/8881-43,Espaço Beleza Elegance EIRELI,Perfumaria,São Paulo,SP,Cambuí,2025-09-04,S
368,43928404456690,Comercial Vitória ME,Loja de shopping,Manaus,AM,Meireles,2022-01-09,S
369,98775153663778,Essência Aurora LTDA ME,Loja de shopping,Brasília,DF,Ipanema,2024-07-02,S
370, 66845909022599 ,Boutique Diva LTDA,Loja de departamento,Recife,PE,Meireles,14/06/2021,S
371,97412182097023,Essencia Elegance ME,Loja de departamento,Salvador,BA,Bela Vista,2024-04-12,N
372,58.025.662/1286-71,Drogaria Elegance EIRELI,Revendedora autônoma,São Paulo,SP,Pituba,2022-06-28,S
373,49.387.430/2716-93,LOJA LUMIAR S/A,Quiosque,Goiânia,GO,Moema,2021-09-21,S
374,54.692.632/9676-29,Boutique Prime EIRELI,Perfumaria,Fortaleza,CE,Higienópolis,19/02/2024,S
375,37.681.511/8567-24,Perfumaria Essenza LTDA ME,Quiosque,Rio de Janeiro,RJ,Pinheiros,2023-07-05,S
376,00.412.577/7118-37,Drogaria Prime LTDA,E-commerce,Recife,PE,Boa Viagem,2023-11-19,S
377,62104275230837,Comercial Encanto LTDA ME,Farmácia,Brasília,DF,Centro,2024-05-27,N
378,33533106005313,Bella Prime LTDA,Loja de shopping,Recife,PE,Savassi,17/02/2024,S
379,83.938.661/3315-52,Perfumaria Diva ME,Salão de beleza,Salvador,BA,Moema,2024-08-02,S
380,95.013.649/7189-24,Aroma Charme EIRELI,Loja de departamento,Porto Alegre,RS,Cambuí,2024-02-20,S
381,71509976838903,Essência Vitória LTDA ME,Farmácia,Campinas,SP,Moema,2024-07-20,N
382,74326303975245,Aroma Encanto LTDA,Loja de departamento,Salvador,BA,Cambuí,12/06/2024,S
383, 80339685270171 ,Drogaria Essenza ME,Revendedora autônoma,Curitiba,PR,Meireles,23/01/2025,S
384,67423362934497,Farmácia Class LTDA ME,Quiosque,Rio de Janeiro,RJ,Pituba,2023-07-17,S
385,96270661498282,Loja Encanto LTDA ME,E-commerce,Brasília,DF,Pituba,2023-03-25,N
386,73230085766656,Comercial Bella Vita LTDA,Farmácia,Belo Horizonte,MG,Boa Viagem,2021-12-04,S
387, 45875066337050 ,Aroma Charme EIRELI,Quiosque,Recife,PE,Boa Viagem,2023-11-04,N
388,66.918.362/6448-86,Bella Essenza LTDA,Loja de departamento,Rio de Janeiro,RJ,Ipanema,2021-05-20,S
389,36402701168646,Boutique Rosa dos Ventos ME,Loja de shopping,Porto Alegre,RS,Savassi,2025-03-10,S
390,23023467912141,Perfumaria Nova Era ME,Salão de beleza,Curitiba,PR,Savassi,2024-11-05,N
391,09.013.806/9847-75,Casa de Fragrâncias Vitória EIRELI,Salão de beleza,Porto Alegre,RS,Pinheiros,2022-04-06,S
392,51.076.209/1843-57,Perfumaria Serena EIRELI,Revendedora autônoma,Salvador,BA,Ipanema,2022-01-02,S
393,57.397.691/5671-64,Drogaria Rosa dos Ventos LTDA,Perfumaria,Manaus,AM,Higienópolis,2023-07-30,S
394,27.178.333/2116-02,Boutique Dourada LTDA ME,E-commerce,Fortaleza,CE,Savassi,2022-11-03,S
395,71539915668633,Farmácia Nobre S/A,Farmácia,Brasília,DF,Savassi,2024-11-29,S
396,56904098366552,Farmácia Diva LTDA,Revendedora autônoma,Belo Horizonte,MG,Aldeota,2021-10-03,S
397,37729420954814,Loja Encanto LTDA ME,Revendedora autônoma,Porto Alegre,RS,Cambuí,2021-06-14,S
398,33.027.642/0865-67,Farmacia Sublime EIRELI,Loja de departamento,Manaus,AM,Meireles,2022-09-19,S
399,61259047292774,Casa de Fragrâncias Nova Era LTDA,Perfumaria,Brasília,DF,Batel,2025-03-20,S
400,20.157.201/8596-26,Loja Encanto S/A,Loja de departamento,Recife,PE,Pinheiros,2025-05-05,S
401,17647501111783,Essência Flor de Liz S/A,Quiosque,Campinas,SP,Pituba,2024-07-16,S
402,64921518260688,Boutique Flor de Liz ME,Farmácia,Manaus,AM,Boa Viagem,2021-09-12,N
403,51029321840118,Comercial Aurora ME,Loja de shopping,Fortaleza,CE,Bela Vista,2022-12-30,S
404,87297585988310,Boutique Charme S/A,E-commerce,Porto Alegre,RS,Ipanema,2025-01-24,S
405, 96184462671462 ,Aroma Serena ME,E-commerce,Manaus,AM,Bela Vista,2026-06-07,S
406,25.660.931/4181-86,Casa de Fragrâncias Nobre EIRELI,Farmácia,Recife,PE,Barra,2024-04-19,S
407,63.611.284/9718-59,Perfumaria Prime EIRELI,Farmácia,Rio de Janeiro,RJ,Pinheiros,2023-02-02,S
408,88.967.924/0822-26,Bella Serena EIRELI,Perfumaria,Manaus,AM,Barra,2021-06-27,S
409,72757844683414,Aroma Essenza LTDA,Farmácia,Recife,PE,Moema,2022-05-23,S
410,14870682778816,Bella Íris S/A,Perfumaria,São Paulo,SP,Barra,2024-08-04,S
411,89097283215285,Drogaria Class LTDA,Loja de departamento,Campinas,SP,Barra,2024-05-20,S
412,44744309634807,Casa de Fragrâncias Encanto EIRELI,Quiosque,Rio de Janeiro,RJ,Ipanema,2024-09-07,S
413, 65016731882617 ,Loja Diva EIRELI,Revendedora autônoma,Belo Horizonte,MG,Vila Madalena,2025-05-15,S
414,41772256053134,Perfumaria Prime ME,Salão de beleza,Brasília,DF,Asa Sul,2025-11-06,S
415,87256862110225,Aroma Nobre LTDA ME,Perfumaria,Fortaleza,CE,Centro,2025-05-01,S
416,47163928234143,Boutique Nova Era ME,Loja de shopping,Porto Alegre,RS,Batel,2024-12-15,S
417,32.609.310/6684-33,Espaco Beleza Iris LTDA,Perfumaria,Porto Alegre,RS,Asa Sul,2022-10-14,S
418,63502000534749,Loja Class EIRELI,E-commerce,Salvador,BA,Savassi,2024-02-08,S
419,82555989534396,Aroma Requinte LTDA,Loja de shopping,Campinas,SP,Meireles,2024-03-07,S
420,11.895.473/8202-36,Casa de Fragrâncias Lumiar LTDA,Salão de beleza,Fortaleza,CE,Moema,2021-08-01,S
421,80294240903678,Loja Sublime LTDA ME,Loja de shopping,Brasília,DF,Pinheiros,2021-10-16,S
422,32029390878844,ESPAÇO BELEZA FLOR DE LIZ ME,E-commerce,Porto Alegre,RS,Higienópolis,2023-06-08,S
423,24.240.338/1059-55,Bella Charme LTDA ME,E-commerce,São Paulo,SP,Setor Bueno,2024-03-15,S
424,05342408916498,Casa de Fragrâncias Dourada ME,Revendedora autônoma,São Paulo,SP,Pinheiros,2023-07-07,S
425,65271727223972,Comercial Requinte ME,Loja de shopping,Curitiba,PR,Moema,2025-02-14,S
426,61.820.916/6010-02,Drogaria Serena S/A,E-commerce,Fortaleza,CE,Centro,2023-04-12,S
427,85.132.797/2457-23,Aroma Aromas do Sul LTDA,E-commerce,Rio de Janeiro,RJ,Jardins,2024-05-10,S
428,18620303662543,Loja Prime LTDA,Farmácia,Porto Alegre,RS,Setor Bueno,2022-07-07,S
429,51.510.922/6859-26,Studio Encanto EIRELI,E-commerce,Goiânia,GO,Asa Sul,2023-10-30,S
430,54102252677119,Drogaria Essenza EIRELI,E-commerce,Campinas,SP,Boa Viagem,10/04/2022,S
431,57676952366878,COMERCIAL ESSENZA S/A,Revendedora autônoma,Salvador,BA,Bela Vista,2021-09-04,S
432,31.350.305/8721-05,Essencia Lumiar ME,Loja de shopping,Manaus,AM,Higienópolis,2022-08-24,S
433,33302126065019,Perfumaria Charme EIRELI,Loja de shopping,Recife,PE,Barra,2024-04-03,N
434,62272847657041,Studio Prime S/A,Perfumaria,Goiânia,GO,Pinheiros,2026-06-20,S
435,78498436241862,Boutique Diva ME,Perfumaria,Campinas,SP,Higienópolis,2023-06-26,S
436,77566205634111,PERFUMARIA VITÓRIA EIRELI,Salão de beleza,Rio de Janeiro,RJ,Savassi,2022-08-21,N
437,04383034199097,Perfumaria Class EIRELI,E-commerce,Goiânia,GO,Bela Vista,2024-12-05,S
438,52156818209679,Aroma Lumiar LTDA,Loja de shopping,Recife,PE,Moema,2024-06-17,S
439,32288985725459,Boutique Requinte S/A,Revendedora autônoma,Curitiba,PR,Batel,2025-10-02,S
440, 10248171752421 ,Farmacia Essenza ME,Salão de beleza,Fortaleza,CE,Aldeota,06/02/2023,S
441,47.219.705/4669-27,Casa de Fragrâncias Essenza LTDA ME,Salão de beleza,Fortaleza,CE,Asa Sul,2022-08-12,S
442,09038021462961,Aroma Essenza EIRELI,Quiosque,Campinas,SP,Higienópolis,2023-06-03,S
443, 11216636515597 ,Farmácia Dourada LTDA ME,Quiosque,Fortaleza,CE,Batel,24/06/2023,S
444,35909605673030,Farmácia Charme LTDA,Loja de shopping,Belo Horizonte,MG,Moema,2022-04-19,S
445,76834201654235,Bella Íris EIRELI,Loja de shopping,Manaus,AM,Pinheiros,2022-04-27,S
446,93199255027275,Essência Sublime LTDA,Loja de departamento,Brasília,DF,Batel,2024-01-13,S
447,91.033.682/9635-33,Casa de Fragrâncias Aurora EIRELI,Salão de beleza,Campinas,SP,Bela Vista,2021-06-08,S
448,77665586851276,Espaço Beleza Íris LTDA ME,Loja de shopping,Rio de Janeiro,RJ,Vila Madalena,03/05/2026,S
449, 91111096179817 ,Aroma Encanto LTDA ME,Perfumaria,Manaus,AM,Aldeota,2021-11-06,S
450,37157660538444,Aroma Vitória LTDA,Loja de departamento,Rio de Janeiro,RJ,Vila Madalena,2022-12-12,N
451,25.895.529/6386-39,Drogaria Serena LTDA ME,Loja de departamento,São Paulo,SP,Boa Viagem,2022-06-19,S
452,82.631.281/9648-25,Perfumaria Serena S/A,Loja de departamento,Salvador,BA,Higienópolis,2024-09-27,S
453,96027523343836,Farmácia Charme LTDA,E-commerce,Rio de Janeiro,RJ,Savassi,2023-03-18,S
454,11244211753617,Aroma Essenza ME,Quiosque,Goiânia,GO,Pinheiros,2024-07-19,S
455,72.240.299/0155-79,Farmácia Elegance S/A,E-commerce,Campinas,SP,Centro,2026-02-17,S
456,35.130.523/1244-73,Loja Rosa dos Ventos LTDA ME,E-commerce,Belo Horizonte,MG,Pinheiros,2024-02-26,S
457,23461994237676,Studio Diva LTDA ME,Farmácia,Porto Alegre,RS,Ipanema,2023-02-23,S
458,17.208.496/4985-60,Drogaria Class ME,Loja de departamento,Campinas,SP,Ipanema,2025-07-28,S
459,10.505.379/5381-64,Espaço Beleza Dourada S/A,Farmácia,Salvador,BA,Moema,2023-06-25,S
460,66553307704611,Boutique Nova Era LTDA,Loja de departamento,Campinas,SP,Centro,2025-08-01,S
461,26088050171644,Farmacia Aromas do Sul EIRELI,Loja de departamento,Porto Alegre,RS,Jardins,2022-11-22,S
462,77.159.103/0021-56,Espaço Beleza Aurora LTDA,Salão de beleza,Manaus,AM,Jardins,2025-03-15,S
463,14.596.422/9712-52,Aroma Lumiar LTDA,Loja de departamento,Porto Alegre,RS,Barra,2021-05-24,S
464,74573144158331,Boutique Aurora ME,Perfumaria,Campinas,SP,Pinheiros,2024-04-01,S
465,53988547281235,COMERCIAL ELEGANCE LTDA,Revendedora autônoma,Rio de Janeiro,RJ,Boa Viagem,2022-07-05,S
466,12.711.307/2407-87,Casa de Fragrancias Iris ME,Farmácia,Goiânia,GO,Bela Vista,2022-09-12,S
467,07451066343629,Espaço Beleza Íris LTDA,Quiosque,Salvador,BA,Barra,2023-02-14,S
468, 10094318143966 ,Boutique Prime ME,Quiosque,Curitiba,PR,Setor Bueno,2025-06-02,S
469,01289743251225,Comercial Nobre LTDA,Quiosque,Porto Alegre,RS,Asa Sul,2024-09-14,S
470,09579073710094,Drogaria Flor de Liz LTDA,Loja de shopping,Belo Horizonte,MG,Cambuí,2023-05-23,S
471,58474570545897,Drogaria Íris ME,Perfumaria,Manaus,AM,Batel,2024-01-15,S
472,39.653.136/1487-82,Casa de Fragrâncias Diva S/A,Salão de beleza,São Paulo,SP,Asa Sul,2023-03-08,S
473,98591679541072,Studio Aromas do Sul ME,E-commerce,São Paulo,SP,Setor Bueno,2022-01-20,N
474, 07034910740650 ,Essência Sublime S/A,Salão de beleza,Porto Alegre,RS,Moema,22/05/2024,S
475,36914307536661,Drogaria Nova Era LTDA ME,E-commerce,Belo Horizonte,MG,Cambuí,2023-03-16,S
476,34268344149782,Farmácia Charme S/A,Loja de departamento,Belo Horizonte,MG,Cambuí,2022-07-25,S
477,57567667080612,Drogaria Requinte S/A,Salão de beleza,Campinas,SP,Setor Bueno,2022-12-22,N
478,26078701041591,Perfumaria Flor de Liz S/A,Salão de beleza,Recife,PE,Jardins,2023-01-15,S
479,28723244079311,Boutique Elegance LTDA,Farmácia,Brasília,DF,Bela Vista,2025-01-02,S
480,14672384979162,Espaço Beleza Aromas do Sul ME,Loja de shopping,São Paulo,SP,Setor Bueno,2025-05-05,S
481,97546617662047,Studio Encanto LTDA,Perfumaria,Rio de Janeiro,RJ,Aldeota,2023-12-30,N
482,27.740.258/8358-68,Aroma Nova Era EIRELI,Salão de beleza,Salvador,BA,Batel,2025-02-03,S
483,46176792988425,Farmácia Bella Vita LTDA,Loja de departamento,Campinas,SP,Boa Viagem,2021-05-31,S
484,17.753.312/6610-94,Casa de Fragrâncias Requinte LTDA,Quiosque,Campinas,SP,Cambuí,2024-11-14,S
485,62983347743326,Farmácia Nova Era LTDA,Revendedora autônoma,Fortaleza,CE,Savassi,2021-09-15,S
486,05.698.152/8733-97,Farmácia Lumiar LTDA ME,Loja de shopping,Belo Horizonte,MG,Moema,11/11/2021,S
487,84.117.309/8503-44,Drogaria Encanto LTDA,Farmácia,Belo Horizonte,MG,Barra,2022-06-25,S
488,84.690.819/7400-56,Boutique Aromas do Sul EIRELI,Loja de shopping,Goiânia,GO,Jardins,31/10/2024,S
489,99051699187240,Aroma Class LTDA ME,Revendedora autônoma,Rio de Janeiro,RJ,Barra,2026-02-02,N
490,03896087066266,Studio Class EIRELI,Farmácia,São Paulo,SP,Vila Madalena,2025-11-23,S
491,31903689003010,PERFUMARIA NOBRE EIRELI,E-commerce,Curitiba,PR,Barra,2023-12-17,S
492,96711148375374,Aroma Vitória S/A,E-commerce,Belo Horizonte,MG,Cambuí,2022-08-12,S
493,10569741328348,BOUTIQUE LUMIAR LTDA ME,Perfumaria,Brasília,DF,Centro,2025-01-24,S
494,44.964.104/9670-66,Drogaria Iris S/A,Loja de departamento,São Paulo,SP,Setor Bueno,30/03/2025,N
495,09549305966018,ESPAÇO BELEZA LUMIAR LTDA ME,E-commerce,Salvador,BA,Bela Vista,2022-06-30,S
496,73204413845960,Aroma Requinte LTDA,E-commerce,Recife,PE,Cambuí,2023-02-18,S
497, 77070705783609 ,FARMÁCIA LUMIAR ME,Salão de beleza,Belo Horizonte,MG,Asa Sul,23/03/2024,S
498,23229031028795,Perfumaria Dourada EIRELI,Revendedora autônoma,Fortaleza,CE,Ipanema,2024-06-08,S
499,93.511.871/8133-59,FARMÁCIA SERENA LTDA ME,Loja de departamento,São Paulo,SP,Batel,2022-08-03,N
500,55657490250429,Espaço Beleza Sublime S/A,Salão de beleza,Goiânia,GO,Meireles,2025-04-05,S
501,02611398986818,Casa de Fragrâncias Dourada ME,Quiosque,Goiânia,GO,Setor Bueno,2024-05-19,S
502,35375137651588,Studio Vitória LTDA ME,Quiosque,Salvador,BA,Barra,2024-03-29,S
503,83692944551166,Aroma Elegance ME,Quiosque,Belo Horizonte,MG,Centro,2021-11-02,S
504,48712060212886,Bella Aromas do Sul ME,Loja de departamento,Recife,PE,Savassi,2022-04-21,S
505,99.910.157/6764-72,Drogaria Aurora S/A,Farmácia,Salvador,BA,Aldeota,2023-08-23,S
506,28.941.347/5098-89,Essência Nobre LTDA ME,Loja de departamento,Fortaleza,CE,Boa Viagem,2021-10-27,S
507,36.849.951/5421-44,Essência Dourada S/A,Loja de shopping,São Paulo,SP,Barra,2021-12-10,S
508,13.882.090/8830-70,Bella Lumiar S/A,Loja de departamento,Belo Horizonte,MG,Aldeota,2026-04-08,S
509,17674124151315,Loja Serena S/A,E-commerce,Rio de Janeiro,RJ,Moema,17/10/2023,S
510,06.185.380/0329-63,Loja Prime LTDA ME,Loja de shopping,Salvador,BA,Meireles,2023-07-29,S
511,83061789320649,Aroma Class LTDA ME,Revendedora autônoma,Rio de Janeiro,RJ,Boa Viagem,2022-07-16,S
512,47769587413146,Farmácia Prime LTDA ME,Loja de departamento,Curitiba,PR,Savassi,2022-03-01,S
513,27796304483608,COMERCIAL DIVA LTDA ME,Salão de beleza,Recife,PE,Asa Sul,2022-11-10,S
514,73.504.763/9283-19,Bella Aurora LTDA ME,Perfumaria,Porto Alegre,RS,Cambuí,2026-03-07,S
515,10835832863425,Perfumaria Bella Vita LTDA,Revendedora autônoma,Brasília,DF,Bela Vista,2022-10-24,S
516,70244033041662,Farmácia Sublime LTDA ME,Farmácia,Recife,PE,Higienópolis,2023-02-27,S
517,19639456804473,Comercial Encanto LTDA ME,Quiosque,Belo Horizonte,MG,Vila Madalena,2024-02-10,S
518,48836076581739,Loja Class LTDA ME,Revendedora autônoma,Fortaleza,CE,Setor Bueno,2024-07-13,S
519,11823793126978,Loja Dourada LTDA ME,Perfumaria,Campinas,SP,Cambuí,2021-06-29,S
520,59960438787535,Farmácia Íris LTDA,Farmácia,São Paulo,SP,Centro,2022-01-31,S
521,12.371.067/2872-86,Essência Dourada S/A,Loja de departamento,Manaus,AM,Ipanema,2024-12-30,S
522,24839589477352,Perfumaria Nobre LTDA ME,Quiosque,Belo Horizonte,MG,Pituba,2023-10-01,N
523,43.318.751/0979-21,Casa de Fragrâncias Serena LTDA,Revendedora autônoma,São Paulo,SP,Asa Sul,2022-09-15,S
524,94596488319213,Drogaria Sublime S/A,Farmácia,Recife,PE,Pinheiros,2026-04-01,S
525,94973203319222,Farmácia Bella Vita ME,Salão de beleza,Goiânia,GO,Aldeota,02/01/2022,S
526,54.813.866/6754-85,Drogaria Serena EIRELI,Revendedora autônoma,Fortaleza,CE,Vila Madalena,2026-05-13,S
527,41865205756398,Bella Aurora ME,Loja de shopping,Fortaleza,CE,Bela Vista,2023-08-07,S
528,45.154.809/4047-60,Studio Aurora LTDA ME,Perfumaria,Goiânia,GO,Aldeota,2023-04-02,S
529,81050922216107,Boutique Serena S/A,E-commerce,Fortaleza,CE,Cambuí,2024-04-27,S
530,29580660138241,Studio Elegance S/A,E-commerce,Salvador,BA,Centro,2023-09-14,S
531,51.579.197/1112-12,Drogaria Aurora ME,Perfumaria,Brasília,DF,Aldeota,2022-11-21,S
532,34.324.064/2429-56,Boutique Prime EIRELI,E-commerce,Manaus,AM,Aldeota,2023-05-28,S
533,59.558.720/9628-93,Boutique Nobre S/A,E-commerce,Fortaleza,CE,Asa Sul,28/03/2022,S
534,43.740.182/7279-55,Casa de Fragrâncias Flor de Liz EIRELI,Perfumaria,Curitiba,PR,Centro,2021-07-05,S
535,55.125.427/8207-97,LOJA VITÓRIA EIRELI,Loja de departamento,Fortaleza,CE,Cambuí,10/06/2021,S
536,40.381.664/9690-28,Studio Charme ME,Revendedora autônoma,Recife,PE,Jardins,2023-09-27,S
537,25762702324412,Farmácia Vitória ME,Loja de departamento,Porto Alegre,RS,Ipanema,2023-05-07,N
538,51786376731625,Essência Íris S/A,Salão de beleza,Belo Horizonte,MG,Moema,2023-12-03,S
539,90.392.355/5809-96,Loja Elegance LTDA,Loja de shopping,Campinas,SP,Vila Madalena,2024-03-27,S
540,26244670462268,Casa de Fragrâncias Flor de Liz LTDA ME,Farmácia,Recife,PE,Centro,2024-01-28,S
541,98.670.766/0464-19,Bella Nobre S/A,Quiosque,Belo Horizonte,MG,Savassi,2022-02-22,S
542,86120594389760,Loja Lumiar EIRELI,Farmácia,Recife,PE,Ipanema,2022-01-24,S
543,40842456075409,Espaço Beleza Diva ME,Perfumaria,Salvador,BA,Higienópolis,2024-01-17,S
544,27645793897015,Comercial Sublime LTDA,Farmácia,Manaus,AM,Setor Bueno,2026-05-17,S
545,24.161.394/4988-30,Comercial Dourada ME,Revendedora autônoma,São Paulo,SP,Jardins,2022-07-28,S
546,44.063.062/4479-51,Farmácia Requinte EIRELI,Revendedora autônoma,Belo Horizonte,MG,Aldeota,2025-07-30,S
547,95867805555727,Essência Diva LTDA,Loja de departamento,Campinas,SP,Moema,2025-02-22,S
548,51385445770299,Comercial Aurora EIRELI,Loja de departamento,Brasília,DF,Pituba,2023-09-26,S
549,82691163319422,Boutique Iris S/A,Salão de beleza,Recife,PE,Ipanema,2022-06-03,S
550,58886367747226,Aroma Prime LTDA,Quiosque,Campinas,SP,Vila Madalena,2025-08-09,S
551,30.932.998/1996-05,Aroma Essenza EIRELI,Quiosque,Recife,PE,Pinheiros,2026-06-03,S
552,27.532.735/2410-39,BOUTIQUE PRIME LTDA ME,Quiosque,Curitiba,PR,Savassi,2022-01-31,S
553,23.710.068/7616-48,Loja Rosa dos Ventos LTDA,Perfumaria,Salvador,BA,Pinheiros,2023-12-29,S
554,05.687.611/2491-25,Boutique Rosa dos Ventos ME,Loja de shopping,Manaus,AM,Cambuí,2022-05-10,S
555,77345475749490,Boutique Class S/A,Perfumaria,Rio de Janeiro,RJ,Setor Bueno,2025-06-23,S
556,29477422294643,Drogaria Nova Era LTDA,E-commerce,Manaus,AM,Bela Vista,2024-07-06,S
557,67925298585672,COMERCIAL AURORA LTDA,Quiosque,Brasília,DF,Setor Bueno,2021-09-22,S
558,49.135.779/0833-50,Espaço Beleza Essenza EIRELI,Salão de beleza,Belo Horizonte,MG,Higienópolis,2022-06-08,S
559,10798334233720,Bella Elegance LTDA,Farmácia,Brasília,DF,Batel,2023-03-07,S
560,33399771805137,Boutique Flor de Liz S/A,Quiosque,São Paulo,SP,Pituba,2024-01-07,S
561,96.173.997/0469-47,Espaco Beleza Encanto EIRELI,Quiosque,São Paulo,SP,Higienópolis,2023-09-06,S
562,88.471.270/5877-22,Farmacia Lumiar EIRELI,E-commerce,Porto Alegre,RS,Higienópolis,20/04/2024,S
563, 13348458714939 ,Comercial Prime ME,Revendedora autônoma,Curitiba,PR,Boa Viagem,2023-10-21,S
564,79643474524555,Comercial Aurora LTDA ME,Loja de departamento,Brasília,DF,Vila Madalena,2022-02-23,S
565,74033445056658,Studio Sublime LTDA ME,Revendedora autônoma,Belo Horizonte,MG,Savassi,2021-07-13,N
566,57970673499601,Espaço Beleza Class LTDA ME,E-commerce,Belo Horizonte,MG,Savassi,2024-05-10,S
567, 15622949381735 ,Espaço Beleza Sublime EIRELI,E-commerce,Manaus,AM,Batel,2021-06-17,S
568,55732573755344,COMERCIAL DIVA LTDA ME,Loja de departamento,Rio de Janeiro,RJ,Bela Vista,2026-06-20,N
569,50.960.858/7495-11,Espaço Beleza Prime S/A,Farmácia,Brasília,DF,Moema,2026-03-26,S
570,93164772512957,Perfumaria Diva S/A,Loja de departamento,Fortaleza,CE,Pinheiros,2021-09-17,N
571,56.243.958/7395-92,Essência Prime LTDA,Revendedora autônoma,Curitiba,PR,Jardins,2023-08-12,S
572,51553334264335,Comercial Aurora LTDA ME,Farmácia,Brasília,DF,Meireles,2025-11-25,S
573,76336911289812,Bella Nobre LTDA ME,Salão de beleza,Fortaleza,CE,Moema,2026-01-14,S
574,74817006661554,Boutique Essenza LTDA ME,E-commerce,Salvador,BA,Centro,21/04/2024,S
575, 50232902822700 ,Casa de Fragrancias Requinte LTDA ME,E-commerce,Porto Alegre,RS,Vila Madalena,2023-06-30,S
576,22512073465495,Perfumaria Rosa dos Ventos LTDA,Salão de beleza,Brasília,DF,Batel,2024-07-05,S
577,86982210531611,ESPAÇO BELEZA LUMIAR ME,Loja de departamento,São Paulo,SP,Centro,2022-01-01,S
578,42585917793238,Boutique Essenza LTDA,Loja de shopping,Fortaleza,CE,Setor Bueno,2023-12-11,S
579,33.424.579/8894-25,Studio Bella Vita LTDA ME,Loja de shopping,Rio de Janeiro,RJ,Meireles,2022-04-21,S
580,20326509775396,Studio Dourada S/A,Quiosque,São Paulo,SP,Asa Sul,2022-02-19,S
581,55.245.787/1584-15,FARMÁCIA VITÓRIA LTDA ME,Loja de shopping,Brasília,DF,Savassi,2022-04-12,S
582,25.476.818/2683-23,Studio Sublime S/A,Loja de shopping,Porto Alegre,RS,Higienópolis,2025-08-29,S
583,82.521.293/2896-34,Essência Diva S/A,Loja de departamento,Curitiba,PR,Pituba,2024-05-24,S
584,40148439910622,Comercial Prime LTDA ME,Revendedora autônoma,Belo Horizonte,MG,Meireles,2021-12-22,S
585,13426192372450,Aroma Requinte LTDA ME,Farmácia,Salvador,BA,Aldeota,2024-01-05,S
586,89.721.540/6417-69,Essência Vitória S/A,Quiosque,Rio de Janeiro,RJ,Ipanema,2023-09-23,S
587,76601444856451,Studio Rosa dos Ventos ME,Revendedora autônoma,Campinas,SP,Asa Sul,11/01/2026,S
588,78996986091919,Studio Requinte LTDA ME,Salão de beleza,Manaus,AM,Jardins,2025-05-03,S
589,79806603920514,Essência Class EIRELI,Quiosque,Fortaleza,CE,Barra,2022-05-11,S
590,57423885652715,Casa de Fragrâncias Encanto LTDA,Revendedora autônoma,São Paulo,SP,Moema,2022-09-12,S
591,97.263.475/5752-25,Espaço Beleza Serena S/A,E-commerce,Salvador,BA,Higienópolis,2026-04-19,S
592,91311964258562,Casa de Fragrâncias Vitória LTDA ME,Farmácia,Recife,PE,Barra,2025-06-28,S
593,40733337320430,Espaço Beleza Aromas do Sul S/A,Loja de departamento,Campinas,SP,Boa Viagem,17/12/2021,S
594,69645465535851,Espaço Beleza Nova Era ME,Revendedora autônoma,Goiânia,GO,Bela Vista,01/12/2023,S
595,51935837490797,Drogaria Aurora S/A,Farmácia,Brasília,DF,Jardins,2021-11-18,S
596,21.514.940/9762-63,Casa de Fragrâncias Vitória S/A,E-commerce,Fortaleza,CE,Bela Vista,2022-02-19,S
597,89509059119186,Studio Prime ME,Revendedora autônoma,Belo Horizonte,MG,Pituba,2023-10-07,S
598,11.696.667/2521-45,Loja Essenza ME,E-commerce,Salvador,BA,Meireles,2023-09-04,S
599,15.718.409/0805-12,Perfumaria Nobre LTDA ME,Perfumaria,Campinas,SP,Ipanema,2024-08-29,S
600,39.728.351/2959-27,Perfumaria Requinte LTDA,Quiosque,Belo Horizonte,MG,Savassi,2023-09-04,S
601,41529821739295,Loja Flor de Liz S/A,Loja de departamento,Porto Alegre,RS,Barra,2022-02-13,S
602,73605079181589,Espaço Beleza Serena ME,Loja de departamento,Curitiba,PR,Batel,2021-06-12,S
603,46666170715879,Aroma Bella Vita S/A,E-commerce,Curitiba,PR,Meireles,2022-06-28,S
604,99825080046358,Bella Sublime S/A,Loja de departamento,Porto Alegre,RS,Bela Vista,2024-05-17,S
605,03.172.351/3739-90,Bella Flor de Liz EIRELI,Revendedora autônoma,Manaus,AM,Barra,01/06/2024,S
606,26356022939469,Comercial Aurora LTDA ME,E-commerce,Salvador,BA,Pinheiros,2026-07-02,S
607,74906072311127,Bella Dourada LTDA ME,Loja de shopping,Curitiba,PR,Setor Bueno,2025-08-02,S
608,41.163.187/3280-77,Drogaria Essenza LTDA,Loja de departamento,Goiânia,GO,Ipanema,2024-10-09,S
609,79083350902542,Comercial Diva ME,Perfumaria,Belo Horizonte,MG,Bela Vista,2022-09-15,N
610,35.707.139/8482-28,ESPAÇO BELEZA AROMAS DO SUL LTDA,Loja de departamento,Belo Horizonte,MG,Boa Viagem,2024-11-06,S
611,50.213.060/9069-13,PERFUMARIA SERENA LTDA ME,Farmácia,Salvador,BA,Pinheiros,2024-06-21,S
612,67379457727853,Comercial Dourada ME,Loja de shopping,Goiânia,GO,Centro,2023-11-11,S
613,20768362536667,Loja Class EIRELI,Loja de departamento,Porto Alegre,RS,Pinheiros,2022-02-18,S
614,33339395786543,Essência Requinte LTDA ME,Quiosque,Brasília,DF,Meireles,2024-12-21,S
615,68627036924926,Drogaria Íris EIRELI,Revendedora autônoma,Belo Horizonte,MG,Batel,2021-06-12,S
616,59980111000515,Essência Essenza EIRELI,Revendedora autônoma,Fortaleza,CE,Cambuí,2025-02-02,S
617,75244182226189,Bella Dourada ME,Quiosque,Fortaleza,CE,Batel,20/03/2026,S
618,02676720957992,Aroma Nova Era EIRELI,Quiosque,Rio de Janeiro,RJ,Moema,2022-02-28,S
619,22946213541597,Drogaria Class EIRELI,Loja de departamento,Rio de Janeiro,RJ,Asa Sul,2024-07-31,S
620,75.203.447/6504-71,Studio Aurora S/A,Loja de shopping,São Paulo,SP,Pinheiros,2022-10-21,S
621,66.046.558/6652-54,Farmácia Lumiar LTDA,E-commerce,Fortaleza,CE,Cambuí,2025-06-16,S
622,02131251293110,Studio Essenza ME,Salão de beleza,Rio de Janeiro,RJ,Aldeota,2024-08-05,S
623,19.102.312/1106-33,Casa de Fragrâncias Serena S/A,Loja de departamento,Salvador,BA,Meireles,2024-05-22,S
624,92.749.072/8012-34,BELLA FLOR DE LIZ LTDA,Revendedora autônoma,Fortaleza,CE,Cambuí,2023-11-12,S
625,26.949.684/3645-38,Essência Prime LTDA,E-commerce,Curitiba,PR,Pituba,2024-08-18,S
626, 09617015959194 ,Casa de Fragrâncias Rosa dos Ventos EIRELI,Quiosque,Manaus,AM,Cambuí,2022-11-18,S
627,33920567756777,Perfumaria Charme EIRELI,Loja de departamento,Manaus,AM,Batel,2025-09-30,S
628,62.292.310/6724-53,Essência Aromas do Sul EIRELI,Loja de shopping,São Paulo,SP,Pituba,2024-07-19,S
629,66270511579423,Comercial Rosa dos Ventos LTDA,Revendedora autônoma,Fortaleza,CE,Boa Viagem,2021-10-05,S
630, 96919284552597 ,Boutique Elegance EIRELI,Loja de departamento,Porto Alegre,RS,Cambuí,2025-09-14,S
631,48.595.325/9399-33,Casa de Fragrâncias Sublime LTDA,Perfumaria,Fortaleza,CE,Batel,2021-12-06,S
632,87.794.176/3425-07,CASA DE FRAGRÂNCIAS REQUINTE LTDA ME,Salão de beleza,Rio de Janeiro,RJ,Asa Sul,04/09/2024,S
633,59.833.991/4038-84,Bella Aurora EIRELI,Loja de departamento,Fortaleza,CE,Batel,2023-04-12,S
634,61.572.768/2975-14,Essência Prime S/A,Quiosque,São Paulo,SP,Centro,2022-02-11,S
635,87.525.680/6562-59,Studio Nova Era LTDA,Salão de beleza,Salvador,BA,Jardins,2024-06-23,S
636,27.112.218/2315-55,Loja Diva S/A,Farmácia,Manaus,AM,Vila Madalena,2024-03-19,S
637,28137214330800,Boutique Vitória ME,Perfumaria,Recife,PE,Batel,2023-05-29,S
638,66.084.706/8103-90,Casa de Fragrâncias Essenza S/A,Perfumaria,Salvador,BA,Bela Vista,17/01/2026,S
639,63.280.944/8586-23,Essência Diva LTDA,Salão de beleza,Belo Horizonte,MG,Aldeota,2023-03-27,N
640,86321061339439,AROMA SERENA ME,Perfumaria,Goiânia,GO,Asa Sul,2022-12-20,S
641,40.325.376/5769-27,Aroma Vitória LTDA,E-commerce,São Paulo,SP,Centro,2021-12-23,S
642, 00404769210533 ,Farmácia Dourada LTDA ME,Salão de beleza,Goiânia,GO,Setor Bueno,2022-04-19,S
643,42.473.107/2011-37,Essência Aurora S/A,E-commerce,Rio de Janeiro,RJ,Batel,2021-06-02,S
644, 60076762090144 ,Aroma Dourada ME,Perfumaria,Recife,PE,Aldeota,2025-06-01,S
645,09687304519577,Casa de Fragrâncias Serena EIRELI,Loja de shopping,Campinas,SP,Pinheiros,2025-09-16,S
646,42786561942557,Perfumaria Nobre S/A,Loja de shopping,Salvador,BA,Batel,2022-02-21,S
647,29236161880819,Bella Vitória EIRELI,Loja de shopping,Brasília,DF,Cambuí,24/08/2024,S
648,86863956137230,Drogaria Essenza EIRELI,Quiosque,Salvador,BA,Pinheiros,2021-11-03,S
649,81300041321147,AROMA DIVA LTDA,Salão de beleza,Curitiba,PR,Setor Bueno,2024-01-02,S
650,34699799070755,Comercial Aromas do Sul LTDA,Quiosque,Salvador,BA,Ipanema,2024-06-30,S
651,70607174811317,Studio Rosa dos Ventos LTDA,Revendedora autônoma,Campinas,SP,Higienópolis,2022-07-17,S
652,39.610.290/8718-27,Espaço Beleza Serena LTDA,Loja de departamento,Fortaleza,CE,Savassi,2023-02-17,S
653,27420495612137,Comercial Bella Vita EIRELI,Loja de shopping,Fortaleza,CE,Cambuí,2025-10-02,S
654,73711222990775,Aroma Aromas do Sul LTDA,Salão de beleza,Goiânia,GO,Jardins,2026-02-20,S
655,61114576832102,Loja Aromas do Sul EIRELI,Revendedora autônoma,Brasília,DF,Pituba,2024-03-09,N
656,29618033242605,Farmácia Sublime EIRELI,Perfumaria,Campinas,SP,Centro,02/05/2024,S
657,53.733.777/3126-88,Farmácia Rosa dos Ventos S/A,Loja de shopping,Belo Horizonte,MG,Moema,2025-01-09,S
658,65346060560356,Bella Charme LTDA ME,Revendedora autônoma,Curitiba,PR,Bela Vista,23/02/2022,S
659, 23984716906181 ,Casa de Fragrâncias Dourada LTDA ME,Perfumaria,Campinas,SP,Cambuí,2023-11-08,S
660,95.478.769/8999-27,Espaço Beleza Sublime S/A,Salão de beleza,Brasília,DF,Asa Sul,2026-01-15,S
661,49.835.539/3543-58,Aroma Elegance S/A,Loja de departamento,Porto Alegre,RS,Batel,2022-05-13,S
662,43588537982143,Drogaria Serena LTDA ME,Salão de beleza,Manaus,AM,Pinheiros,2023-07-08,S
663, 97852491416860 ,Loja Aromas do Sul S/A,Quiosque,Porto Alegre,RS,Bela Vista,19/05/2025,S
664,40679176651221,Perfumaria Essenza EIRELI,Perfumaria,Curitiba,PR,Higienópolis,2022-08-23,S
665,63090015944633,Espaço Beleza Class ME,E-commerce,Rio de Janeiro,RJ,Higienópolis,2023-06-08,S
666,26.389.021/9947-11,Boutique Lumiar S/A,Revendedora autônoma,Curitiba,PR,Boa Viagem,2023-04-16,S
667,10346996733116,Studio Diva LTDA,Loja de departamento,Porto Alegre,RS,Asa Sul,2022-03-07,S
668,76855078967935,Drogaria Diva ME,Loja de departamento,Campinas,SP,Ipanema,2023-11-11,S
669, 43697093170695 ,Comercial Lumiar LTDA ME,Quiosque,Curitiba,PR,Asa Sul,2022-08-27,S
670,54722398983065,Bella Prime LTDA,Farmácia,Porto Alegre,RS,Higienópolis,2024-05-26,N
671,84724264236428,Studio Serena ME,Perfumaria,Rio de Janeiro,RJ,Pituba,2024-12-04,S
672,30.391.114/2817-85,Perfumaria Nobre ME,Revendedora autônoma,Belo Horizonte,MG,Bela Vista,2025-03-11,S
673,80.622.072/2395-94,Bella Vitória ME,Farmácia,Brasília,DF,Jardins,2025-02-27,N
674,20478768868785,Essência Sublime LTDA ME,Loja de departamento,Recife,PE,Pituba,2021-06-07,S
675,31954196664505,COMERCIAL SERENA ME,Revendedora autônoma,São Paulo,SP,Batel,2024-09-17,S
676,63.203.747/6775-37,Boutique Charme LTDA,Perfumaria,Porto Alegre,RS,Jardins,2023-12-09,S
677,61.945.887/0715-53,Perfumaria Flor de Liz ME,Loja de shopping,Recife,PE,Higienópolis,2022-12-06,S
678,83.850.765/9759-54,LOJA ROSA DOS VENTOS LTDA ME,Farmácia,São Paulo,SP,Jardins,2026-02-12,S
679,98.126.574/2231-96,Perfumaria Encanto LTDA,Perfumaria,Brasília,DF,Meireles,2023-02-15,S
680, 62689430120471 ,Aroma Rosa dos Ventos LTDA,Loja de shopping,Curitiba,PR,Aldeota,2023-06-11,S
681, 95749885582984 ,Loja Dourada EIRELI,Loja de departamento,Salvador,BA,Setor Bueno,23/09/2024,S
682,60944128333721,BELLA DIVA LTDA ME,Loja de departamento,Manaus,AM,Setor Bueno,2021-08-18,S
683,97.150.666/2670-55,Loja Diva S/A,Quiosque,Belo Horizonte,MG,Vila Madalena,2024-01-03,S
684,39252959611110,Farmácia Serena ME,Quiosque,Porto Alegre,RS,Centro,2023-10-30,S
685,24559102451091,Drogaria Diva LTDA ME,Revendedora autônoma,São Paulo,SP,Setor Bueno,2024-06-13,S
686,19.421.794/2817-93,Bella Rosa dos Ventos LTDA ME,Loja de shopping,Brasília,DF,Bela Vista,2025-08-13,S
687,66345337220109,Drogaria Essenza EIRELI,Loja de shopping,Campinas,SP,Cambuí,2025-12-04,S
688,76.618.943/7052-63,COMERCIAL PRIME LTDA ME,E-commerce,Manaus,AM,Pinheiros,03/10/2024,S
689,72565920246175,Espaço Beleza Requinte LTDA ME,Revendedora autônoma,Salvador,BA,Meireles,2025-01-22,S
690,00.559.550/1783-32,Espaço Beleza Diva S/A,E-commerce,Recife,PE,Meireles,2022-10-22,S
691,07984870450691,Loja Requinte S/A,Loja de departamento,Manaus,AM,Cambuí,2022-01-04,S
692,74403946408303,PERFUMARIA ESSENZA EIRELI,Loja de departamento,Curitiba,PR,Higienópolis,2024-09-03,S
693,84.907.938/8413-68,Aroma Íris LTDA,Perfumaria,São Paulo,SP,Barra,2025-03-25,S
694,12424462632514,Farmácia Charme LTDA,Farmácia,São Paulo,SP,Centro,2022-12-08,S
695,42175188781794,Casa de Fragrâncias Prime LTDA ME,Farmácia,Rio de Janeiro,RJ,Higienópolis,2024-03-15,S
696,09112252883750,Farmácia Sublime LTDA ME,Loja de departamento,Manaus,AM,Meireles,2022-10-06,S
697,91378765530073,Aroma Class EIRELI,Perfumaria,Fortaleza,CE,Centro,2024-08-25,S
698,12.198.819/2778-85,Aroma Nobre ME,Perfumaria,Fortaleza,CE,Vila Madalena,31/12/2023,S
699,04.246.245/6185-17,Perfumaria Aurora EIRELI,Loja de departamento,Rio de Janeiro,RJ,Moema,2022-12-10,S
700,99151145512939,Espaço Beleza Aromas do Sul LTDA,E-commerce,Brasília,DF,Higienópolis,2025-06-11,S
701,84841604615402,Farmácia Rosa dos Ventos LTDA,Perfumaria,Manaus,AM,Ipanema,2026-04-26,S
702,42983152291073,Comercial Aurora S/A,Revendedora autônoma,Rio de Janeiro,RJ,Meireles,04/02/2026,S
703,06396384526969,Bella Íris EIRELI,Farmácia,Curitiba,PR,Pituba,2023-01-21,N
704,69342929132033,Drogaria Elegance EIRELI,Loja de departamento,Rio de Janeiro,RJ,Centro,2024-05-29,S
705,10615372215566,Aroma Elegance ME,Quiosque,Manaus,AM,Ipanema,2021-10-05,S
706,37.746.040/6720-07,Farmácia Encanto ME,Loja de departamento,Campinas,SP,Boa Viagem,24/09/2021,S
707,78197543734764,Drogaria Aurora ME,Quiosque,São Paulo,SP,Pinheiros,2023-10-09,S
708,82145841484601,Boutique Encanto EIRELI,Farmácia,Brasília,DF,Higienópolis,2021-06-28,S
709,82.780.205/8695-07,Essência Dourada S/A,Loja de departamento,Goiânia,GO,Pinheiros,2025-07-11,S
710,99516793350557,Boutique Íris S/A,Quiosque,Goiânia,GO,Moema,2023-04-27,S
711,36.037.681/1872-33,Essência Aurora S/A,Perfumaria,Belo Horizonte,MG,Asa Sul,2023-06-12,S
712, 31539114983074 ,Boutique Íris EIRELI,Quiosque,Fortaleza,CE,Bela Vista,2024-09-07,S
713,40655782019043,Bella Bella Vita ME,Revendedora autônoma,Goiânia,GO,Meireles,2023-09-15,S
714,70739201354621,Drogaria Class LTDA,Perfumaria,Porto Alegre,RS,Vila Madalena,12/10/2023,S
715,31.261.632/4888-99,STUDIO AROMAS DO SUL S/A,Loja de shopping,Belo Horizonte,MG,Aldeota,2022-10-27,S
716,74549303646871,Boutique Aromas do Sul LTDA,Perfumaria,Goiânia,GO,Pinheiros,2025-01-08,S
717,20828323089813,Espaço Beleza Aromas do Sul LTDA,Salão de beleza,Goiânia,GO,Cambuí,2021-08-25,S
718,06732318297168,Loja Prime EIRELI,Salão de beleza,Belo Horizonte,MG,Cambuí,2024-03-21,N
719,00015291137178,Bella Charme EIRELI,Perfumaria,São Paulo,SP,Savassi,08/06/2026,S
720,44.421.829/9874-78,Casa de Fragrâncias Diva LTDA ME,Perfumaria,Brasília,DF,Vila Madalena,23/06/2025,S
721,90043655158482,Boutique Íris ME,Farmácia,São Paulo,SP,Bela Vista,2022-05-26,S
722,50542960807063,Studio Class LTDA,Quiosque,Salvador,BA,Bela Vista,2023-04-28,S
723,04016481880442,Boutique Sublime ME,Quiosque,Rio de Janeiro,RJ,Meireles,2021-08-07,S
724,64.321.269/4289-46,Bella Charme EIRELI,Loja de departamento,Rio de Janeiro,RJ,Bela Vista,2025-05-07,S
725,44170646255402,CASA DE FRAGRÂNCIAS AROMAS DO SUL ME,Salão de beleza,Rio de Janeiro,RJ,Centro,2022-05-30,S
726,64644898803153,Essência Nobre ME,Loja de shopping,Fortaleza,CE,Jardins,2021-07-21,S
727,04043333538495,Drogaria Flor de Liz LTDA,Revendedora autônoma,Salvador,BA,Aldeota,2023-12-26,S
728,18093391373265,Bella Essenza LTDA,Perfumaria,Manaus,AM,Bela Vista,2025-10-22,S
729,61.786.880/0230-09,Farmacia Aromas do Sul ME,Loja de departamento,Salvador,BA,Bela Vista,2024-01-27,S
730,65.774.491/6093-65,Essência Requinte LTDA,Farmácia,Curitiba,PR,Bela Vista,2024-10-30,S
731,41843368750926,Studio Requinte S/A,Revendedora autônoma,Goiânia,GO,Barra,2025-02-09,S
732,56114042886050,COMERCIAL BELLA VITA S/A,Loja de departamento,Salvador,BA,Savassi,2025-10-10,S
733,00308356691062,Drogaria Elegance EIRELI,Farmácia,Recife,PE,Ipanema,06/04/2025,N
734,88.269.177/6829-38,Farmácia Vitória EIRELI,Perfumaria,Recife,PE,Centro,11/03/2023,S
735,35437882603359,Bella Aurora S/A,Quiosque,Fortaleza,CE,Bela Vista,2025-09-15,S
736,91.449.207/4926-99,Aroma Encanto S/A,Loja de departamento,Goiânia,GO,Aldeota,2022-04-24,S
737,42859693259140,Drogaria Elegance LTDA,Revendedora autônoma,Brasília,DF,Barra,2021-11-12,S
738,66980690872617,Aroma Lumiar ME,Perfumaria,Belo Horizonte,MG,Setor Bueno,2022-04-30,S
739,38.935.953/8280-40,Drogaria Nova Era S/A,Farmácia,Manaus,AM,Centro,2022-09-27,S
740,69.582.641/8696-56,Perfumaria Aromas do Sul LTDA ME,Revendedora autônoma,Belo Horizonte,MG,Savassi,05/04/2024,S
741,23859514346823,Aroma Bella Vita LTDA,E-commerce,Campinas,SP,Boa Viagem,2022-12-05,S
742,00869661016831,Perfumaria Bella Vita LTDA,Salão de beleza,Curitiba,PR,Jardins,2024-03-19,S
743,14915076283976,Aroma Dourada EIRELI,Revendedora autônoma,Porto Alegre,RS,Pituba,2025-09-13,S
744, 46207266292508 ,Bella Serena LTDA ME,Quiosque,Goiânia,GO,Jardins,2024-02-26,S
745,91406884133373,Casa de Fragrâncias Prime ME,Salão de beleza,Goiânia,GO,Pinheiros,2024-03-03,S
746,17.032.119/2061-36,Drogaria Lumiar LTDA ME,Salão de beleza,Brasília,DF,Ipanema,2023-05-03,S
747,37184449029502,Farmácia Íris EIRELI,Perfumaria,Curitiba,PR,Jardins,2022-06-14,S
748,41.678.127/7822-10,Studio Aromas do Sul ME,Quiosque,Curitiba,PR,Meireles,2023-10-07,S
749, 29857973638318 ,Comercial Aurora EIRELI,Salão de beleza,Recife,PE,Aldeota,05/09/2023,S
750,79866177067368,Casa de Fragrâncias Aurora LTDA ME,Perfumaria,São Paulo,SP,Moema,2023-11-06,S
751,23552165058714,Espaço Beleza Serena ME,Farmácia,Belo Horizonte,MG,Batel,2022-05-26,S
752, 79089843699848 ,Perfumaria Nobre LTDA,Loja de shopping,Recife,PE,Barra,2024-07-30,S
753,69.484.249/5988-11,Perfumaria Serena LTDA ME,Quiosque,Brasília,DF,Boa Viagem,2023-01-30,S
754,67673820974619,Loja Requinte S/A,Quiosque,Brasília,DF,Higienópolis,2024-04-24,S
755,96872258937085,Aroma Serena ME,Loja de shopping,Goiânia,GO,Asa Sul,2026-06-21,S
756,56.695.790/0124-82,Essência Prime S/A,E-commerce,Campinas,SP,Pinheiros,2022-10-01,S
757,94232894633891,Farmacia Nobre ME,E-commerce,Salvador,BA,Cambuí,2022-10-06,S
758,25629269335895,Espaço Beleza Diva EIRELI,Farmácia,Fortaleza,CE,Pituba,2026-01-30,S
759,85.095.744/3034-91,Farmácia Rosa dos Ventos S/A,Farmácia,Recife,PE,Jardins,2021-10-18,S
760,59340153641547,Boutique Flor de Liz ME,Salão de beleza,Manaus,AM,Ipanema,2024-01-25,S
761,67.813.675/0094-21,Perfumaria Class ME,Farmácia,Curitiba,PR,Bela Vista,2023-01-30,S
762,98780927045238,Comercial Prime ME,Salão de beleza,Rio de Janeiro,RJ,Higienópolis,2021-09-19,S
763,60598678744227,Espaço Beleza Serena EIRELI,E-commerce,Recife,PE,Vila Madalena,2022-10-11,S
764,94282491165020,Aroma Vitória S/A,Salão de beleza,Salvador,BA,Barra,2025-07-12,N
765,21.551.305/5708-36,Essencia Encanto EIRELI,Farmácia,Curitiba,PR,Bela Vista,2021-07-22,S
766,99727367746202,Casa de Fragrâncias Encanto ME,Loja de shopping,Recife,PE,Moema,13/08/2022,S
767,81.231.239/2049-10,Espaço Beleza Vitória LTDA ME,Farmácia,Belo Horizonte,MG,Boa Viagem,2022-07-22,S
768,75082768172257,Espaço Beleza Serena EIRELI,Salão de beleza,Brasília,DF,Pinheiros,2022-01-25,S
769,05291876831608,Aroma Rosa dos Ventos ME,Farmácia,Goiânia,GO,Meireles,2023-08-26,S
770,39920522299936,Casa de Fragrâncias Nova Era LTDA,Loja de departamento,Manaus,AM,Barra,2023-09-17,S
771, 32553983584461 ,BELLA ROSA DOS VENTOS ME,Quiosque,Belo Horizonte,MG,Pinheiros,2021-12-05,S
772,95.449.791/2799-70,FARMÁCIA PRIME LTDA,Quiosque,São Paulo,SP,Aldeota,2023-08-16,S
773,13.752.988/3220-12,Espaço Beleza Elegance ME,Perfumaria,Fortaleza,CE,Jardins,2022-08-17,S
774,79.788.897/5358-52,PERFUMARIA BELLA VITA ME,Loja de departamento,Brasília,DF,Setor Bueno,06/05/2023,S
775,19.951.715/2391-02,Aroma Aurora LTDA,Salão de beleza,Recife,PE,Pituba,2026-04-24,S
776, 83093096713971 ,Bella Charme LTDA,Loja de shopping,Manaus,AM,Savassi,20/10/2024,S
777,76720191116612,Loja Charme EIRELI,Perfumaria,Manaus,AM,Bela Vista,2026-05-26,S
778, 39304936653802 ,Espaço Beleza Flor de Liz ME,E-commerce,Curitiba,PR,Setor Bueno,2022-02-12,S
779,40868250952294,Bella Class EIRELI,Revendedora autônoma,Rio de Janeiro,RJ,Moema,2026-04-29,S
780,03995297013712,Espaço Beleza Class LTDA ME,Salão de beleza,Manaus,AM,Batel,2025-09-03,S
781,41202706159273,Drogaria Requinte S/A,Perfumaria,São Paulo,SP,Moema,2021-07-18,S
782,06322481554203,Perfumaria Requinte EIRELI,Farmácia,Goiânia,GO,Pinheiros,2024-10-31,S
783,75649157955462,Drogaria Dourada LTDA ME,Farmácia,Goiânia,GO,Savassi,2023-04-16,N
784,18.103.068/3176-41,Espaço Beleza Aurora S/A,Perfumaria,São Paulo,SP,Ipanema,2026-02-11,S
785,90150713806713,Casa de Fragrâncias Essenza LTDA,Revendedora autônoma,Belo Horizonte,MG,Setor Bueno,2024-05-14,S
786, 47436213009625 ,Loja Íris LTDA ME,Salão de beleza,Brasília,DF,Pituba,09/09/2021,N
787,80.533.962/7466-62,Espaço Beleza Vitória ME,Farmácia,Rio de Janeiro,RJ,Pituba,2024-03-24,N
788,46661459011079,Essência Bella Vita LTDA,Farmácia,São Paulo,SP,Asa Sul,2021-12-12,S
789,81949053152049,AROMA REQUINTE LTDA ME,E-commerce,Brasília,DF,Pinheiros,2026-04-27,S
790,73.137.971/6698-41,DROGARIA ELEGANCE LTDA ME,Farmácia,Brasília,DF,Jardins,2022-05-14,S
791, 43325623899499 ,Perfumaria Essenza EIRELI,Quiosque,Goiânia,GO,Vila Madalena,2024-01-12,S
792,20.370.878/2116-02,Farmácia Aromas do Sul LTDA,E-commerce,Campinas,SP,Bela Vista,2024-07-07,S
793,72117088948018,Espaço Beleza Charme ME,E-commerce,Goiânia,GO,Aldeota,2022-06-07,S
794,88.397.857/0820-04,Loja Essenza ME,Salão de beleza,Salvador,BA,Pinheiros,2025-12-30,S
795, 96112879429688 ,Studio Rosa dos Ventos LTDA,Loja de departamento,Porto Alegre,RS,Ipanema,29/10/2023,S
796,41.961.560/7832-74,Bella Diva EIRELI,Salão de beleza,Rio de Janeiro,RJ,Aldeota,27/07/2021,S
797,62.409.649/6683-49,Drogaria Essenza LTDA ME,E-commerce,Campinas,SP,Higienópolis,2025-12-08,S
798,22593648820893,Studio Bella Vita LTDA ME,Revendedora autônoma,Recife,PE,Asa Sul,2023-03-07,S
799,87.991.609/1141-31,Boutique Íris LTDA,Loja de shopping,Belo Horizonte,MG,Pituba,2023-04-12,S
800,52.304.588/1650-25,DROGARIA DOURADA LTDA,Quiosque,São Paulo,SP,Vila Madalena,2023-02-09,S
801,34.409.661/7718-24,Espaço Beleza Aromas do Sul LTDA,Perfumaria,São Paulo,SP,Aldeota,2021-08-26,S
802,14174681359266,Bella Nova Era LTDA ME,Revendedora autônoma,Belo Horizonte,MG,Higienópolis,2023-03-09,S
803,69415594501192,BOUTIQUE DIVA LTDA,Salão de beleza,Brasília,DF,Moema,2026-01-03,S
804,03.988.636/5362-18,Studio Bella Vita LTDA ME,Salão de beleza,Recife,PE,Jardins,2021-06-03,N
805,94248942046648,Perfumaria Nobre LTDA ME,Loja de departamento,Campinas,SP,Centro,2022-03-26,S
806,56577580974533,Comercial Charme ME,Perfumaria,Porto Alegre,RS,Ipanema,2021-10-30,S
807,62265401659953,Drogaria Flor de Liz ME,Loja de shopping,Recife,PE,Boa Viagem,2025-11-10,S
808,67.746.259/1601-12,FARMÁCIA CLASS S/A,Farmácia,Fortaleza,CE,Asa Sul,2023-02-04,S
809,60.080.179/8677-82,Studio Requinte EIRELI,Loja de shopping,Brasília,DF,Centro,2023-07-28,S
810,72642612120384,Casa de Fragrâncias Vitória LTDA ME,Quiosque,Porto Alegre,RS,Pinheiros,2023-05-22,S
811,07852548242183,CASA DE FRAGRÂNCIAS DOURADA LTDA,E-commerce,Brasília,DF,Vila Madalena,2021-11-05,S
812,54.752.311/2327-48,Loja Lumiar LTDA ME,Farmácia,Campinas,SP,Barra,30/11/2021,S
813,27203886217508,Studio Diva ME,Farmácia,Campinas,SP,Asa Sul,2024-04-30,S
814,30693588249353,Espaço Beleza Essenza LTDA ME,Farmácia,Campinas,SP,Bela Vista,2026-06-12,S
815,65244454460838,Studio Requinte ME,Quiosque,Rio de Janeiro,RJ,Higienópolis,2022-08-23,S
816,53.912.878/8486-99,Bella Requinte LTDA,Loja de shopping,Campinas,SP,Cambuí,03/06/2021,S
817,27147246301986,ESPAÇO BELEZA SERENA ME,Revendedora autônoma,Manaus,AM,Boa Viagem,2025-01-14,S
818,91.218.706/2932-88,Drogaria Charme LTDA,Revendedora autônoma,Curitiba,PR,Savassi,2024-05-23,N
819,20.018.676/6100-89,Bella Diva LTDA,Quiosque,Curitiba,PR,Moema,16/07/2021,S
820,56140384531980,Boutique Nobre EIRELI,Loja de shopping,Curitiba,PR,Cambuí,2021-12-18,S
821,00307620545967,Comercial Íris LTDA ME,Perfumaria,Rio de Janeiro,RJ,Moema,02/04/2024,N
822,65.411.340/7851-69,Perfumaria Sublime S/A,Quiosque,Campinas,SP,Higienópolis,2023-03-01,S
823,68348268999626,ESPAÇO BELEZA ÍRIS S/A,Revendedora autônoma,Recife,PE,Savassi,2022-02-04,S
824,79150596257197,Drogaria Aurora LTDA,Revendedora autônoma,Campinas,SP,Ipanema,2026-05-02,S
825,89.826.041/8095-21,Farmácia Lumiar LTDA ME,Salão de beleza,Campinas,SP,Moema,2022-01-31,S
826,74692118824199,Essencia Prime ME,Loja de departamento,Belo Horizonte,MG,Pituba,2022-05-31,S
827,17.045.421/8545-70,Perfumaria Nova Era ME,Loja de shopping,Goiânia,GO,Ipanema,18/11/2022,S
828,90016356407232,Drogaria Sublime ME,Quiosque,São Paulo,SP,Cambuí,2023-02-09,S
829,00.178.822/4731-26,Perfumaria Rosa dos Ventos LTDA,Salão de beleza,Porto Alegre,RS,Ipanema,2024-04-06,S
830,01195092711526,Bella Class ME,Perfumaria,Campinas,SP,Aldeota,2024-03-20,N
831,23.007.169/5007-41,ESPAÇO BELEZA NOBRE EIRELI,E-commerce,Goiânia,GO,Batel,04/11/2021,S
832,76989365294471,Studio Sublime ME,Farmácia,Brasília,DF,Meireles,2022-05-09,S
833,13104502589632,Boutique Class LTDA ME,E-commerce,Brasília,DF,Barra,2024-04-14,S
834,68.064.860/6739-83,Espaço Beleza Encanto ME,Revendedora autônoma,Belo Horizonte,MG,Barra,2023-04-06,S
835,46280550774065,Farmácia Class LTDA ME,Salão de beleza,Campinas,SP,Boa Viagem,2022-02-25,S
836,90855107409131,Espaço Beleza Diva LTDA,Quiosque,São Paulo,SP,Centro,15/03/2024,S
837,76022069535412,Drogaria Lumiar EIRELI,Loja de shopping,Porto Alegre,RS,Ipanema,2024-08-31,S
838,02601515325947,Loja Flor de Liz LTDA ME,Perfumaria,São Paulo,SP,Batel,2025-06-17,S
839,05950310064934,Perfumaria Dourada EIRELI,Farmácia,Brasília,DF,Jardins,2026-04-16,S
840,08941184913599,Casa de Fragrâncias Vitória EIRELI,Salão de beleza,Recife,PE,Cambuí,2023-09-11,S
841,61006799006968,Loja Dourada LTDA,Quiosque,Salvador,BA,Barra,2025-10-02,S
842, 42339449530067 ,Casa de Fragrâncias Nobre LTDA,Loja de shopping,Brasília,DF,Ipanema,2022-02-06,S
843,73654262417842,BOUTIQUE VITÓRIA EIRELI,Loja de shopping,Rio de Janeiro,RJ,Savassi,2025-03-11,N
844,09060530886843,Comercial Diva LTDA ME,Farmácia,Manaus,AM,Batel,2024-12-29,S
845, 45759887592129 ,Perfumaria Vitória ME,Loja de departamento,São Paulo,SP,Boa Viagem,2022-04-18,S
846,27.558.214/7709-20,Boutique Aromas do Sul LTDA,Loja de shopping,Manaus,AM,Vila Madalena,2025-08-19,S
847,19.215.818/9705-91,Boutique Aromas do Sul EIRELI,Loja de departamento,Belo Horizonte,MG,Higienópolis,2024-12-24,S
848,59772168800537,Farmácia Aromas do Sul LTDA ME,Revendedora autônoma,Goiânia,GO,Batel,2021-09-02,S
849,72.845.401/8227-20,Espaço Beleza Charme ME,E-commerce,Goiânia,GO,Batel,2025-04-07,N
850,44.743.281/1659-93,Drogaria Bella Vita ME,Perfumaria,Rio de Janeiro,RJ,Asa Sul,2024-08-12,S
851,23227752135302,Comercial Dourada LTDA ME,Perfumaria,Manaus,AM,Jardins,2025-08-10,S
852,37775691983210,Comercial Essenza LTDA ME,Farmácia,Goiânia,GO,Jardins,2023-10-06,S
853,98310438419662,Farmácia Íris LTDA ME,Revendedora autônoma,Belo Horizonte,MG,Jardins,2023-10-29,S
854,56670636219865,Essência Encanto LTDA,E-commerce,Brasília,DF,Vila Madalena,2026-04-19,S
855,49.339.650/4962-73,Drogaria Íris LTDA,Loja de departamento,Curitiba,PR,Batel,2023-12-11,S
856,25854218808799,DROGARIA SERENA ME,Loja de departamento,Recife,PE,Moema,2024-02-14,S
857,64.338.532/4725-05,BOUTIQUE BELLA VITA ME,E-commerce,Goiânia,GO,Ipanema,2025-05-10,S
858,76.054.576/9475-76,BOUTIQUE CLASS ME,Salão de beleza,Brasília,DF,Pituba,2023-03-02,S
859,66986163421254,Studio Encanto S/A,Salão de beleza,Porto Alegre,RS,Cambuí,2024-09-09,S
860,92559664721307,Essência Prime LTDA ME,Farmácia,Recife,PE,Setor Bueno,2025-09-12,N
861,48933261454307,Boutique Flor de Liz LTDA,Quiosque,Campinas,SP,Savassi,2021-06-29,S
862,52211587184523,Bella Prime LTDA ME,E-commerce,Brasília,DF,Bela Vista,2022-08-21,S
863,47017320865237,Comercial Nobre LTDA ME,Loja de departamento,Porto Alegre,RS,Aldeota,2022-01-28,N
864,00527810558000,Bella Charme LTDA,Loja de shopping,Porto Alegre,RS,Cambuí,2023-10-26,S
865,16094391368172,Studio Class EIRELI,Loja de departamento,Curitiba,PR,Bela Vista,2025-03-22,S
866,09.297.352/5953-32,BELLA REQUINTE ME,Revendedora autônoma,Belo Horizonte,MG,Boa Viagem,2025-11-28,N
867,73532366185076,Perfumaria Sublime ME,Quiosque,Salvador,BA,Pituba,2024-02-27,S
868,82.360.107/1261-58,Bella Essenza LTDA ME,Loja de shopping,Rio de Janeiro,RJ,Vila Madalena,2023-06-04,S
869,84.673.574/2233-22,AROMA FLOR DE LIZ S/A,Perfumaria,Porto Alegre,RS,Batel,07/10/2023,S
870,92225606295350,Boutique Essenza LTDA,Quiosque,Campinas,SP,Asa Sul,2026-06-13,S
871,41307538418520,Comercial Bella Vita S/A,Loja de shopping,Fortaleza,CE,Pinheiros,2025-09-30,S
872,75.615.470/5549-12,Bella Dourada LTDA,Loja de departamento,Manaus,AM,Cambuí,2024-04-17,S
873,09196939578752,Drogaria Aurora EIRELI,Perfumaria,Porto Alegre,RS,Boa Viagem,01/05/2024,S
874,97.121.241/3936-96,Comercial Bella Vita S/A,Quiosque,Rio de Janeiro,RJ,Pituba,2022-01-28,S
875,67.731.922/7607-59,Aroma Aromas do Sul LTDA ME,Quiosque,Belo Horizonte,MG,Meireles,2021-09-11,S
876,94319165430895,Drogaria Flor de Liz S/A,Perfumaria,Campinas,SP,Centro,27/01/2025,S
877,64.497.470/0026-87,Loja Diva EIRELI,Loja de departamento,Fortaleza,CE,Aldeota,2022-06-14,S
878,63.656.045/0063-55,Studio Diva EIRELI,Perfumaria,Rio de Janeiro,RJ,Boa Viagem,2023-06-08,S
879,11952963530597,Drogaria Sublime ME,Farmácia,Fortaleza,CE,Meireles,2025-08-25,S
880,15948989596546,Essência Vitória EIRELI,E-commerce,Curitiba,PR,Moema,2025-08-05,S
881,91.699.939/3449-74,COMERCIAL DOURADA LTDA,E-commerce,Porto Alegre,RS,Higienópolis,2023-05-27,S
882,09586297398894,Studio Lumiar ME,Perfumaria,Curitiba,PR,Boa Viagem,2024-12-16,S
883,07548534655792,Essência Dourada S/A,Perfumaria,Fortaleza,CE,Setor Bueno,2024-09-11,S
884,29.390.025/1213-75,Boutique Nobre S/A,Loja de departamento,Rio de Janeiro,RJ,Pituba,2022-06-19,S
885,61993145843456,Espaço Beleza Aromas do Sul EIRELI,Revendedora autônoma,Brasília,DF,Meireles,2024-11-14,S
886,36.220.334/7424-63,Bella Nova Era LTDA ME,Quiosque,Belo Horizonte,MG,Pinheiros,2025-04-26,S
887,00852946902177,Perfumaria Encanto ME,Revendedora autônoma,Brasília,DF,Jardins,2025-05-28,S
888,50.228.946/6527-52,Studio Vitória LTDA,Loja de shopping,Brasília,DF,Batel,2026-02-15,S
889,13303033467711,Perfumaria Lumiar LTDA ME,Salão de beleza,Goiânia,GO,Pituba,2022-04-09,S
890,53024530123984,Essência Charme LTDA,Revendedora autônoma,Salvador,BA,Setor Bueno,2024-09-30,S
891,01.722.240/5076-48,Loja Serena LTDA ME,Farmácia,Goiânia,GO,Asa Sul,2022-01-28,S
892,92406583872725,DROGARIA CHARME EIRELI,Farmácia,Goiânia,GO,Cambuí,2021-11-01,S
893,44.823.733/7912-12,Espaço Beleza Lumiar S/A,Farmácia,Brasília,DF,Ipanema,19/10/2024,S
894,69017074039251,Studio Nobre LTDA,Loja de shopping,Brasília,DF,Boa Viagem,2023-04-05,S
895,64338722054221,Studio Serena LTDA ME,E-commerce,Fortaleza,CE,Meireles,2025-07-26,S
896, 08334447048878 ,Essência Lumiar LTDA,Perfumaria,Manaus,AM,Centro,01/06/2021,S
897,68519537749266,Comercial Vitória EIRELI,Salão de beleza,Goiânia,GO,Pituba,2026-05-06,S
898,25920616581292,Drogaria Nova Era EIRELI,Loja de shopping,Belo Horizonte,MG,Cambuí,2024-07-07,S
899,30.295.596/3637-26,AROMA PRIME LTDA,E-commerce,Recife,PE,Moema,2023-09-15,S
900,98085133138004,Bella Prime LTDA,Revendedora autônoma,Porto Alegre,RS,Moema,2021-06-14,S
901,12.154.815/8268-68,Perfumaria Flor de Liz S/A,E-commerce,Belo Horizonte,MG,Cambuí,2021-11-14,S
902,06442006298778,Bella Diva LTDA ME,Salão de beleza,Brasília,DF,Pinheiros,2025-07-19,S
903,19623421926221,Perfumaria Encanto ME,Farmácia,Manaus,AM,Higienópolis,2025-07-10,S
904,47891179726999,Aroma Prime S/A,Farmácia,Rio de Janeiro,RJ,Savassi,2023-02-11,S
905,03.666.020/0053-28,Farmácia Aurora EIRELI,Revendedora autônoma,São Paulo,SP,Cambuí,11/10/2025,S
906,38.380.582/6929-90,Drogaria Lumiar LTDA ME,Loja de departamento,Porto Alegre,RS,Barra,2024-05-02,S
907,38963376185186,Boutique Íris S/A,Farmácia,Brasília,DF,Savassi,2023-09-05,N
908,32823392188352,Espaço Beleza Rosa dos Ventos EIRELI,Farmácia,Rio de Janeiro,RJ,Centro,2022-01-31,S
909,76.106.592/0881-43,Studio Lumiar LTDA ME,Quiosque,Fortaleza,CE,Bela Vista,2024-04-01,S
910,96.983.845/7202-66,Espaço Beleza Diva ME,Loja de departamento,Salvador,BA,Ipanema,2022-08-09,S
911,25734989925539,Loja Encanto ME,Perfumaria,Rio de Janeiro,RJ,Centro,2023-02-21,S
912,72.966.941/7996-70,Essência Rosa dos Ventos EIRELI,Quiosque,Campinas,SP,Setor Bueno,03/05/2026,S
913,83.984.167/3478-53,Comercial Encanto S/A,Farmácia,Rio de Janeiro,RJ,Asa Sul,2022-06-08,S
914,92860521026270,Perfumaria Aromas do Sul ME,Perfumaria,São Paulo,SP,Asa Sul,2022-06-12,S
915, 30889830574883 ,Espaço Beleza Class LTDA ME,Farmácia,Rio de Janeiro,RJ,Barra,2022-01-05,N
916,50.003.056/6199-53,COMERCIAL ENCANTO LTDA,Salão de beleza,Fortaleza,CE,Meireles,2024-07-28,S
917,46.790.870/1872-60,Casa de Fragrâncias Flor de Liz LTDA,Loja de departamento,Brasília,DF,Setor Bueno,2025-03-28,S
918,29906745686524,Farmácia Nobre EIRELI,Loja de shopping,Porto Alegre,RS,Vila Madalena,2024-06-14,S
919,56222190533470,Comercial Encanto S/A,Quiosque,Belo Horizonte,MG,Cambuí,2023-03-22,S
920,96.521.383/5071-24,Farmácia Prime S/A,Revendedora autônoma,Curitiba,PR,Barra,2022-10-20,S
921,21173277264883,Espaco Beleza Nobre ME,Salão de beleza,Campinas,SP,Setor Bueno,23/09/2022,S
922,25161857591710,Casa de Fragrâncias Encanto S/A,Perfumaria,Salvador,BA,Aldeota,2022-10-14,S
923,73535247841715,Boutique Dourada EIRELI,Quiosque,Porto Alegre,RS,Meireles,2021-05-31,N
924,78803318361133,Comercial Bella Vita S/A,Loja de shopping,Curitiba,PR,Higienópolis,2021-09-30,S
925, 15278730486251 ,Comercial Nobre ME,E-commerce,Brasília,DF,Barra,2025-11-30,S
926,01891567344671,Drogaria Nova Era LTDA ME,Loja de departamento,Brasília,DF,Moema,2021-12-25,S
927,36299946645099,Bella Bella Vita LTDA,Perfumaria,Curitiba,PR,Higienópolis,2021-06-12,S
928,90835211896844,Essência Sublime S/A,Loja de departamento,Curitiba,PR,Aldeota,2023-09-19,S
929,28575958281902,Bella Aromas do Sul S/A,Quiosque,Fortaleza,CE,Moema,2026-04-21,S
930, 88397170598445 ,COMERCIAL ROSA DOS VENTOS ME,Revendedora autônoma,Porto Alegre,RS,Pinheiros,2024-02-12,S
931,12303885681193,Essência Nobre S/A,Farmácia,Rio de Janeiro,RJ,Centro,2021-11-30,S
932, 92177905528669 ,AROMA NOBRE S/A,Farmácia,Goiânia,GO,Centro,2025-09-18,S
933,05.326.011/9391-03,Essência Charme EIRELI,Quiosque,Fortaleza,CE,Barra,2026-04-11,S
934,90858181045024,Comercial Essenza EIRELI,Revendedora autônoma,São Paulo,SP,Bela Vista,2023-06-25,S
935,62.713.589/6933-53,Espaço Beleza Nobre LTDA ME,Salão de beleza,Recife,PE,Setor Bueno,01/05/2024,S
936, 15663979255116 ,Aroma Charme S/A,Perfumaria,Curitiba,PR,Pituba,2026-05-22,S
937,02896660534281,Farmácia Íris LTDA,E-commerce,Fortaleza,CE,Savassi,21/07/2022,S
938, 75358464051038 ,Perfumaria Dourada ME,Revendedora autônoma,Manaus,AM,Meireles,2026-01-16,S
939,14.447.189/3953-09,COMERCIAL ROSA DOS VENTOS LTDA ME,Perfumaria,Brasília,DF,Centro,2022-05-12,S
940,88498745513587,Loja Dourada ME,Farmácia,Belo Horizonte,MG,Vila Madalena,28/11/2023,S
941,11.640.343/9881-87,Aroma Class S/A,Quiosque,Brasília,DF,Barra,2023-07-09,S
942,77041309091538,Espaço Beleza Charme LTDA ME,Loja de shopping,Porto Alegre,RS,Asa Sul,2022-04-27,S
943,41231905772044,Farmácia Nova Era ME,E-commerce,São Paulo,SP,Ipanema,2026-01-20,S
944,81.097.941/2248-70,Essência Nova Era LTDA ME,Loja de departamento,Curitiba,PR,Boa Viagem,2021-07-17,S
945,42.240.432/6118-90,Farmácia Diva ME,Loja de departamento,Fortaleza,CE,Centro,2025-09-27,S
946,72020095366219,Perfumaria Nobre LTDA ME,Perfumaria,Recife,PE,Cambuí,2026-03-11,N
947,73.259.007/3971-30,Boutique Aromas do Sul LTDA ME,Farmácia,Rio de Janeiro,RJ,Bela Vista,2024-12-05,S
948,67.221.045/4617-19,Loja Aurora LTDA ME,Farmácia,Rio de Janeiro,RJ,Barra,25/09/2023,S
949,34422521602523,Bella Aurora S/A,Loja de shopping,Belo Horizonte,MG,Aldeota,27/02/2023,S
950,26903265513276,Bella Aromas do Sul LTDA,E-commerce,Fortaleza,CE,Batel,24/03/2024,S
951,59.851.602/1191-58,Drogaria Íris S/A,Farmácia,Salvador,BA,Setor Bueno,2021-05-30,S
952,64.786.862/3760-08,Essência Aurora S/A,Quiosque,Brasília,DF,Aldeota,2021-09-21,S
953, 19190749921640 ,Comercial Requinte ME,Revendedora autônoma,Brasília,DF,Cambuí,2024-05-21,S
954,84864708213986,Drogaria Aurora ME,Loja de shopping,Porto Alegre,RS,Boa Viagem,2022-11-19,S
955,72055033000088,Loja Vitória S/A,Loja de departamento,Manaus,AM,Centro,26/06/2025,N
956,99.114.160/0916-92,Loja Nova Era S/A,Revendedora autônoma,Brasília,DF,Aldeota,2026-01-20,S
957,06085481867463,Aroma Vitória ME,E-commerce,Goiânia,GO,Savassi,05/05/2026,S
958,71181519854582,Drogaria Aurora ME,E-commerce,Curitiba,PR,Centro,2021-06-15,N
959,53466075699944,Comercial Íris LTDA ME,E-commerce,Curitiba,PR,Jardins,2021-05-29,S
960,24.028.182/2387-94,Perfumaria Sublime EIRELI,Loja de shopping,Brasília,DF,Moema,06/10/2025,S
961,52735364235700,Espaço Beleza Charme S/A,Farmácia,Manaus,AM,Savassi,2026-05-28,S
962,61.255.904/6100-79,Comercial Aurora LTDA,Loja de departamento,Campinas,SP,Higienópolis,2025-05-29,S
963,71012329615120,Perfumaria Rosa dos Ventos LTDA ME,Salão de beleza,Belo Horizonte,MG,Cambuí,2023-03-10,S
964,44.604.227/6346-01,Casa de Fragrâncias Rosa dos Ventos ME,Perfumaria,Manaus,AM,Setor Bueno,2024-03-05,S
965, 43586176822512 ,Comercial Lumiar LTDA,Loja de shopping,Belo Horizonte,MG,Vila Madalena,2022-02-05,S
966,56224197687849,Aroma Prime S/A,Farmácia,Recife,PE,Meireles,2023-01-10,S
967,61.848.974/2235-43,Espaço Beleza Charme LTDA,Loja de departamento,São Paulo,SP,Cambuí,2025-11-04,S
968,49525492064411,Boutique Aromas do Sul S/A,Quiosque,Recife,PE,Batel,2024-02-07,S
969,63.435.948/8218-84,Comercial Dourada LTDA,Loja de departamento,São Paulo,SP,Savassi,2022-04-26,S
970,21254341230160,Perfumaria Vitoria LTDA ME,Loja de departamento,São Paulo,SP,Bela Vista,2022-12-05,S
971,32.031.978/9990-11,Essência Rosa dos Ventos LTDA,Revendedora autônoma,São Paulo,SP,Pituba,2024-09-14,S
972,78601625908419,Espaço Beleza Nobre EIRELI,Quiosque,Goiânia,GO,Savassi,2023-01-27,N
973, 53582107288780 ,Bella Vitória LTDA ME,Perfumaria,Fortaleza,CE,Vila Madalena,2025-12-24,S
974,88.197.223/9964-77,Casa de Fragrâncias Vitória LTDA,Quiosque,São Paulo,SP,Vila Madalena,2023-12-29,S
975,02.480.855/7800-24,Comercial Prime ME,Revendedora autônoma,Rio de Janeiro,RJ,Savassi,2025-01-17,S
976,69.685.746/7067-51,Boutique Nova Era EIRELI,Farmácia,São Paulo,SP,Batel,2022-03-22,S
977,16.426.107/0335-08,Essencia Elegance LTDA,Loja de shopping,São Paulo,SP,Barra,2023-03-23,S
978,84.813.004/1691-05,Farmácia Diva LTDA ME,Salão de beleza,Porto Alegre,RS,Higienópolis,2024-12-13,S
979,46.339.534/8110-50,Loja Íris EIRELI,E-commerce,Manaus,AM,Batel,2024-01-03,S
980,61.573.855/1281-77,Boutique Nova Era EIRELI,Loja de shopping,Goiânia,GO,Pituba,2022-10-28,S
981,54260972360244,Essência Íris LTDA ME,Salão de beleza,Salvador,BA,Jardins,2022-03-25,S
982,10730871564783,Boutique Flor de Liz LTDA ME,Perfumaria,Fortaleza,CE,Barra,21/12/2021,S
983,74.148.572/6029-25,Aroma Sublime LTDA ME,Loja de departamento,Belo Horizonte,MG,Aldeota,2023-03-20,S
984,40766420763271,BELLA AROMAS DO SUL LTDA ME,Revendedora autônoma,Brasília,DF,Batel,2023-07-07,S
985,38.687.906/0488-69,Boutique Dourada LTDA,Salão de beleza,Belo Horizonte,MG,Centro,2025-08-09,S
986,27396159764053,Bella Rosa dos Ventos S/A,Perfumaria,Goiânia,GO,Aldeota,2022-11-13,S
987,54261903842273,Loja Elegance ME,Loja de shopping,Salvador,BA,Boa Viagem,2022-05-31,S
988,27111757691716,Studio Aromas do Sul EIRELI,Loja de shopping,Campinas,SP,Asa Sul,2025-06-29,S
989,98.305.216/9039-22,Studio Aromas do Sul LTDA,Loja de departamento,Recife,PE,Asa Sul,2024-07-03,S
990,47106801770316,Casa de Fragrâncias Aurora LTDA,Perfumaria,Recife,PE,Meireles,2023-08-01,S
991, 72446931729476 ,Espaço Beleza Vitória S/A,Perfumaria,Recife,PE,Pinheiros,2023-04-26,S
992,40259985193932,Drogaria Aromas do Sul LTDA,Quiosque,Salvador,BA,Savassi,29/01/2022,S
993,50.496.026/6765-27,Casa de Fragrâncias Elegance S/A,E-commerce,Curitiba,PR,Ipanema,2023-09-27,N
994,08864067560208,Studio Prime S/A,Farmácia,Manaus,AM,Boa Viagem,2024-08-12,S
995,43904489093225,DROGARIA VITÓRIA EIRELI,Perfumaria,Salvador,BA,Batel,2025-02-25,S
996,55019354503698,Bella Elegance S/A,E-commerce,Campinas,SP,Barra,2021-07-24,S
997,43629620805983,Farmácia Prime S/A,E-commerce,Belo Horizonte,MG,Cambuí,2025-06-03,S
998,59992012376317,Essência Prime LTDA,Salão de beleza,Recife,PE,Pinheiros,2022-02-03,S
999,19375919226713,Bella Diva ME,Revendedora autônoma,Porto Alegre,RS,Asa Sul,2024-02-10,S
1000,86461209617300,Casa de Fragrâncias Charme EIRELI,E-commerce,Belo Horizonte,MG,Boa Viagem,20/06/2021,S
1001,53550514321914,ESPAÇO BELEZA LUMIAR LTDA ME,Perfumaria,Rio de Janeiro,RJ,Aldeota,2023-05-04,S
1002,79.254.221/8834-58,ESSÊNCIA AROMAS DO SUL LTDA ME,Perfumaria,Porto Alegre,RS,Vila Madalena,2024-01-21,S
1003,93.332.998/6515-90,Comercial Dourada LTDA,E-commerce,Recife,PE,Cambuí,2023-09-28,S
1004,88382567262084,Casa de Fragrâncias Encanto ME,Loja de shopping,Salvador,BA,Cambuí,2022-06-10,S
1005,96.282.225/0182-56,LOJA PRIME S/A,E-commerce,Rio de Janeiro,RJ,Asa Sul,2023-09-23,S
1006,01223414992900,Perfumaria Charme LTDA ME,Quiosque,Campinas,SP,Asa Sul,2022-04-30,S
1007,09563217400391,STUDIO VITÓRIA ME,Farmácia,Salvador,BA,Meireles,2024-05-22,S
1008,22.471.193/6006-08,Casa de Fragrâncias Diva EIRELI,Perfumaria,Belo Horizonte,MG,Vila Madalena,2023-11-12,S
1009,76264385009537,LOJA ÍRIS ME,Farmácia,São Paulo,SP,Savassi,2025-11-08,S
1010,61094416423165,Farmácia Elegance LTDA ME,E-commerce,Curitiba,PR,Pituba,2023-02-14,S
1011,85760634942904,Casa de Fragrâncias Nobre LTDA,Quiosque,Recife,PE,Aldeota,2022-04-08,N
1012,79993242024837,Farmácia Rosa dos Ventos ME,E-commerce,Rio de Janeiro,RJ,Ipanema,2022-12-11,S
1013,38694790254853,Comercial Aromas do Sul S/A,Loja de shopping,Salvador,BA,Aldeota,2022-07-19,S
1014,64100953855742,Boutique Nobre S/A,E-commerce,Brasília,DF,Jardins,2024-02-27,S
1015,78146047614378,Loja Bella Vita LTDA ME,Revendedora autônoma,Curitiba,PR,Moema,2021-09-27,S
1016,56467263681541,Perfumaria Charme LTDA ME,Perfumaria,Fortaleza,CE,Boa Viagem,2021-10-04,S
1017,08.450.786/0435-66,Boutique Vitória LTDA ME,Perfumaria,Rio de Janeiro,RJ,Vila Madalena,2024-06-25,S
1018,30677306718222,Studio Serena EIRELI,Quiosque,Curitiba,PR,Centro,2022-04-24,S
1019,88653859067396,Bella Sublime S/A,Loja de shopping,Fortaleza,CE,Bela Vista,2023-07-11,S
1020,05.504.922/1704-86,Aroma Lumiar LTDA,Loja de departamento,Recife,PE,Meireles,26/03/2024,S
1021,16.290.739/9289-19,FARMÁCIA AROMAS DO SUL ME,Quiosque,São Paulo,SP,Cambuí,2021-08-30,S
1022,37170864942694,FARMÁCIA VITÓRIA EIRELI,Revendedora autônoma,Curitiba,PR,Centro,29/04/2026,S
1023,99670692195873,Essência Vitória S/A,Loja de shopping,Salvador,BA,Asa Sul,2024-08-28,S
1024,02178167806643,Farmácia Diva EIRELI,Perfumaria,Curitiba,PR,Batel,2024-01-12,S
1025,81503701709264,BOUTIQUE AURORA S/A,Perfumaria,Campinas,SP,Jardins,2024-06-06,S
1026,72.628.296/8244-85,Loja Charme S/A,Perfumaria,Rio de Janeiro,RJ,Cambuí,2024-07-02,S
1027,74.116.806/9196-12,Perfumaria Aromas do Sul LTDA,Loja de shopping,Belo Horizonte,MG,Centro,2022-01-08,S
1028, 70263444359624 ,PERFUMARIA ESSENZA ME,Quiosque,Rio de Janeiro,RJ,Setor Bueno,2022-10-18,S
1029, 24253690912375 ,Studio Lumiar LTDA ME,E-commerce,Campinas,SP,Jardins,2026-03-19,S
1030,70.243.652/4055-36,Bella Aromas do Sul LTDA ME,Farmácia,Recife,PE,Asa Sul,2023-03-28,S
1031,64882159773854,Drogaria Vitória LTDA ME,Revendedora autônoma,Curitiba,PR,Pinheiros,2022-06-05,S
1032,98649125949722,Studio Sublime LTDA ME,Loja de shopping,Goiânia,GO,Vila Madalena,2024-05-21,S
1033,06.661.799/6235-69,Boutique Nobre S/A,Revendedora autônoma,Belo Horizonte,MG,Pinheiros,2023-10-21,S
1034,77925604134820,Studio Vitória LTDA,E-commerce,Fortaleza,CE,Bela Vista,2021-09-26,S
1035,12.260.001/4407-62,BELLA SERENA ME,E-commerce,Goiânia,GO,Setor Bueno,2024-04-17,S
1036,13410389752872,AROMA NOBRE LTDA ME,Loja de departamento,Goiânia,GO,Batel,2024-06-26,S
1037,59208235309766,Espaço Beleza Requinte LTDA ME,E-commerce,São Paulo,SP,Higienópolis,2024-02-05,S
1038,56820175307966,Studio Nobre LTDA ME,Loja de departamento,São Paulo,SP,Setor Bueno,2024-02-09,S
1039,43.474.125/3137-95,Loja Rosa dos Ventos ME,Quiosque,São Paulo,SP,Moema,2024-10-24,S
1040,03619202599919,Boutique Lumiar LTDA,Revendedora autônoma,Salvador,BA,Boa Viagem,2023-07-23,S
1041,47.489.047/6078-62,Perfumaria Rosa dos Ventos LTDA ME,Farmácia,Porto Alegre,RS,Moema,2023-05-29,S
1042,08517328951456,Studio Essenza S/A,Perfumaria,Campinas,SP,Bela Vista,2023-08-04,N
1043,81157449653916,Perfumaria Bella Vita EIRELI,Quiosque,Salvador,BA,Barra,2024-05-28,S
1044,45.418.403/9822-18,Comercial Prime LTDA,Loja de departamento,São Paulo,SP,Ipanema,2024-07-14,S
1045,86.407.880/2652-95,Essência Íris S/A,Loja de departamento,Brasília,DF,Meireles,29/02/2024,S
1046,62303974408806,Perfumaria Requinte ME,Quiosque,Salvador,BA,Savassi,2026-05-13,S
1047,18.431.132/6611-58,Casa de Fragrancias Prime LTDA ME,Perfumaria,Goiânia,GO,Savassi,15/02/2023,S
1048,60.472.205/3970-77,Essência Rosa dos Ventos LTDA,E-commerce,Campinas,SP,Batel,2023-02-21,S
1049,17146199539467,Comercial Prime ME,Loja de shopping,Curitiba,PR,Pinheiros,2022-07-01,S
1050,30261840257870,Perfumaria Nobre LTDA,Loja de departamento,Salvador,BA,Jardins,2023-06-17,S
1051,60502816409891,Studio Flor de Liz ME,Perfumaria,Curitiba,PR,Barra,2024-08-10,S
1052,52094523759795,Comercial Bella Vita LTDA,Loja de shopping,Belo Horizonte,MG,Higienópolis,2023-05-17,S
1053,75745449205489,Boutique Sublime LTDA,Salão de beleza,Belo Horizonte,MG,Centro,2023-02-03,S
1054,89655834456622,Perfumaria Nobre LTDA ME,Quiosque,Rio de Janeiro,RJ,Barra,2026-01-19,S
1055,16248607047266,Casa de Fragrâncias Sublime EIRELI,Farmácia,Recife,PE,Ipanema,2025-08-28,S
1056,01.731.671/5605-87,Essência Encanto LTDA,Loja de shopping,Campinas,SP,Cambuí,2025-01-11,S
1057,40645315790571,Aroma Sublime S/A,Farmácia,Goiânia,GO,Vila Madalena,2021-06-17,S
1058,69365618335974,Casa de Fragrâncias Lumiar LTDA,Perfumaria,Porto Alegre,RS,Barra,2021-07-14,S
1059,77.184.301/9220-95,Boutique Charme S/A,Revendedora autônoma,Manaus,AM,Meireles,2022-03-31,S
1060,39.644.028/2532-67,Essência Prime LTDA ME,Loja de shopping,Belo Horizonte,MG,Barra,24/07/2022,S
1061,23852023209140,Boutique Prime S/A,Revendedora autônoma,Manaus,AM,Batel,2024-04-21,S
1062,71998290755154,Loja Nobre LTDA ME,Perfumaria,Porto Alegre,RS,Moema,2025-10-04,S
1063,10.064.332/2622-77,Farmácia Íris S/A,Revendedora autônoma,Curitiba,PR,Jardins,2022-01-18,S
1064,47070385036059,Drogaria Serena EIRELI,E-commerce,Recife,PE,Jardins,2026-01-29,S
1065,40.274.067/5826-76,Comercial Prime LTDA,Perfumaria,Manaus,AM,Barra,2023-11-24,S
1066,85646149745979,Bella Nova Era S/A,Quiosque,Curitiba,PR,Moema,2025-04-11,S
1067,86099550493266,Studio Dourada LTDA ME,Revendedora autônoma,Manaus,AM,Savassi,2025-01-13,S
1068,98.115.948/5340-01,Bella Prime ME,Loja de departamento,Brasília,DF,Bela Vista,2023-08-25,S
1069,74225678718882,PERFUMARIA NOBRE S/A,Quiosque,Porto Alegre,RS,Setor Bueno,21/02/2026,N
1070,06134956479984,Aroma Lumiar S/A,Loja de departamento,Brasília,DF,Pinheiros,30/07/2025,S
1071,83097236108092,Perfumaria Flor de Liz LTDA ME,Loja de shopping,Campinas,SP,Cambuí,2025-10-16,S
1072,86.457.865/5575-12,Perfumaria Aurora LTDA,E-commerce,Campinas,SP,Aldeota,2023-03-30,S
1073,82405166545122,Farmácia Sublime S/A,E-commerce,Recife,PE,Setor Bueno,2023-03-26,N
1074,38.686.083/5701-70,Studio Encanto EIRELI,Perfumaria,Curitiba,PR,Meireles,18/04/2023,S
1075,02050898309413,Studio Íris LTDA,Perfumaria,Recife,PE,Pituba,2023-02-28,S
1076,72452841356948,Loja Elegance EIRELI,Perfumaria,Goiânia,GO,Pinheiros,2024-08-06,S
1077,48095739405980,Perfumaria Prime S/A,Loja de departamento,Fortaleza,CE,Batel,2023-11-19,S
1078,31589258490734,Aroma Lumiar LTDA ME,Quiosque,São Paulo,SP,Vila Madalena,2024-12-08,S
1079,51418648230882,Bella Sublime EIRELI,Loja de departamento,Goiânia,GO,Vila Madalena,2022-11-16,S
1080,32.605.869/4276-74,Bella Aurora LTDA ME,Revendedora autônoma,Campinas,SP,Meireles,29/11/2025,S
1081,15.181.788/2426-55,Comercial Charme ME,Perfumaria,Campinas,SP,Batel,2021-07-06,S
1082,17989022379006,Perfumaria Aromas do Sul EIRELI,Quiosque,Fortaleza,CE,Aldeota,2022-11-24,S
1083,41.767.553/9818-89,Loja Sublime LTDA,Revendedora autônoma,Manaus,AM,Moema,12/06/2024,S
1084,08945896268384,Boutique Sublime LTDA,Loja de departamento,Goiânia,GO,Centro,2021-08-01,S
1085,12396121905188,Aroma Flor de Liz S/A,Loja de departamento,Recife,PE,Centro,2026-04-04,S
1086,06690107923729,Boutique Dourada S/A,Revendedora autônoma,Fortaleza,CE,Vila Madalena,2026-03-21,S
1087,70350675789683,Perfumaria Rosa dos Ventos LTDA ME,Quiosque,Goiânia,GO,Savassi,07/08/2023,S
1088,31.555.057/0521-87,Essência Bella Vita EIRELI,E-commerce,Campinas,SP,Bela Vista,2023-06-04,S
1089,14147012350368,Espaço Beleza Requinte LTDA,Loja de departamento,Rio de Janeiro,RJ,Aldeota,2026-06-05,S
1090,97.802.344/5684-46,Perfumaria Vitória LTDA ME,E-commerce,Fortaleza,CE,Vila Madalena,2022-01-07,S
1091,16.329.573/7831-59,Studio Charme LTDA ME,Loja de shopping,São Paulo,SP,Bela Vista,2021-11-16,S
1092,30291585423324,Farmácia Aromas do Sul EIRELI,Salão de beleza,Brasília,DF,Asa Sul,2024-02-29,S
1093,66.073.446/7462-15,AROMA ESSENZA LTDA ME,E-commerce,Goiânia,GO,Savassi,17/06/2021,S
1094,05022181698141,Essência Rosa dos Ventos LTDA ME,E-commerce,Fortaleza,CE,Jardins,2023-05-24,S
1095,83.774.029/2864-33,Aroma Class LTDA,Loja de departamento,Porto Alegre,RS,Pinheiros,2024-07-05,S
1096,18366771966661,Boutique Dourada ME,Loja de departamento,Belo Horizonte,MG,Jardins,2025-07-18,S
1097,23.499.801/3768-36,Farmacia Rosa dos Ventos LTDA ME,Perfumaria,Belo Horizonte,MG,Cambuí,07/12/2021,S
1098,46144092335174,Essência Charme LTDA ME,Loja de departamento,Porto Alegre,RS,Savassi,2022-06-15,S
1099,72631995695592,Comercial Dourada LTDA,Quiosque,Curitiba,PR,Jardins,2023-08-24,N
1100,50255134448672,Studio Aurora EIRELI,Revendedora autônoma,Brasília,DF,Barra,2023-08-29,S
1101,45461574932511,Espaço Beleza Sublime LTDA ME,Quiosque,Rio de Janeiro,RJ,Cambuí,18/03/2023,S
1102,04.095.437/7661-83,ESPAÇO BELEZA BELLA VITA LTDA,Salão de beleza,Belo Horizonte,MG,Higienópolis,2024-05-18,S
1103,14391511436786,Loja Aromas do Sul LTDA,Perfumaria,Curitiba,PR,Savassi,2023-09-18,N
1104,68.564.257/0680-26,Bella Essenza EIRELI,Revendedora autônoma,Campinas,SP,Boa Viagem,2021-06-05,S
1105, 06002302865505 ,Essência Charme LTDA,Farmácia,Curitiba,PR,Pituba,2024-12-07,N
1106,14.599.201/6633-82,Perfumaria Bella Vita EIRELI,E-commerce,Salvador,BA,Batel,18/01/2025,S
1107,05.620.190/1134-84,Boutique Serena ME,Revendedora autônoma,Belo Horizonte,MG,Bela Vista,2024-12-13,S
1108,32394564523428,Studio Lumiar LTDA ME,E-commerce,Rio de Janeiro,RJ,Boa Viagem,2022-06-06,S
1109,66.342.095/3677-34,Drogaria Requinte LTDA ME,Salão de beleza,Brasília,DF,Ipanema,2021-06-16,S
1110,52.665.591/4762-53,Essência Flor de Liz EIRELI,Loja de departamento,Rio de Janeiro,RJ,Ipanema,2025-11-01,S
1111,95247466535389,Bella Vitória ME,Salão de beleza,Recife,PE,Pinheiros,2026-06-12,S
1112,24.157.127/6383-54,COMERCIAL AROMAS DO SUL EIRELI,E-commerce,Goiânia,GO,Vila Madalena,2023-06-24,S
1113,06168249793998,Boutique Sublime LTDA,Salão de beleza,Goiânia,GO,Bela Vista,2024-03-27,S
1114,71.030.737/2607-20,Loja Aromas do Sul LTDA,Loja de departamento,Manaus,AM,Batel,2024-02-19,S
1115,93121463947625,Comercial Encanto EIRELI,Loja de shopping,Porto Alegre,RS,Meireles,2023-02-10,S
1116,91.729.940/3694-81,Bella Encanto S/A,Loja de departamento,Curitiba,PR,Vila Madalena,2025-10-29,S
1117,06.833.539/1016-12,Farmácia Diva ME,Perfumaria,Campinas,SP,Asa Sul,16/09/2022,S
1118,13334437673481,Farmácia Bella Vita LTDA,E-commerce,São Paulo,SP,Pituba,2026-03-31,S
1119,14811604991004,Drogaria Sublime S/A,Perfumaria,São Paulo,SP,Vila Madalena,2023-10-07,S
1120,68.019.903/4213-48,Drogaria Bella Vita ME,E-commerce,Rio de Janeiro,RJ,Moema,2022-10-28,S
1121,79179138601571,Boutique Charme LTDA,Farmácia,Manaus,AM,Setor Bueno,2024-03-09,S
1122,24702881411287,Bella Essenza S/A,Quiosque,São Paulo,SP,Vila Madalena,2022-12-29,S
1123,57646391381074,FARMÁCIA NOVA ERA EIRELI,Loja de departamento,Brasília,DF,Batel,2024-01-18,S
1124,01315350696261,Casa de Fragrâncias Prime EIRELI,Salão de beleza,Porto Alegre,RS,Pituba,2022-05-23,S
1125,02.547.179/8994-88,Espaço Beleza Nova Era S/A,E-commerce,Rio de Janeiro,RJ,Jardins,2022-08-28,N
1126,95.675.635/5842-27,Comercial Charme EIRELI,Loja de departamento,Rio de Janeiro,RJ,Centro,2024-03-09,S
1127,70014413068624,Farmácia Aurora LTDA,Quiosque,São Paulo,SP,Vila Madalena,11/06/2024,S
1128,04172820762381,Drogaria Vitória ME,Loja de shopping,Goiânia,GO,Boa Viagem,2023-12-27,S
1129,40847528359994,Bella Aromas do Sul EIRELI,Perfumaria,Belo Horizonte,MG,Savassi,2024-12-04,S
1130,13.505.357/2289-20,Loja Aromas do Sul LTDA,Salão de beleza,Rio de Janeiro,RJ,Aldeota,2022-03-22,S
1131,28010419453419,Espaço Beleza Flor de Liz EIRELI,Loja de shopping,São Paulo,SP,Higienópolis,2022-10-21,S
1132,42802188930635,Aroma Vitória LTDA ME,Perfumaria,Fortaleza,CE,Savassi,2021-11-17,S
1133,39743699055855,Bella Aurora S/A,E-commerce,Rio de Janeiro,RJ,Boa Viagem,2021-11-27,S
1134,06969045289860,Casa de Fragrâncias Íris LTDA ME,Loja de departamento,Manaus,AM,Aldeota,2024-10-20,S
1135,70.165.276/1368-14,Aroma Aurora S/A,Revendedora autônoma,Salvador,BA,Pituba,02/09/2025,S
1136,92.964.447/7250-84,Drogaria Elegance EIRELI,E-commerce,Goiânia,GO,Jardins,2025-01-23,S
1137, 24155369158557 ,COMERCIAL PRIME LTDA ME,Perfumaria,Fortaleza,CE,Pinheiros,2023-02-02,N
1138,25703332959452,Aroma Aromas do Sul ME,Salão de beleza,Porto Alegre,RS,Barra,2023-06-04,N
1139,29.662.991/7217-42,Essência Essenza LTDA ME,Perfumaria,São Paulo,SP,Boa Viagem,2023-11-22,S
1140,39266937063250,Espaço Beleza Bella Vita EIRELI,Loja de shopping,Salvador,BA,Ipanema,2025-04-25,N
1141,06190193335937,Perfumaria Serena LTDA,Perfumaria,Belo Horizonte,MG,Cambuí,2024-11-03,S
1142, 22564718559407 ,Boutique Aurora EIRELI,Loja de shopping,Recife,PE,Ipanema,2021-06-03,S
1143,23.167.781/4564-74,Studio Encanto EIRELI,Farmácia,Curitiba,PR,Savassi,2023-04-19,S
1144,77.666.505/2761-20,Loja Aromas do Sul LTDA,Salão de beleza,Campinas,SP,Moema,2024-11-28,S
1145,02.231.167/8706-76,Drogaria Elegance LTDA ME,Loja de shopping,Goiânia,GO,Ipanema,2023-07-11,S
1146,26.848.563/7114-29,Bella Vitória LTDA ME,Perfumaria,Rio de Janeiro,RJ,Barra,2024-10-12,S
1147,92313246598669,Farmácia Rosa dos Ventos S/A,E-commerce,Brasília,DF,Pituba,2026-01-04,S
1148,15.382.011/4065-26,Loja Vitória EIRELI,Loja de departamento,Goiânia,GO,Batel,20/06/2022,S
1149, 55337565697648 ,Drogaria Prime EIRELI,Loja de departamento,Porto Alegre,RS,Setor Bueno,2022-03-13,S
1150,04.625.069/2965-68,AROMA BELLA VITA LTDA ME,Loja de shopping,Rio de Janeiro,RJ,Aldeota,2022-10-19,S
1151,72.935.097/9344-21,Comercial Class LTDA,E-commerce,Manaus,AM,Meireles,2023-12-08,S
1152,78045797251840,Farmácia Encanto LTDA ME,Loja de shopping,Fortaleza,CE,Batel,2025-04-24,S
1153,72.094.516/7670-63,Espaço Beleza Íris ME,Loja de shopping,Curitiba,PR,Moema,2022-05-22,S
1154,00848426483336,Perfumaria Sublime ME,Loja de departamento,Belo Horizonte,MG,Higienópolis,2022-02-20,S
1155,13.605.494/6920-85,Farmácia Elegance ME,Perfumaria,Fortaleza,CE,Ipanema,27/04/2022,S
1156,93.500.115/4617-58,Boutique Sublime S/A,Perfumaria,Rio de Janeiro,RJ,Jardins,2024-05-02,S
1157,10404315668513,Essência Sublime ME,Farmácia,Campinas,SP,Aldeota,12/06/2026,S
1158,03090168564717,Farmácia Requinte LTDA,Perfumaria,Brasília,DF,Aldeota,2022-02-21,S
1159,16988371611586,Farmácia Essenza S/A,Loja de departamento,Campinas,SP,Pinheiros,17/04/2022,S
1160,83326170505835,Studio Class LTDA ME,Farmácia,Goiânia,GO,Batel,2023-08-10,S
1161,53399824266217,Farmácia Nobre S/A,Perfumaria,Curitiba,PR,Vila Madalena,19/12/2021,S
1162,93.030.285/3272-76,Essência Nobre LTDA,Revendedora autônoma,Fortaleza,CE,Jardins,2022-04-05,S
1163,85461308730897,Aroma Lumiar ME,Perfumaria,Belo Horizonte,MG,Boa Viagem,2023-12-20,S
1164,77118425278630,FARMÁCIA BELLA VITA ME,Loja de shopping,Fortaleza,CE,Asa Sul,2024-11-24,S
1165,47305777196199,Casa de Fragrâncias Diva LTDA ME,Loja de departamento,Porto Alegre,RS,Vila Madalena,2025-09-09,S
1166,96833440095224,Aroma Class ME,Loja de departamento,Goiânia,GO,Meireles,23/11/2023,S
1167,21.914.390/7054-73,Loja Serena S/A,Salão de beleza,Belo Horizonte,MG,Cambuí,2024-12-26,N
1168,10162600802658,Loja Nobre S/A,E-commerce,Manaus,AM,Higienópolis,2021-06-18,S
1169,35488357192149,Essência Diva ME,Farmácia,Curitiba,PR,Bela Vista,2022-05-30,S
1170,64320317266528,ESSÊNCIA NOVA ERA ME,Salão de beleza,Campinas,SP,Pituba,2023-11-16,S
1171,00.020.860/1460-51,Essência Elegance ME,Salão de beleza,Porto Alegre,RS,Savassi,2024-07-14,S
1172,30335636930100,Farmácia Aromas do Sul LTDA ME,Revendedora autônoma,Campinas,SP,Centro,2024-06-16,S
1173,80283541589290,Aroma Lumiar LTDA ME,Revendedora autônoma,Porto Alegre,RS,Barra,2025-05-27,S
1174,28081226815947,Casa de Fragrâncias Vitória LTDA,Perfumaria,Recife,PE,Moema,2023-03-26,N
1175,83309673979842,Bella Encanto ME,Farmácia,Salvador,BA,Barra,2024-02-21,S
1176,50167671877628,COMERCIAL VITÓRIA LTDA ME,Revendedora autônoma,Recife,PE,Ipanema,2021-08-17,N
1177,62762922666788,Loja Serena LTDA ME,Revendedora autônoma,Manaus,AM,Pinheiros,2024-08-10,S
1178,22898907499359,STUDIO ROSA DOS VENTOS LTDA ME,Salão de beleza,Salvador,BA,Vila Madalena,2025-07-29,S
1179,76408385805014,Comercial Nobre LTDA ME,Farmácia,Goiânia,GO,Meireles,2023-12-21,S
1180,95651887114860,Perfumaria Aurora S/A,Salão de beleza,Belo Horizonte,MG,Asa Sul,2024-05-10,S
1181,28787570302930,Aroma Aurora LTDA,Salão de beleza,Campinas,SP,Pinheiros,2025-02-01,S
1182,74.290.695/2223-36,Comercial Prime LTDA,Perfumaria,São Paulo,SP,Pituba,2023-06-28,S
1183,24266249753740,Aroma Dourada EIRELI,Farmácia,São Paulo,SP,Ipanema,2022-11-03,S
1184,74068735445345,Espaço Beleza Aromas do Sul LTDA ME,Loja de departamento,Campinas,SP,Bela Vista,2024-04-20,S
1185,48348358626736,Boutique Charme LTDA,Salão de beleza,Manaus,AM,Aldeota,2022-06-22,S
1186,70.894.326/9834-43,Espaço Beleza Bella Vita EIRELI,Salão de beleza,Brasília,DF,Setor Bueno,2022-04-04,S
1187,50928467200734,Studio Bella Vita LTDA ME,Revendedora autônoma,São Paulo,SP,Pituba,2023-09-15,S
1188,54503801625851,Essencia Nobre LTDA,Perfumaria,Goiânia,GO,Higienópolis,2025-01-14,S
1189,53.127.943/3795-31,Studio Aurora EIRELI,Salão de beleza,Curitiba,PR,Boa Viagem,2025-05-03,S
1190,74286625108573,ESSÊNCIA NOBRE LTDA,Salão de beleza,Belo Horizonte,MG,Vila Madalena,2025-08-25,S
1191,19351174555370,Comercial Lumiar ME,Farmácia,Goiânia,GO,Asa Sul,2025-03-10,S
1192,15.756.264/1260-84,Drogaria Aurora S/A,Loja de departamento,Belo Horizonte,MG,Jardins,2025-11-27,S
1193,19.630.399/5167-04,Drogaria Íris LTDA ME,Loja de shopping,Curitiba,PR,Savassi,2025-08-04,S
1194,43888048514202,COMERCIAL ENCANTO EIRELI,Revendedora autônoma,Curitiba,PR,Batel,2022-08-07,S
1195, 31342755767299 ,Studio Aurora EIRELI,E-commerce,Manaus,AM,Meireles,2025-08-06,S
1196,34369531029771,Drogaria Nova Era LTDA,Loja de departamento,Brasília,DF,Aldeota,2024-01-26,S
1197,51732816291087,Drogaria Flor de Liz S/A,Loja de shopping,Recife,PE,Pinheiros,2023-05-22,S
1198,57376710529877,CASA DE FRAGRÂNCIAS REQUINTE S/A,E-commerce,Rio de Janeiro,RJ,Moema,2024-08-30,S
1199, 04450020268387 ,Bella Encanto EIRELI,Revendedora autônoma,Curitiba,PR,Boa Viagem,2021-07-23,S
1200,67.603.040/9346-75,Boutique Iris S/A,Loja de shopping,Brasília,DF,Jardins,2023-01-01,N
1201,82721051334601,Perfumaria Flor de Liz ME,Loja de shopping,Curitiba,PR,Higienópolis,2021-08-11,S
1202,20831681636038,Aroma Rosa dos Ventos ME,Farmácia,Curitiba,PR,Centro,2021-07-02,S
1203,94.767.200/0521-41,Loja Flor de Liz LTDA ME,Perfumaria,Brasília,DF,Higienópolis,2024-05-21,S
1204,89512370851191,Casa de Fragrâncias Dourada EIRELI,E-commerce,São Paulo,SP,Pituba,2023-03-09,S
1205,55.619.276/7137-71,Comercial Vitória S/A,Loja de shopping,Recife,PE,Savassi,2021-11-10,S
1206,67830557371388,Drogaria Charme ME,Perfumaria,Recife,PE,Setor Bueno,2021-12-28,S
1207,44.662.763/3041-17,Drogaria Serena LTDA,E-commerce,Rio de Janeiro,RJ,Setor Bueno,2022-05-03,S
1208,96863647046568,Perfumaria Elegance LTDA ME,Quiosque,Rio de Janeiro,RJ,Barra,2021-07-02,N
1209,83.793.631/5922-91,Comercial Nobre S/A,Perfumaria,Porto Alegre,RS,Moema,2023-09-24,N
1210,06291187228247,Farmácia Aromas do Sul LTDA,Perfumaria,Porto Alegre,RS,Pinheiros,2023-12-22,S
1211,57898497499799,Farmácia Rosa dos Ventos LTDA,Loja de shopping,Fortaleza,CE,Higienópolis,2024-05-08,S
1212,65.818.981/0617-35,Comercial Elegance LTDA,Farmácia,Salvador,BA,Aldeota,2022-05-23,S
1213,57261694963788,Comercial Sublime ME,Perfumaria,Salvador,BA,Savassi,2025-04-05,S
1214, 07167532163361 ,Essência Nova Era LTDA,Salão de beleza,Campinas,SP,Jardins,2026-05-22,S
1215,03729545858356,Drogaria Rosa dos Ventos EIRELI,Farmácia,Goiânia,GO,Meireles,2023-05-10,S
1216,25.517.419/2581-47,Bella Prime ME,Farmácia,Belo Horizonte,MG,Jardins,2022-04-23,S
1217,63.994.541/3845-31,STUDIO VITÓRIA LTDA,Perfumaria,Brasília,DF,Pituba,2022-11-29,S
1218,59096459872408,Loja Serena ME,Quiosque,Brasília,DF,Moema,2023-09-07,S
1219,11.339.736/7072-17,Bella Prime EIRELI,Perfumaria,Brasília,DF,Boa Viagem,2023-05-27,S
1220, 41983063236540 ,Aroma Encanto EIRELI,Farmácia,Manaus,AM,Setor Bueno,2024-02-22,S
1221,42.024.350/9476-51,Aroma Essenza EIRELI,Loja de departamento,Brasília,DF,Asa Sul,2024-01-04,N
1222,41.475.398/9137-05,Essência Nobre LTDA,Loja de shopping,Goiânia,GO,Jardins,2022-12-04,S
1223,61103565942992,Boutique Rosa dos Ventos LTDA ME,Loja de shopping,Belo Horizonte,MG,Vila Madalena,2024-06-21,S
1224,92.295.338/6194-11,Studio Aurora S/A,Revendedora autônoma,Recife,PE,Setor Bueno,2021-08-19,S
1225,24066283463348,Essência Elegance LTDA ME,Revendedora autônoma,Campinas,SP,Bela Vista,2021-08-25,S
1226,40.865.424/3826-92,Loja Dourada ME,Perfumaria,Goiânia,GO,Centro,2021-07-24,S
1227,28.895.947/0396-96,Studio Flor de Liz LTDA ME,Salão de beleza,Salvador,BA,Jardins,2023-01-30,S
1228, 88300995428873 ,Aroma Diva S/A,Loja de departamento,Rio de Janeiro,RJ,Vila Madalena,2023-02-17,S
1229,99470617069014,Perfumaria Elegance S/A,Farmácia,Brasília,DF,Aldeota,2022-03-15,S
1230,75665051886016,Studio Prime ME,E-commerce,Recife,PE,Meireles,2021-11-30,S
1231,96.985.045/0566-93,Drogaria Dourada ME,Perfumaria,Salvador,BA,Vila Madalena,2021-12-14,N
1232,89257140250385,Comercial Encanto S/A,Loja de shopping,Manaus,AM,Moema,2021-12-02,S
1233,84.936.806/3585-30,Loja Aromas do Sul S/A,Loja de shopping,Curitiba,PR,Cambuí,2024-11-21,S
1234,30.485.277/5867-03,Perfumaria Elegance LTDA ME,Loja de shopping,Goiânia,GO,Setor Bueno,2022-07-01,S
1235,94.689.633/1812-33,Farmácia Rosa dos Ventos LTDA,Loja de departamento,Curitiba,PR,Barra,2022-08-04,S
1236,44577626263678,LOJA DOURADA LTDA ME,Quiosque,Fortaleza,CE,Ipanema,30/11/2022,S
1237,43485295377403,Espaço Beleza Rosa dos Ventos EIRELI,Loja de departamento,Campinas,SP,Batel,2021-12-31,N
1238,67514975341157,Perfumaria Requinte S/A,Revendedora autônoma,Fortaleza,CE,Jardins,2023-07-04,S
1239,94065658234453,Aroma Íris EIRELI,Salão de beleza,São Paulo,SP,Boa Viagem,2021-09-22,S
1240,26600047091103,Comercial Essenza LTDA,Salão de beleza,Campinas,SP,Bela Vista,2022-12-11,S
1241,65118158374661,Loja Íris LTDA,Quiosque,Manaus,AM,Vila Madalena,2022-12-03,S
1242, 04796668290525 ,Perfumaria Sublime S/A,Salão de beleza,Campinas,SP,Boa Viagem,2022-05-28,S
1243,30292764054739,Farmácia Dourada LTDA,Loja de shopping,Manaus,AM,Meireles,2021-09-02,S
1244,66047473389147,Loja Encanto EIRELI,E-commerce,Brasília,DF,Centro,2021-11-12,S
1245,44102387351866,Loja Encanto LTDA,Quiosque,Goiânia,GO,Meireles,2022-12-06,S
1246,83.025.853/4658-15,Aroma Prime LTDA,Salão de beleza,Rio de Janeiro,RJ,Cambuí,2023-06-29,S
1247,90.984.128/6558-16,Boutique Aromas do Sul ME,Loja de shopping,Goiânia,GO,Savassi,2022-02-01,S
1248,89180038146342,Farmácia Requinte EIRELI,Loja de shopping,Porto Alegre,RS,Barra,13/09/2023,S
1249,91.218.527/3411-46,Aroma Class EIRELI,Salão de beleza,São Paulo,SP,Jardins,2024-11-25,S
1250,30304407781109,Aroma Nobre EIRELI,E-commerce,Salvador,BA,Vila Madalena,2022-05-21,S
1251,54.182.991/2699-45,Studio Flor de Liz LTDA,Farmácia,Porto Alegre,RS,Savassi,2025-07-12,S
1252,66910082242168,Drogaria Essenza LTDA ME,Loja de shopping,Manaus,AM,Pinheiros,2023-11-17,S
1253,99620834791005,Loja Charme ME,Salão de beleza,Recife,PE,Aldeota,2026-06-12,N
1254,22.007.485/9724-38,Studio Class LTDA,Loja de shopping,Curitiba,PR,Boa Viagem,2022-01-27,S
1255,58.028.606/0480-22,Loja Dourada LTDA ME,E-commerce,São Paulo,SP,Pinheiros,2025-09-03,S
1256,50904189856643,AROMA CLASS LTDA ME,Salão de beleza,Goiânia,GO,Barra,2025-10-04,S
1257,88876569931360,Studio Aurora LTDA,Loja de shopping,Fortaleza,CE,Meireles,02/05/2022,S
1258,47947199038035,Espaço Beleza Nova Era EIRELI,E-commerce,São Paulo,SP,Higienópolis,2023-12-28,S
1259,94419147905347,Farmácia Íris LTDA ME,Salão de beleza,Manaus,AM,Jardins,2023-12-14,S
1260,32670848868656,Casa de Fragrâncias Aromas do Sul ME,Loja de shopping,Salvador,BA,Boa Viagem,2023-11-01,S
1261,80183235306885,Aroma Íris LTDA ME,E-commerce,Belo Horizonte,MG,Pituba,2022-04-11,S
1262,64583744959752,Farmácia Rosa dos Ventos EIRELI,Revendedora autônoma,Goiânia,GO,Cambuí,2026-06-14,S
1263,89748741148626,BELLA SERENA LTDA,Farmácia,Belo Horizonte,MG,Pituba,2022-03-08,S
1264,34965515641967,Bella Aurora LTDA,Revendedora autônoma,Salvador,BA,Meireles,2021-09-13,S
1265,20163015972242,Essência Requinte ME,Revendedora autônoma,Brasília,DF,Vila Madalena,18/12/2023,S
1266,84601804033480,Boutique Lumiar ME,Salão de beleza,Goiânia,GO,Bela Vista,2024-04-07,S
1267,71554460539260,Bella Diva ME,E-commerce,Manaus,AM,Jardins,2022-03-21,S
1268,36499119285672,Drogaria Essenza EIRELI,Perfumaria,Manaus,AM,Meireles,2021-11-10,S
1269,77558212626439,Essência Diva LTDA,E-commerce,São Paulo,SP,Centro,2022-08-04,S
1270, 19919817755129 ,Studio Prime EIRELI,E-commerce,Salvador,BA,Savassi,2023-02-12,S
1271,98.283.859/7477-65,Loja Aurora EIRELI,Perfumaria,Porto Alegre,RS,Asa Sul,2022-07-18,S
1272,34368771569220,Loja Diva ME,Perfumaria,Manaus,AM,Savassi,2021-05-28,S
1273,97710011547734,Bella Aromas do Sul LTDA ME,E-commerce,Salvador,BA,Ipanema,2024-11-13,S
1274,85.641.354/7416-85,Drogaria Vitória ME,Salão de beleza,Fortaleza,CE,Ipanema,2022-07-28,S
1275,95794758166028,BOUTIQUE ÍRIS ME,Farmácia,São Paulo,SP,Setor Bueno,2023-03-14,S
1276,07146971479734,Studio Nobre LTDA,Salão de beleza,Porto Alegre,RS,Meireles,2023-12-22,S
1277,56.017.039/6101-75,Farmácia Lumiar LTDA,Perfumaria,Porto Alegre,RS,Aldeota,2024-06-30,S
1278,49078692855162,Studio Vitória S/A,Salão de beleza,Campinas,SP,Vila Madalena,2024-01-21,S
1279,35.367.355/8960-70,Essência Essenza ME,Revendedora autônoma,Campinas,SP,Ipanema,2026-03-01,S
1280,90143097427493,Casa de Fragrâncias Rosa dos Ventos S/A,Revendedora autônoma,Curitiba,PR,Moema,2022-03-31,S
1281,80300735658260,Aroma Íris ME,Loja de shopping,Porto Alegre,RS,Pituba,2025-08-17,S
1282,12.886.691/1223-21,Casa de Fragrâncias Prime LTDA ME,Loja de shopping,Porto Alegre,RS,Savassi,2023-03-11,S
1283,89.259.465/7446-53,Essência Encanto LTDA,Salão de beleza,Campinas,SP,Savassi,2023-08-28,S
1284,85136738052038,Loja Íris S/A,Revendedora autônoma,Manaus,AM,Savassi,2026-05-01,S
1285,71462201483335,Farmácia Prime LTDA ME,Farmácia,Porto Alegre,RS,Meireles,2023-03-05,S
1286,30876477090676,Loja Diva ME,Revendedora autônoma,São Paulo,SP,Ipanema,2024-01-23,N
1287,71621720488868,Espaço Beleza Diva S/A,Farmácia,Recife,PE,Barra,2024-05-23,S
1288,26.456.496/7419-91,Comercial Dourada S/A,Perfumaria,Campinas,SP,Pituba,2025-04-25,S
1289, 42519701815891 ,Studio Diva LTDA ME,Loja de shopping,Curitiba,PR,Aldeota,2023-08-14,S
1290, 53193625260221 ,Espaço Beleza Sublime LTDA ME,Perfumaria,Rio de Janeiro,RJ,Asa Sul,2022-04-18,S
1291,93358384391065,LOJA ENCANTO EIRELI,Farmácia,Belo Horizonte,MG,Pinheiros,2025-08-01,S
1292,51021401283319,Studio Nova Era LTDA,Quiosque,Manaus,AM,Cambuí,2022-10-26,S
1293,71.771.703/0568-70,Essência Diva LTDA,Loja de shopping,Goiânia,GO,Pinheiros,2021-06-16,S
1294,89533768418767,Perfumaria Aurora LTDA ME,Loja de departamento,Curitiba,PR,Setor Bueno,2022-01-24,S
1295,97317303324967,ESSÊNCIA NOBRE LTDA,Quiosque,Campinas,SP,Setor Bueno,2022-10-20,S
1296,09.473.181/5605-42,Studio Encanto LTDA ME,Salão de beleza,Brasília,DF,Savassi,2026-05-02,S
1297,79.764.754/5657-28,Drogaria Diva S/A,Loja de shopping,São Paulo,SP,Bela Vista,2021-07-02,S
1298,03.909.846/8560-66,Farmácia Elegance S/A,Loja de departamento,Campinas,SP,Vila Madalena,2023-08-26,S
1299,09777795703996,Loja Nova Era ME,Quiosque,Fortaleza,CE,Aldeota,2023-11-11,N
1300,07.351.289/6220-68,Boutique Elegance ME,Loja de shopping,Rio de Janeiro,RJ,Batel,2023-09-24,S
1301,34460606943069,Casa de Fragrâncias Lumiar S/A,Revendedora autônoma,Goiânia,GO,Cambuí,2022-09-28,S
1302,41285370064488,Casa de Fragrâncias Vitória LTDA,Quiosque,Goiânia,GO,Bela Vista,2022-10-14,S
1303,25542805376425,Espaço Beleza Íris S/A,Quiosque,Porto Alegre,RS,Aldeota,2022-10-20,S
1304,20.392.213/1701-95,Boutique Nova Era S/A,Loja de departamento,São Paulo,SP,Higienópolis,12/07/2021,S
1305, 87287314249562 ,Aroma Nova Era LTDA ME,Quiosque,Goiânia,GO,Savassi,2021-06-09,S
1306,32888070051028,Drogaria Aurora ME,Farmácia,Curitiba,PR,Centro,2021-12-08,S
1307,54541648792104,Casa de Fragrâncias Serena LTDA,Quiosque,Fortaleza,CE,Ipanema,2022-05-24,S
1308,97442036078548,Espaço Beleza Rosa dos Ventos ME,Salão de beleza,Campinas,SP,Higienópolis,2026-04-10,S
1309,06.014.579/2326-71,Espaço Beleza Flor de Liz S/A,Salão de beleza,Brasília,DF,Centro,2023-03-03,S
1310,19.679.720/9251-92,ESPAÇO BELEZA CLASS ME,Loja de shopping,São Paulo,SP,Batel,2026-03-30,S
1311,04937958291585,Comercial Elegance S/A,Farmácia,Fortaleza,CE,Moema,2022-11-11,S
1312,07574142487396,Studio Essenza S/A,Salão de beleza,Belo Horizonte,MG,Barra,2023-10-13,S
1313,49.773.677/2443-43,Espaço Beleza Rosa dos Ventos ME,Quiosque,Belo Horizonte,MG,Pinheiros,2022-10-01,S
1314,56.438.029/9034-80,Perfumaria Serena LTDA,Loja de departamento,Rio de Janeiro,RJ,Setor Bueno,2025-12-27,N
1315,65737624266225,Boutique Íris S/A,Perfumaria,Rio de Janeiro,RJ,Moema,2023-03-16,S
1316,01527311722641,Comercial Nova Era LTDA,Salão de beleza,Porto Alegre,RS,Moema,2023-03-22,S
1317,93359847422983,Bella Rosa dos Ventos LTDA ME,Loja de departamento,Belo Horizonte,MG,Moema,2022-11-10,S
1318,90226247365003,Studio Bella Vita LTDA,Perfumaria,Curitiba,PR,Aldeota,2023-11-13,S
1319,44278735540423,Studio Charme LTDA,Quiosque,Campinas,SP,Aldeota,2023-12-21,S
1320, 93934396904539 ,Drogaria Sublime LTDA ME,Salão de beleza,Porto Alegre,RS,Barra,2023-08-23,S
1321,38133073453302,Drogaria Charme EIRELI,Farmácia,Curitiba,PR,Asa Sul,19/05/2023,N
1322,85.372.033/5051-60,Farmácia Aurora LTDA ME,Salão de beleza,Goiânia,GO,Ipanema,2025-01-14,S
1323,87094042245641,Casa de Fragrâncias Class LTDA,Loja de shopping,Salvador,BA,Barra,24/03/2024,S
1324, 78191350534941 ,Casa de Fragrâncias Rosa dos Ventos LTDA,Salão de beleza,São Paulo,SP,Pinheiros,2026-01-23,S
1325,28246306162185,Perfumaria Lumiar LTDA ME,Perfumaria,Curitiba,PR,Cambuí,2025-01-13,N
1326,05.986.856/9771-43,Perfumaria Sublime LTDA,Loja de departamento,Belo Horizonte,MG,Jardins,18/06/2023,S
1327,46103927888818,Comercial Vitória S/A,Farmácia,Rio de Janeiro,RJ,Vila Madalena,06/10/2025,S
1328,85185690509656,Comercial Rosa dos Ventos ME,Loja de shopping,Fortaleza,CE,Centro,2021-07-19,S
1329,72.081.472/3735-64,Bella Aurora S/A,Revendedora autônoma,Belo Horizonte,MG,Pinheiros,2024-07-27,S
1330,99.951.454/9836-71,Studio Bella Vita LTDA ME,E-commerce,Brasília,DF,Bela Vista,2023-03-19,S
1331, 51857116456059 ,Essência Vitória LTDA,Revendedora autônoma,Fortaleza,CE,Aldeota,2022-08-15,S
1332,00258565337773,Comercial Rosa dos Ventos S/A,Farmácia,Belo Horizonte,MG,Boa Viagem,2024-07-26,S
1333,54.872.012/4025-45,Essência Nova Era LTDA,Salão de beleza,Rio de Janeiro,RJ,Jardins,2024-10-30,S
1334,83.976.738/8724-61,Boutique Sublime ME,E-commerce,Goiânia,GO,Jardins,27/03/2025,N
1335,14352949307417,Casa de Fragrâncias Dourada LTDA ME,Loja de departamento,Goiânia,GO,Batel,2021-06-26,S
1336,35189622527560,Drogaria Vitória EIRELI,Perfumaria,Fortaleza,CE,Pinheiros,2025-05-14,S
1337,12515890418280,Perfumaria Aromas do Sul LTDA,Loja de departamento,Fortaleza,CE,Meireles,2025-10-18,S
1338,88.447.909/8636-15,ESPAÇO BELEZA ENCANTO EIRELI,Salão de beleza,Fortaleza,CE,Centro,2023-11-19,S
1339,82488631373714,Espaço Beleza Bella Vita ME,Farmácia,Porto Alegre,RS,Pinheiros,2024-11-15,S
1340,41.939.606/1047-18,FARMÁCIA NOVA ERA S/A,Farmácia,Rio de Janeiro,RJ,Cambuí,2021-06-27,S
1341,92.476.883/4103-41,Farmácia Aromas do Sul LTDA,Farmácia,Recife,PE,Cambuí,2024-11-11,S
1342,32.517.904/4708-56,Perfumaria Diva LTDA ME,E-commerce,Manaus,AM,Bela Vista,2024-08-30,S
1343,10.314.564/5722-75,Loja Dourada LTDA,Perfumaria,Curitiba,PR,Aldeota,2022-01-08,S
1344,99.870.933/9136-94,Essência Essenza LTDA,Loja de departamento,Goiânia,GO,Centro,2026-06-08,S
1345,75.318.057/6310-10,Essência Íris LTDA,Salão de beleza,Recife,PE,Barra,2021-09-04,S
1346,40047486794869,Espaço Beleza Essenza LTDA ME,E-commerce,Recife,PE,Barra,05/10/2021,S
1347,00770177375949,Loja Sublime LTDA,Perfumaria,Rio de Janeiro,RJ,Moema,2023-07-25,S
1348,60049021444155,Boutique Vitória S/A,Revendedora autônoma,Goiânia,GO,Vila Madalena,2022-04-19,S
1349,52391703353004,Aroma Diva EIRELI,Loja de departamento,Salvador,BA,Pinheiros,2021-05-21,S
1350,97731739462487,BELLA AROMAS DO SUL EIRELI,Revendedora autônoma,Manaus,AM,Pinheiros,2023-10-26,S
1351,39276871413493,Studio Diva LTDA ME,Quiosque,Campinas,SP,Vila Madalena,22/12/2023,N
1352,81735792116250,CASA DE FRAGRÂNCIAS DOURADA LTDA ME,Revendedora autônoma,Salvador,BA,Meireles,2022-06-19,S
1353,97014557039342,Bella Aromas do Sul LTDA ME,Farmácia,Brasília,DF,Batel,02/01/2022,S
1354,90.509.260/0011-01,Farmácia Nova Era LTDA ME,Loja de departamento,Belo Horizonte,MG,Asa Sul,02/11/2022,S
1355,98.121.300/8823-84,Aroma Aromas do Sul LTDA ME,Perfumaria,Manaus,AM,Meireles,2022-07-26,S
1356,10448177365561,Drogaria Aurora LTDA ME,Loja de shopping,Curitiba,PR,Moema,2024-11-13,S
1357,41761302364169,Casa de Fragrâncias Serena S/A,Revendedora autônoma,Recife,PE,Vila Madalena,2023-05-02,S
1358,40323919325282,Drogaria Diva S/A,Farmácia,Recife,PE,Asa Sul,2022-06-01,S
1359,95.225.296/4448-43,Espaço Beleza Flor de Liz LTDA,Loja de departamento,Goiânia,GO,Barra,2022-04-06,S
1360,40980587715559,Bella Prime LTDA ME,Loja de departamento,Recife,PE,Jardins,2024-05-10,S
1361,91204637216266,Espaço Beleza Encanto LTDA,Salão de beleza,Salvador,BA,Centro,2025-03-14,S
1362,59997737939579,Studio Serena ME,Farmácia,Salvador,BA,Aldeota,2022-11-25,S
1363,11736703862567,Espaço Beleza Encanto ME,Salão de beleza,Rio de Janeiro,RJ,Centro,2025-02-12,S
1364,05630829248287,Farmácia Bella Vita LTDA ME,Loja de shopping,Brasília,DF,Bela Vista,02/06/2023,S
1365,27365485220720,Espaço Beleza Encanto ME,Perfumaria,Rio de Janeiro,RJ,Asa Sul,23/04/2024,S
1366,62796365129555,Perfumaria Class LTDA,Perfumaria,Rio de Janeiro,RJ,Savassi,2024-02-27,S
1367,84226230036072,BELLA SERENA S/A,Loja de shopping,Manaus,AM,Meireles,10/10/2024,S
1368, 24375391692809 ,Boutique Flor de Liz LTDA ME,Loja de departamento,Campinas,SP,Vila Madalena,2024-01-16,S
1369, 74033045441061 ,Perfumaria Aurora S/A,Quiosque,Brasília,DF,Cambuí,24/03/2022,S
1370,51.764.296/2809-24,Perfumaria Serena S/A,Salão de beleza,Rio de Janeiro,RJ,Vila Madalena,2024-09-07,S
1371,61.315.255/2322-80,Loja Serena LTDA ME,Revendedora autônoma,Manaus,AM,Barra,2022-11-07,S
1372,04762539501115,Espaço Beleza Íris ME,Salão de beleza,Porto Alegre,RS,Higienópolis,2023-10-12,S
1373,60317489030458,Farmácia Aromas do Sul LTDA ME,Quiosque,Belo Horizonte,MG,Setor Bueno,01/05/2026,S
1374,29355459205596,Studio Requinte LTDA,Quiosque,Belo Horizonte,MG,Meireles,2022-03-09,S
1375,83.045.762/7451-16,Espaço Beleza Nova Era LTDA ME,Salão de beleza,Goiânia,GO,Jardins,2024-08-31,S
1376, 52213368960083 ,Drogaria Sublime S/A,Farmácia,Rio de Janeiro,RJ,Barra,2023-02-22,N
1377,46.113.997/9927-15,Boutique Sublime LTDA ME,Revendedora autônoma,Fortaleza,CE,Bela Vista,2022-06-18,S
1378,85898681843976,Aroma Aurora LTDA ME,Perfumaria,Belo Horizonte,MG,Setor Bueno,2026-04-06,S
1379,44.574.441/0769-26,Essência Serena ME,Salão de beleza,Goiânia,GO,Aldeota,2023-11-29,S
1380, 16043598398590 ,Casa de Fragrâncias Sublime EIRELI,Loja de departamento,Goiânia,GO,Barra,2022-01-29,S
1381,56816784340730,Aroma Lumiar LTDA ME,Farmácia,Fortaleza,CE,Savassi,2022-03-10,S
1382,35007883692233,Boutique Elegance LTDA ME,Perfumaria,Campinas,SP,Cambuí,10/11/2021,S
1383,50231265327355,Drogaria Dourada S/A,Quiosque,Brasília,DF,Meireles,2024-01-02,S
1384,34.771.469/5093-55,Perfumaria Charme LTDA,Quiosque,Belo Horizonte,MG,Savassi,2022-08-10,S
1385,36.445.947/6121-89,Aroma Charme LTDA ME,Farmácia,Rio de Janeiro,RJ,Centro,10/04/2023,S
1386,07.612.228/3056-44,Boutique Aurora EIRELI,Salão de beleza,Salvador,BA,Cambuí,2022-04-27,S
1387,95.026.356/0777-89,Boutique Serena ME,Revendedora autônoma,Salvador,BA,Meireles,2022-12-03,S
1388,04600823696269,PERFUMARIA NOVA ERA LTDA ME,Loja de shopping,Goiânia,GO,Cambuí,2025-03-08,S
1389,17.906.701/5120-03,ESSÊNCIA REQUINTE LTDA,E-commerce,Recife,PE,Pituba,2021-05-24,S
1390,62183339192969,Perfumaria Rosa dos Ventos LTDA,Revendedora autônoma,Rio de Janeiro,RJ,Vila Madalena,2025-08-12,N
1391,82283774270549,DROGARIA AROMAS DO SUL ME,Quiosque,São Paulo,SP,Meireles,2021-07-13,S
1392,80.126.980/4466-58,Loja Íris LTDA,E-commerce,Manaus,AM,Vila Madalena,02/06/2021,S
1393,64.724.525/7378-74,Perfumaria Lumiar LTDA,E-commerce,São Paulo,SP,Asa Sul,2022-01-14,S
1394,77.061.298/8972-84,Studio Charme S/A,Perfumaria,Fortaleza,CE,Batel,2023-10-20,S
1395,16.417.005/3718-60,Espaço Beleza Sublime LTDA,Loja de departamento,Campinas,SP,Moema,2022-10-17,S
1396,66479512798312,Casa de Fragrâncias Dourada LTDA,Revendedora autônoma,Campinas,SP,Centro,2025-09-05,S
1397,19848087017086,Casa de Fragrâncias Prime LTDA,Farmácia,Goiânia,GO,Savassi,2021-12-11,S
1398, 74043368957967 ,Comercial Essenza LTDA,E-commerce,São Paulo,SP,Moema,2023-10-27,S
1399,00701785020502,Drogaria Serena ME,Quiosque,Goiânia,GO,Boa Viagem,2022-09-20,N
1400,29759974753965,Drogaria Class ME,E-commerce,São Paulo,SP,Asa Sul,2022-02-20,S
1401,04.164.153/7405-13,Loja Iris LTDA ME,Revendedora autônoma,Belo Horizonte,MG,Aldeota,2023-05-02,S
1402,60855717490584,Essência Dourada S/A,Farmácia,Rio de Janeiro,RJ,Bela Vista,2022-06-24,N
1403,86.240.574/4509-99,Essência Class ME,Loja de shopping,Salvador,BA,Aldeota,2021-07-17,S
1404,11.108.518/4668-98,Farmácia Vitória EIRELI,Loja de shopping,Rio de Janeiro,RJ,Vila Madalena,2022-11-13,S
1405,30734800226425,Perfumaria Nobre EIRELI,Loja de shopping,Campinas,SP,Boa Viagem,2021-11-22,S
1406,78192147498474,Loja Flor de Liz LTDA ME,Revendedora autônoma,Brasília,DF,Asa Sul,2025-02-26,S
1407,14617275804529,Studio Sublime S/A,Loja de departamento,Belo Horizonte,MG,Aldeota,2023-08-28,S
1408, 87754458474134 ,Bella Nova Era ME,Loja de shopping,Brasília,DF,Centro,2026-05-19,S
1409,62751934638901,ESSÊNCIA ROSA DOS VENTOS S/A,E-commerce,Goiânia,GO,Ipanema,2023-10-24,S
1410,56862230706594,Farmácia Diva LTDA,Revendedora autônoma,Rio de Janeiro,RJ,Batel,2025-07-21,S
1411,33037271862447,Farmacia Charme LTDA,Farmácia,Porto Alegre,RS,Centro,2022-09-11,S
1412,87806615459858,Comercial Nobre EIRELI,Salão de beleza,Belo Horizonte,MG,Centro,2022-06-03,S
1413,82521288669059,DROGARIA AROMAS DO SUL S/A,E-commerce,Brasília,DF,Higienópolis,2023-02-21,S
1414,05.203.132/9887-12,Boutique Íris LTDA ME,Perfumaria,Fortaleza,CE,Setor Bueno,2023-06-30,S
1415,78.626.852/7287-60,Loja Aromas do Sul ME,Quiosque,Fortaleza,CE,Aldeota,2026-01-31,S
1416,06283345573562,Loja Rosa dos Ventos LTDA,Loja de shopping,Manaus,AM,Cambuí,2023-08-03,S
1417, 59730273228570 ,Perfumaria Charme EIRELI,E-commerce,Brasília,DF,Setor Bueno,2022-12-02,S
1418, 93977041167881 ,Aroma Encanto LTDA ME,Loja de departamento,Brasília,DF,Aldeota,2022-08-27,S
1419,56.904.484/6733-22,Essência Aromas do Sul S/A,Loja de shopping,Recife,PE,Higienópolis,2024-04-10,S
1420,70062394599426,Aroma Aromas do Sul S/A,Perfumaria,Manaus,AM,Jardins,2025-10-28,S
1421,03398013871628,Casa de Fragrâncias Aromas do Sul LTDA,Perfumaria,Manaus,AM,Centro,2025-11-09,S
1422, 33743567027728 ,Casa de Fragrâncias Requinte LTDA ME,Loja de departamento,Salvador,BA,Ipanema,2025-07-24,S
1423,45.759.599/5505-53,Loja Flor de Liz EIRELI,Farmácia,Goiânia,GO,Setor Bueno,09/06/2026,S
1424,39525252078821,Farmácia Requinte ME,Farmácia,Brasília,DF,Ipanema,2022-06-17,S
1425,45.203.027/6947-30,Essência Bella Vita ME,Loja de shopping,Manaus,AM,Ipanema,2021-10-17,S
1426,21244029363409,Casa de Fragrâncias Prime EIRELI,Perfumaria,Curitiba,PR,Cambuí,2024-11-30,S
1427,04794123254601,Farmácia Elegance EIRELI,Farmácia,São Paulo,SP,Barra,2021-07-26,S
1428, 57133996276861 ,Drogaria Flor de Liz LTDA,E-commerce,Brasília,DF,Boa Viagem,2023-08-18,S
1429,38.130.149/4802-98,Studio Diva LTDA ME,Farmácia,Manaus,AM,Ipanema,2024-05-21,S
1430,91.990.821/3356-83,BOUTIQUE ÍRIS LTDA ME,Loja de shopping,Rio de Janeiro,RJ,Setor Bueno,2024-02-22,S
1431,17.103.891/9187-40,Farmácia Vitória ME,Perfumaria,Manaus,AM,Centro,2022-11-14,S
1432,44.956.071/4876-50,Casa de Fragrancias Serena LTDA ME,Loja de shopping,Curitiba,PR,Moema,2021-11-21,S
1433,31603781105703,Perfumaria Íris LTDA ME,Revendedora autônoma,Manaus,AM,Centro,2021-06-15,N
1434,94.696.693/2337-00,Perfumaria Nova Era LTDA ME,Perfumaria,Goiânia,GO,Moema,2025-07-23,S
1435,86.332.343/0658-74,Studio Serena ME,Revendedora autônoma,São Paulo,SP,Cambuí,26/01/2023,S
1436,97.228.582/5854-55,PERFUMARIA ELEGANCE EIRELI,Loja de departamento,São Paulo,SP,Boa Viagem,2024-12-27,S
1437,67883873693238,Essência Lumiar EIRELI,Loja de departamento,Curitiba,PR,Vila Madalena,2025-04-30,S
1438,86.741.637/1206-31,Studio Lumiar LTDA ME,Loja de shopping,Porto Alegre,RS,Savassi,2022-02-08,S
1439,40811441572814,Farmácia Íris S/A,Farmácia,Brasília,DF,Savassi,2023-06-21,S
1440,36.118.926/0555-46,Bella Diva S/A,Loja de shopping,São Paulo,SP,Pinheiros,2022-09-14,S
1441,37714034454595,Perfumaria Vitória LTDA,Perfumaria,Porto Alegre,RS,Moema,2022-05-15,S
1442,22723869742173,ESPAÇO BELEZA CLASS LTDA,Revendedora autônoma,Recife,PE,Cambuí,2022-06-25,S
1443,70.934.099/1650-81,Boutique Dourada S/A,Perfumaria,Campinas,SP,Higienópolis,2025-05-24,S
1444,77.006.279/5951-42,Comercial Nova Era EIRELI,Loja de departamento,Manaus,AM,Moema,2022-09-05,S
1445,75.627.528/0016-17,Studio Encanto EIRELI,Quiosque,Manaus,AM,Barra,10/07/2023,S
1446,63.832.648/9710-01,Drogaria Requinte EIRELI,Farmácia,Rio de Janeiro,RJ,Cambuí,2026-03-24,S
1447,30494841423552,Drogaria Aromas do Sul LTDA ME,Quiosque,Rio de Janeiro,RJ,Pinheiros,2025-04-07,S
1448, 81302656477115 ,Espaço Beleza Lumiar LTDA,Farmácia,Goiânia,GO,Bela Vista,2021-10-07,S
1449,10.791.161/1464-46,Perfumaria Nova Era LTDA ME,Revendedora autônoma,Porto Alegre,RS,Setor Bueno,2024-03-18,S
1450,73.885.237/7487-70,Aroma Charme EIRELI,Farmácia,Porto Alegre,RS,Cambuí,09/05/2024,S
1451,18.082.267/9909-66,Espaço Beleza Íris EIRELI,Loja de shopping,Belo Horizonte,MG,Meireles,2022-05-12,S
1452,95716468210037,Loja Bella Vita ME,Perfumaria,Curitiba,PR,Jardins,2024-08-13,S
1453,66932070983484,Loja Encanto S/A,Loja de departamento,Brasília,DF,Vila Madalena,2023-10-21,S
1454,96.507.445/6572-67,Farmacia Requinte S/A,E-commerce,Belo Horizonte,MG,Savassi,2022-06-15,S
1455,47.795.003/4522-02,Studio Vitória LTDA,Loja de departamento,Goiânia,GO,Pinheiros,2022-03-21,S
1456,52573309074063,Drogaria Serena ME,Salão de beleza,Porto Alegre,RS,Pinheiros,2026-02-10,S
1457,12.583.799/0053-66,Boutique Elegance EIRELI,Loja de departamento,Salvador,BA,Higienópolis,18/01/2026,S
1458,62.837.237/2259-31,Bella Bella Vita LTDA,Quiosque,Manaus,AM,Setor Bueno,23/04/2025,S
1459,40370433331883,Aroma Essenza ME,Loja de departamento,Curitiba,PR,Pituba,2021-09-05,S
1460,04737198517696,Essência Class EIRELI,Loja de departamento,Campinas,SP,Batel,2026-07-01,S
1461,83792640532739,Studio Elegance EIRELI,Salão de beleza,Fortaleza,CE,Batel,2022-04-08,S
1462,39039799783315,Studio Íris EIRELI,Salão de beleza,Brasília,DF,Moema,2024-12-06,S
1463,02506668606734,Essência Nova Era S/A,Farmácia,Manaus,AM,Vila Madalena,2021-11-24,S
1464,95910385242762,Boutique Lumiar EIRELI,Loja de departamento,Brasília,DF,Vila Madalena,2025-08-27,S
1465,49.594.038/9554-65,Boutique Essenza LTDA ME,Salão de beleza,Goiânia,GO,Pituba,2022-03-25,S
1466,21.027.366/3256-73,Espaço Beleza Lumiar EIRELI,E-commerce,São Paulo,SP,Moema,2025-03-29,S
1467,01910904886607,Comercial Encanto EIRELI,Loja de shopping,Recife,PE,Aldeota,2023-07-04,S
1468,93785954176090,Essência Class S/A,Loja de departamento,Brasília,DF,Setor Bueno,2023-07-24,S
1469,34669447338780,Aroma Nobre LTDA ME,Perfumaria,Fortaleza,CE,Moema,10/04/2026,S
1470,84771988837434,Studio Elegance S/A,Salão de beleza,Fortaleza,CE,Boa Viagem,18/10/2025,S
1471,23.089.964/6924-34,Studio Nobre ME,Loja de departamento,São Paulo,SP,Boa Viagem,2023-05-15,S
1472,56.038.710/8803-54,Comercial Aurora EIRELI,Loja de departamento,Campinas,SP,Jardins,2022-04-26,S
1473,47.476.911/6122-15,Bella Nova Era LTDA ME,Revendedora autônoma,Recife,PE,Ipanema,2024-06-03,S
1474,81900415893335,Bella Diva LTDA,Loja de departamento,Recife,PE,Barra,2023-12-08,S
1475,00295738010124,Espaço Beleza Essenza EIRELI,Farmácia,Salvador,BA,Pinheiros,2022-09-08,S
1476,19499913650551,Studio Íris S/A,Revendedora autônoma,Campinas,SP,Bela Vista,2026-05-01,S
1477,71.708.049/2932-85,Studio Íris LTDA,Farmácia,Campinas,SP,Barra,2024-07-28,S
1478,13495220940037,Loja Class S/A,Quiosque,Belo Horizonte,MG,Pinheiros,2024-04-05,S
1479,48066112620306,CASA DE FRAGRÂNCIAS ROSA DOS VENTOS LTDA,Loja de departamento,Fortaleza,CE,Savassi,2022-08-05,S
1480,18.112.399/3302-55,Studio Charme LTDA,Quiosque,São Paulo,SP,Batel,2021-05-25,S
1481,59.688.910/9619-68,Perfumaria Class ME,Salão de beleza,Porto Alegre,RS,Batel,2024-05-25,S
1482,60816418044608,Farmácia Dourada LTDA,Quiosque,Curitiba,PR,Higienópolis,2024-03-31,S
1483,69.544.950/6095-80,Essência Nobre LTDA ME,Quiosque,Porto Alegre,RS,Higienópolis,2022-05-08,S
1484, 85907429414290 ,Aroma Lumiar LTDA ME,Quiosque,Goiânia,GO,Meireles,2023-01-16,S
1485,84766919530164,Farmácia Rosa dos Ventos EIRELI,Loja de departamento,Campinas,SP,Pinheiros,2026-06-08,S
1486,90.262.976/1166-28,Essência Requinte S/A,Revendedora autônoma,Salvador,BA,Pinheiros,2022-06-07,S
1487,67.016.562/7740-21,Drogaria Elegance LTDA,Quiosque,Goiânia,GO,Batel,2022-08-18,S
1488,23.525.600/8589-49,Drogaria Flor de Liz EIRELI,Quiosque,Porto Alegre,RS,Jardins,2022-06-25,S
1489,05353131845605,Boutique Charme ME,Loja de shopping,Belo Horizonte,MG,Savassi,2023-05-20,N
1490,29443141408783,Aroma Serena LTDA ME,Revendedora autônoma,Rio de Janeiro,RJ,Pituba,2023-03-08,S
1491,24021168231379,Espaço Beleza Flor de Liz LTDA,Farmácia,Brasília,DF,Pinheiros,2021-07-01,S
1492,26578963558774,Boutique Encanto S/A,Loja de departamento,Porto Alegre,RS,Higienópolis,2022-09-22,S
1493, 72544225351178 ,Casa de Fragrâncias Bella Vita ME,Perfumaria,Manaus,AM,Ipanema,2021-07-19,S
1494,82.872.047/6766-60,ESSÊNCIA NOBRE S/A,Quiosque,Manaus,AM,Batel,2026-03-14,N
1495,53136859315262,Loja Encanto LTDA,Perfumaria,Fortaleza,CE,Asa Sul,2024-02-19,S
1496,10614452996457,Boutique Essenza S/A,Revendedora autônoma,Campinas,SP,Pituba,2022-12-03,S
1497,53334972969701,Aroma Encanto ME,Revendedora autônoma,Rio de Janeiro,RJ,Pituba,2024-07-12,S
1498,85861888178602,Loja Requinte EIRELI,Loja de shopping,Manaus,AM,Vila Madalena,09/01/2024,S
1499,82749033122239,Loja Aurora EIRELI,Perfumaria,Curitiba,PR,Savassi,13/11/2022,S
1500,83.687.477/7407-03,Comercial Aurora LTDA,Salão de beleza,Manaus,AM,Aldeota,2022-05-31,S
1501,22821282193868,Loja Charme LTDA ME,E-commerce,Manaus,AM,Meireles,30/09/2023,S
1502,04596920666048,Drogaria Elegance EIRELI,Farmácia,Curitiba,PR,Asa Sul,2022-09-11,S
1503,84.981.184/6512-42,Loja Aromas do Sul LTDA,Revendedora autônoma,Salvador,BA,Centro,2025-10-04,S
1504,36.481.165/9558-59,Loja Nova Era ME,Revendedora autônoma,Manaus,AM,Meireles,2026-05-31,S
1505,36597276768777,Espaço Beleza Íris LTDA,Salão de beleza,Recife,PE,Setor Bueno,2022-08-14,S
1506,91.953.808/8426-72,Aroma Rosa dos Ventos LTDA ME,Perfumaria,Porto Alegre,RS,Centro,2026-05-15,N
1507,13.915.480/4423-64,Essência Nova Era S/A,Farmácia,Rio de Janeiro,RJ,Centro,2021-11-14,S
1508,61647904991573,Comercial Lumiar S/A,Perfumaria,Brasília,DF,Pinheiros,2021-09-11,S
1509,67209610237264,Casa de Fragrâncias Sublime LTDA ME,Perfumaria,Curitiba,PR,Aldeota,2023-06-01,S
1510,59.715.579/3277-01,Aroma Requinte LTDA,E-commerce,Porto Alegre,RS,Aldeota,09/01/2024,S
1511,26096856888861,Aroma Requinte LTDA ME,Salão de beleza,Curitiba,PR,Ipanema,22/06/2024,S
1512,94336447026327,Casa de Fragrâncias Requinte LTDA ME,Loja de departamento,Fortaleza,CE,Asa Sul,2022-06-14,S
1513,76694947155347,Bella Serena ME,Perfumaria,Brasília,DF,Ipanema,2023-04-03,S
1514,29.084.896/5394-50,Essência Aromas do Sul LTDA,Salão de beleza,Fortaleza,CE,Pituba,05/05/2023,S
1515,38338569329136,Bella Dourada LTDA,Perfumaria,Salvador,BA,Aldeota,2022-07-17,S
1516,15063240510265,Aroma Nova Era LTDA ME,Quiosque,Porto Alegre,RS,Setor Bueno,2026-02-28,S
1517,46466033273997,Perfumaria Nova Era EIRELI,Loja de shopping,Fortaleza,CE,Moema,02/05/2026,N
1518,02760781951648,Loja Nova Era LTDA ME,Quiosque,Rio de Janeiro,RJ,Meireles,14/03/2023,S
1519,61.443.575/4789-35,Aroma Serena ME,Salão de beleza,São Paulo,SP,Boa Viagem,2024-07-17,S
1520,68.756.707/1812-92,Farmácia Elegance S/A,Loja de departamento,São Paulo,SP,Meireles,2023-05-01,S
1521,59984133768705,LOJA NOVA ERA LTDA,Perfumaria,Porto Alegre,RS,Pinheiros,2021-11-02,S
1522,10.640.707/8384-78,Perfumaria Vitória EIRELI,Revendedora autônoma,Salvador,BA,Ipanema,2023-03-01,S
1523,54.044.927/2809-03,Aroma Diva EIRELI,Revendedora autônoma,Recife,PE,Moema,2024-01-04,S
1524,85.984.440/8895-93,Loja Serena EIRELI,Perfumaria,Manaus,AM,Cambuí,2025-03-10,S
1525,90152302999663,Boutique Class LTDA ME,Loja de shopping,Goiânia,GO,Centro,2026-05-08,S
1526,79915402732012,Perfumaria Aurora EIRELI,Salão de beleza,São Paulo,SP,Moema,2026-03-26,S
1527,20682048109305,Boutique Sublime EIRELI,Quiosque,Brasília,DF,Pituba,2023-01-02,S
1528,98245538151827,ESPAÇO BELEZA CHARME LTDA ME,Revendedora autônoma,Curitiba,PR,Batel,2023-11-09,S
1529,85255768815590,Studio Íris S/A,Farmácia,Rio de Janeiro,RJ,Setor Bueno,08/02/2026,S
1530,76150488491508,Comercial Encanto LTDA,E-commerce,Brasília,DF,Cambuí,2025-05-20,N
1531,95559355881082,Essência Lumiar LTDA ME,Salão de beleza,Recife,PE,Pituba,2023-10-25,S
1532, 25412387249379 ,LOJA BELLA VITA EIRELI,Perfumaria,Goiânia,GO,Ipanema,2022-01-13,S
1533,84.967.416/6239-56,Studio Vitória EIRELI,Salão de beleza,Porto Alegre,RS,Boa Viagem,2025-08-04,S
1534,74.906.412/2727-65,Casa de Fragrâncias Flor de Liz ME,E-commerce,Recife,PE,Pituba,2023-07-25,S
1535,00545583455955,COMERCIAL AROMAS DO SUL ME,Farmácia,Campinas,SP,Pituba,2022-03-25,S
1536,68.089.504/9108-60,Casa de Fragrâncias Nobre LTDA ME,Farmácia,Recife,PE,Boa Viagem,2025-12-30,S
1537,97933686093160,Aroma Aurora LTDA,Salão de beleza,Manaus,AM,Ipanema,2021-09-25,S
1538,39.111.532/0264-00,Bella Elegance S/A,Revendedora autônoma,Brasília,DF,Pituba,2023-08-10,S
1539,03887821889384,Espaço Beleza Flor de Liz LTDA ME,Quiosque,Belo Horizonte,MG,Vila Madalena,2023-01-30,S
1540,42.083.481/2426-64,Essência Dourada LTDA,Loja de departamento,Manaus,AM,Higienópolis,2021-12-22,S
1541,27.966.379/5818-77,ESSÊNCIA DIVA S/A,Loja de shopping,Campinas,SP,Moema,2022-12-22,S
1542,69399531556642,Drogaria Serena LTDA ME,Perfumaria,Porto Alegre,RS,Centro,2023-07-28,S
1543,64966681182292,Essência Diva S/A,Loja de shopping,Goiânia,GO,Boa Viagem,2023-04-23,S
1544,73.378.406/1386-74,Espaço Beleza Vitória LTDA,Quiosque,Curitiba,PR,Cambuí,2021-10-01,S
1545,57657868005512,Aroma Íris EIRELI,Quiosque,Recife,PE,Asa Sul,2022-06-14,S
1546,32705614653442,Aroma Sublime LTDA ME,Farmácia,Recife,PE,Aldeota,2025-02-02,S
1547,20351919850565,PERFUMARIA AROMAS DO SUL LTDA,Salão de beleza,Salvador,BA,Meireles,2025-07-22,S
1548,98766327904233,Bella Sublime S/A,Perfumaria,Belo Horizonte,MG,Pituba,2025-10-17,N
1549,22.918.457/4965-99,Loja Aurora ME,Loja de shopping,Salvador,BA,Vila Madalena,21/07/2024,S
1550,43583040775130,Drogaria Flor de Liz LTDA ME,Loja de shopping,Rio de Janeiro,RJ,Aldeota,2026-05-03,S
1551,71473204319274,Comercial Íris LTDA ME,Loja de shopping,Curitiba,PR,Jardins,2023-04-11,S
1552,61655806247555,Perfumaria Vitória LTDA ME,Loja de shopping,Curitiba,PR,Pituba,2023-10-31,S
1553,75.100.568/7069-05,Drogaria Essenza S/A,Farmácia,Belo Horizonte,MG,Pinheiros,2022-01-29,S
1554,93.235.393/3054-84,Comercial Nobre LTDA ME,Farmácia,Manaus,AM,Aldeota,2021-05-27,S
1555,21830242646855,Bella Bella Vita EIRELI,Loja de shopping,Curitiba,PR,Moema,19/01/2024,S
1556, 88051093346533 ,Casa de Fragrâncias Rosa dos Ventos EIRELI,Perfumaria,Porto Alegre,RS,Meireles,02/05/2025,S
1557,09841643770217,Loja Bella Vita LTDA,E-commerce,São Paulo,SP,Cambuí,2024-08-11,S
1558,28339717856817,Perfumaria Class S/A,Salão de beleza,Goiânia,GO,Barra,2022-07-19,S
1559,30105591698331,Essência Serena LTDA ME,Loja de departamento,Goiânia,GO,Asa Sul,2021-12-07,S
1560,65452593570765,Drogaria Aurora LTDA ME,Loja de departamento,São Paulo,SP,Cambuí,2024-08-19,S
1561,27192602611868,Studio Vitória LTDA ME,Perfumaria,Campinas,SP,Moema,2024-07-23,S
1562,08.170.032/7628-05,Loja Bella Vita LTDA,Quiosque,Goiânia,GO,Aldeota,2021-09-25,S
1563, 82119569646077 ,COMERCIAL NOVA ERA LTDA,Salão de beleza,Recife,PE,Boa Viagem,2023-07-15,S
1564,13.563.974/8925-00,Loja Dourada S/A,Loja de departamento,Salvador,BA,Pituba,2021-11-21,S
1565,18217748747793,AROMA AROMAS DO SUL EIRELI,Salão de beleza,Brasília,DF,Barra,2022-07-29,S
1566,99712520193064,Drogaria Diva LTDA ME,Farmácia,Goiânia,GO,Moema,2022-04-13,S
1567,93353031387830,Espaço Beleza Rosa dos Ventos EIRELI,Loja de shopping,Goiânia,GO,Cambuí,14/11/2022,S
1568,62029487478112,Essência Class LTDA,Revendedora autônoma,Belo Horizonte,MG,Boa Viagem,2026-04-29,S
1569,93177865039475,Bella Rosa dos Ventos LTDA ME,Quiosque,Belo Horizonte,MG,Moema,2024-05-11,S
1570,12434535381157,Loja Prime LTDA,Loja de shopping,Curitiba,PR,Bela Vista,2026-04-25,N
1571,69575629433916,Perfumaria Sublime S/A,Quiosque,Curitiba,PR,Centro,2021-08-31,S
1572,39441010427974,FARMÁCIA AURORA LTDA,Loja de shopping,Porto Alegre,RS,Moema,2023-08-03,S
1573,96.991.329/3575-38,Farmácia Essenza EIRELI,Farmácia,Campinas,SP,Jardins,2022-12-13,S
1574,75601642624554,Drogaria Flor de Liz ME,Perfumaria,Porto Alegre,RS,Asa Sul,2022-05-03,S
1575,22394071734346,Essência Rosa dos Ventos LTDA,Salão de beleza,Goiânia,GO,Jardins,2022-07-10,S
1576,98.107.951/6352-14,Drogaria Prime EIRELI,Perfumaria,Curitiba,PR,Pituba,11/03/2024,S
1577,68095641854133,Bella Aurora ME,Salão de beleza,Rio de Janeiro,RJ,Moema,2023-07-26,S
1578,58179157829052,Farmácia Nova Era LTDA,Loja de shopping,Recife,PE,Savassi,2022-12-19,S
1579,99948141401385,Studio Flor de Liz EIRELI,Revendedora autônoma,Belo Horizonte,MG,Vila Madalena,2022-06-12,S
1580,12017402098446,Comercial Class S/A,Loja de departamento,São Paulo,SP,Moema,2021-11-06,S
1581,72.913.675/9164-49,Boutique Charme LTDA,Salão de beleza,Belo Horizonte,MG,Centro,2023-12-23,S
1582,30852315682342,Bella Charme ME,Perfumaria,Rio de Janeiro,RJ,Asa Sul,2021-08-16,S
1583,71320253423867,Comercial Aurora EIRELI,Quiosque,Recife,PE,Meireles,2024-06-13,S
1584,98766740877210,Essência Bella Vita LTDA,Loja de shopping,Campinas,SP,Meireles,2022-02-25,S
1585,10972472542654,Studio Prime LTDA ME,Revendedora autônoma,Salvador,BA,Vila Madalena,2024-04-22,S
1586,39852381828936,LOJA AROMAS DO SUL LTDA ME,Loja de shopping,Manaus,AM,Pituba,2023-08-06,S
1587,04235731899593,Aroma Nova Era S/A,Loja de departamento,Manaus,AM,Moema,2024-04-10,S
1588,34705070775088,Boutique Class LTDA ME,Loja de departamento,Salvador,BA,Vila Madalena,2023-01-01,S
1589,21380595194845,Casa de Fragrâncias Nova Era EIRELI,Loja de shopping,Recife,PE,Meireles,2023-02-10,S
1590,05.915.419/6351-10,Farmácia Vitória LTDA ME,Salão de beleza,Curitiba,PR,Ipanema,2022-05-14,S
1591,50417372234267,Perfumaria Elegance ME,Quiosque,São Paulo,SP,Higienópolis,2021-11-08,S
1592,17189935475211,Studio Íris ME,Salão de beleza,Brasília,DF,Pituba,2023-10-07,S
1593,11.493.310/8862-30,Studio Dourada LTDA,Salão de beleza,Curitiba,PR,Higienópolis,01/04/2022,S
1594,36485100218241,PERFUMARIA CHARME S/A,Quiosque,São Paulo,SP,Vila Madalena,2024-11-29,N
1595,87.873.214/9997-03,Boutique Serena EIRELI,E-commerce,Campinas,SP,Asa Sul,2023-12-14,S
1596,44.210.651/0046-01,Boutique Flor de Liz ME,Farmácia,Curitiba,PR,Cambuí,2024-08-08,S
1597,94207223956721,Bella Sublime S/A,Farmácia,Fortaleza,CE,Higienópolis,2021-12-05,S
1598, 78776775138771 ,Espaço Beleza Nova Era ME,Farmácia,Brasília,DF,Boa Viagem,2023-12-13,N
1599,73.045.194/5586-81,Essência Flor de Liz S/A,Revendedora autônoma,Brasília,DF,Centro,10/02/2022,S
1600,64.031.575/8593-91,Aroma Diva ME,Revendedora autônoma,Goiânia,GO,Asa Sul,2021-08-24,S
1601,33.927.195/4063-85,DROGARIA BELLA VITA LTDA ME,Perfumaria,Goiânia,GO,Moema,2022-04-24,S
1602,78.420.555/5354-40,LOJA LUMIAR S/A,Loja de departamento,Curitiba,PR,Higienópolis,2022-02-23,S
1603,22.100.720/4094-71,Comercial Flor de Liz LTDA ME,E-commerce,Goiânia,GO,Pituba,2023-12-21,S
1604,41.048.667/1864-42,Loja Bella Vita EIRELI,E-commerce,São Paulo,SP,Vila Madalena,2025-06-27,S
1605,01.877.033/2570-44,Loja Vitória ME,Perfumaria,Rio de Janeiro,RJ,Pinheiros,2023-05-31,S
1606,99.749.030/4381-77,Essência Diva S/A,Loja de shopping,Brasília,DF,Aldeota,2021-11-12,N
1607,11301864323145,Espaço Beleza Flor de Liz ME,Farmácia,Brasília,DF,Moema,2022-07-18,S
1608,00343743256740,Farmácia Serena ME,Salão de beleza,Fortaleza,CE,Moema,2025-01-20,S
1609,11.190.206/0713-69,Drogaria Prime LTDA,Salão de beleza,Porto Alegre,RS,Setor Bueno,2024-10-04,S
1610,67.353.842/5611-61,Essencia Charme LTDA ME,E-commerce,Campinas,SP,Moema,2022-12-01,S
1611,53758268295081,Perfumaria Prime ME,E-commerce,Salvador,BA,Ipanema,2023-02-27,S
1612,35.803.528/8050-75,Studio Serena LTDA ME,Farmácia,Goiânia,GO,Ipanema,2024-05-31,S
1613,25.247.777/4449-64,Perfumaria Bella Vita LTDA ME,E-commerce,Porto Alegre,RS,Higienópolis,2025-11-12,S
1614,64862755377938,Aroma Diva LTDA,E-commerce,Belo Horizonte,MG,Batel,2022-09-12,S
1615,07254539601609,Loja Aurora LTDA ME,E-commerce,Porto Alegre,RS,Pinheiros,2026-06-10,S
1616,17431603250394,Essência Charme LTDA ME,E-commerce,Salvador,BA,Ipanema,16/04/2023,S
1617,61.794.964/5495-95,Drogaria Lumiar ME,Farmácia,Curitiba,PR,Pituba,2022-02-10,S
1618,27183224023936,Loja Íris EIRELI,Farmácia,Porto Alegre,RS,Asa Sul,2023-12-12,S
1619,65511286381105,Espaço Beleza Requinte ME,Loja de shopping,Porto Alegre,RS,Setor Bueno,2024-08-19,S
1620,95.282.767/7423-93,BOUTIQUE SERENA LTDA ME,Revendedora autônoma,Salvador,BA,Batel,2022-11-20,S
1621, 39692151002607 ,Essência Elegance EIRELI,Farmácia,Brasília,DF,Bela Vista,2022-03-13,S
1622,65371557310520,Farmácia Aromas do Sul LTDA ME,Revendedora autônoma,Goiânia,GO,Ipanema,2021-07-12,N
1623,33.773.129/7341-48,Aroma Class S/A,Quiosque,Goiânia,GO,Centro,2025-02-11,S
1624,80.090.722/0871-21,Casa de Fragrâncias Prime ME,E-commerce,Recife,PE,Cambuí,2021-09-28,S
1625, 23315998751757 ,Espaço Beleza Sublime S/A,Perfumaria,São Paulo,SP,Vila Madalena,2025-03-21,S
1626,41750241300788,Espaço Beleza Rosa dos Ventos EIRELI,Salão de beleza,Goiânia,GO,Higienópolis,2022-04-19,S
1627,95914504972366,LOJA PRIME S/A,Loja de shopping,São Paulo,SP,Cambuí,2023-01-14,S
1628,42043845046217,Essência Requinte ME,Revendedora autônoma,Rio de Janeiro,RJ,Setor Bueno,04/07/2022,S
1629,67.407.886/9858-57,Perfumaria Diva LTDA ME,Farmácia,Manaus,AM,Batel,25/02/2023,S
1630,18793978953770,Studio Elegance LTDA,E-commerce,Porto Alegre,RS,Asa Sul,2024-04-06,S
1631,98.243.780/4704-07,Espaço Beleza Lumiar EIRELI,Farmácia,Campinas,SP,Boa Viagem,2023-07-18,S
1632,92.032.735/7125-67,Boutique Aurora LTDA,Loja de shopping,Manaus,AM,Cambuí,2023-08-20,S
1633,95915324256600,Casa de Fragrâncias Rosa dos Ventos S/A,Perfumaria,Brasília,DF,Jardins,2021-06-01,S
1634,03413653298568,Bella Lumiar LTDA,Quiosque,Curitiba,PR,Jardins,2023-03-05,S
1635,74614337004917,Boutique Diva S/A,E-commerce,São Paulo,SP,Pinheiros,2022-12-09,S
1636,76.215.774/0545-86,Espaço Beleza Rosa dos Ventos EIRELI,E-commerce,Manaus,AM,Boa Viagem,2025-01-31,S
1637,31419887263492,Boutique Vitória S/A,Loja de shopping,Salvador,BA,Bela Vista,2024-03-17,S
1638, 15900713204484 ,Farmácia Class EIRELI,Quiosque,Belo Horizonte,MG,Aldeota,2022-09-13,S
1639,60.456.893/9116-45,Aroma Lumiar LTDA ME,Quiosque,Recife,PE,Pituba,15/03/2022,S
1640, 64760852085296 ,Drogaria Essenza LTDA ME,Salão de beleza,Recife,PE,Setor Bueno,2022-12-05,S
1641,87.829.887/2754-42,Bella Bella Vita LTDA ME,Salão de beleza,Brasília,DF,Boa Viagem,18/11/2024,S
1642, 73864006724663 ,Essência Vitória LTDA,Farmácia,Brasília,DF,Higienópolis,2025-02-14,S
1643,33011184065488,Casa de Fragrâncias Class ME,Quiosque,Goiânia,GO,Ipanema,2022-11-09,S
1644,15.143.697/4578-35,Aroma Sublime LTDA ME,Revendedora autônoma,Recife,PE,Moema,2024-04-05,S
1645,56696338958641,Casa de Fragrâncias Diva LTDA,Loja de shopping,Salvador,BA,Savassi,2022-01-25,S
1646,62469476293684,Farmácia Rosa dos Ventos S/A,Salão de beleza,Manaus,AM,Vila Madalena,2023-11-25,S
1647,90.102.719/0952-03,Drogaria Flor de Liz ME,Quiosque,Manaus,AM,Ipanema,2021-08-23,S
1648,04562446220165,STUDIO ELEGANCE EIRELI,Revendedora autônoma,Goiânia,GO,Batel,2022-04-15,S
1649,26253814030755,Aroma Dourada ME,Farmácia,Manaus,AM,Setor Bueno,2021-09-18,S
1650,50745093328099,Perfumaria Encanto ME,E-commerce,Curitiba,PR,Centro,30/05/2025,S
1651,82.353.277/3765-54,Drogaria Lumiar EIRELI,Quiosque,Rio de Janeiro,RJ,Barra,2022-03-14,S
1652,81471266615393,Studio Dourada ME,Loja de shopping,Porto Alegre,RS,Jardins,2021-06-08,S
1653,50.134.339/0627-98,LOJA ROSA DOS VENTOS ME,E-commerce,Rio de Janeiro,RJ,Moema,2022-10-26,S
1654,90.371.912/7593-95,Essência Prime LTDA,Farmácia,Goiânia,GO,Moema,2022-11-26,S
1655,22065910044364,ESSÊNCIA ELEGANCE ME,E-commerce,Campinas,SP,Vila Madalena,2023-06-18,S
1656,22.007.227/6835-27,Espaço Beleza Nobre LTDA ME,Quiosque,Porto Alegre,RS,Meireles,2026-06-05,S
1657,30009006325867,Comercial Class S/A,E-commerce,Salvador,BA,Pituba,2022-03-03,S
1658,47034463324656,Casa de Fragrâncias Encanto LTDA ME,Farmácia,Campinas,SP,Cambuí,15/09/2021,S
1659,73.518.517/6965-95,Perfumaria Bella Vita ME,Loja de departamento,Salvador,BA,Aldeota,2021-06-02,S
1660,29648421092225,Casa de Fragrâncias Rosa dos Ventos S/A,Salão de beleza,Belo Horizonte,MG,Meireles,2024-02-25,S
1661,37660414264302,Loja Charme ME,Revendedora autônoma,Belo Horizonte,MG,Batel,2024-11-19,S
1662,35.243.922/9501-49,Perfumaria Lumiar LTDA ME,E-commerce,Goiânia,GO,Cambuí,17/06/2022,S
1663,87.834.767/9007-82,Comercial Diva S/A,Loja de departamento,São Paulo,SP,Higienópolis,2022-12-05,S
1664,09438682508559,Drogaria Nova Era LTDA ME,Loja de departamento,Campinas,SP,Pinheiros,2023-08-28,S
1665,32.572.734/6892-70,Aroma Vitória EIRELI,Revendedora autônoma,Belo Horizonte,MG,Vila Madalena,2023-02-26,S
1666,05149618068628,Studio Prime EIRELI,Quiosque,Rio de Janeiro,RJ,Asa Sul,2021-08-04,S
1667,95.186.956/1344-08,Espaço Beleza Vitória S/A,Farmácia,Curitiba,PR,Pinheiros,2025-04-29,S
1668,47691237793980,Drogaria Aurora LTDA,Loja de shopping,Curitiba,PR,Savassi,2024-02-28,S
1669,20023915231336,Perfumaria Nova Era S/A,E-commerce,Salvador,BA,Boa Viagem,2023-06-15,S
1670,31.896.720/1295-90,Aroma Nobre LTDA ME,Quiosque,Belo Horizonte,MG,Centro,2025-12-12,N
1671,19176532448343,Farmácia Class LTDA,Quiosque,São Paulo,SP,Pituba,2021-10-22,S
1672,11.708.702/7282-04,Espaço Beleza Elegance EIRELI,Perfumaria,Goiânia,GO,Savassi,2025-05-02,S
1673,21.600.593/2418-32,Drogaria Class ME,Loja de departamento,Curitiba,PR,Jardins,2025-12-06,S
1674,31167954283267,Loja Sublime LTDA,Loja de departamento,Rio de Janeiro,RJ,Vila Madalena,2024-11-25,S
1675,86290251538642,Drogaria Prime LTDA,Perfumaria,Fortaleza,CE,Setor Bueno,2022-03-31,S
1676,53.040.531/9841-05,Perfumaria Sublime EIRELI,Salão de beleza,Campinas,SP,Boa Viagem,2024-07-07,S
1677,77037846797008,Comercial Dourada EIRELI,Quiosque,Recife,PE,Cambuí,2023-05-25,S
1678,55017272797328,BELLA AROMAS DO SUL ME,Farmácia,Curitiba,PR,Ipanema,2023-08-15,S
1679,13.406.368/0199-05,Casa de Fragrâncias Essenza LTDA,Loja de departamento,Belo Horizonte,MG,Asa Sul,2024-10-13,S
1680,11.706.485/7968-86,Drogaria Dourada LTDA,Farmácia,Fortaleza,CE,Centro,2023-07-30,S
1681,81388190114567,Farmácia Nova Era EIRELI,Loja de departamento,Porto Alegre,RS,Pinheiros,2022-06-01,S
1682,70.921.764/5177-02,ESSÊNCIA CLASS ME,Perfumaria,Rio de Janeiro,RJ,Bela Vista,25/10/2023,S
1683,72532095928489,Casa de Fragrâncias Sublime LTDA ME,Revendedora autônoma,Fortaleza,CE,Aldeota,2021-07-22,S
1684,93.357.024/0939-86,Comercial Encanto S/A,E-commerce,Goiânia,GO,Batel,2026-05-14,S
1685,98356523918867,BOUTIQUE NOBRE ME,Quiosque,Curitiba,PR,Setor Bueno,2025-02-07,S
1686,20166334014215,Bella Nobre ME,E-commerce,Recife,PE,Vila Madalena,2022-06-09,S
1687,88623357044455,Boutique Dourada EIRELI,E-commerce,Belo Horizonte,MG,Moema,2024-01-05,N
1688,54944957421884,Comercial Vitória S/A,E-commerce,Fortaleza,CE,Ipanema,2023-08-31,N
1689,11.647.924/6429-98,Casa de Fragrâncias Elegance S/A,Revendedora autônoma,Goiânia,GO,Pituba,2025-11-26,S
1690,91.530.075/1451-83,Aroma Vitória LTDA,Loja de shopping,Campinas,SP,Aldeota,2023-02-10,S
1691,24531081246437,Drogaria Encanto ME,Loja de departamento,Brasília,DF,Moema,2021-09-02,S
1692,60669610696374,Farmácia Sublime LTDA ME,Loja de shopping,Campinas,SP,Jardins,2024-02-05,S
1693,61471590112502,Essência Bella Vita ME,Perfumaria,São Paulo,SP,Pituba,2024-10-16,S
1694,86832120861498,Studio Diva LTDA ME,Quiosque,Goiânia,GO,Aldeota,2024-10-08,S
1695,20014144246073,Farmácia Class S/A,Loja de departamento,Porto Alegre,RS,Bela Vista,2026-03-01,S
1696,99.475.763/7982-93,Loja Nova Era LTDA ME,Quiosque,Salvador,BA,Higienópolis,2024-07-05,S
1697,67.607.410/5939-48,Boutique Nova Era LTDA,E-commerce,Curitiba,PR,Cambuí,2024-02-03,S
1698,02858696609635,Perfumaria Rosa dos Ventos EIRELI,Loja de departamento,Recife,PE,Boa Viagem,2022-12-12,S
1699,84262264418024,Espaço Beleza Class S/A,Perfumaria,Rio de Janeiro,RJ,Cambuí,2022-09-25,S
1700, 52437795076557 ,Espaço Beleza Class ME,E-commerce,Curitiba,PR,Boa Viagem,2023-06-02,S
1701,84.679.017/5227-92,Casa de Fragrâncias Prime ME,Loja de departamento,Salvador,BA,Pinheiros,2023-02-19,S
1702,99.902.038/5407-00,Casa de Fragrâncias Nova Era LTDA,Farmácia,Campinas,SP,Setor Bueno,2021-07-12,S
1703,57538513976352,Drogaria Íris ME,E-commerce,Goiânia,GO,Jardins,28/01/2023,S
1704, 06334611897873 ,CASA DE FRAGRÂNCIAS REQUINTE ME,Loja de departamento,Belo Horizonte,MG,Bela Vista,2025-03-03,N
1705,91716033308544,Boutique Íris LTDA ME,E-commerce,Rio de Janeiro,RJ,Boa Viagem,2024-03-08,S
1706,93137880210936,Loja Lumiar LTDA ME,Loja de departamento,Campinas,SP,Vila Madalena,2021-12-12,S
1707,64.554.590/3481-95,PERFUMARIA CHARME LTDA ME,Farmácia,Fortaleza,CE,Cambuí,2024-12-23,S
1708,08.923.331/3514-85,LOJA AURORA ME,Perfumaria,Curitiba,PR,Centro,2022-10-14,S
1709,06.741.514/4876-21,Bella Dourada ME,Revendedora autônoma,Recife,PE,Aldeota,2022-04-25,S
1710,94069572520235,Loja Flor de Liz ME,Quiosque,Belo Horizonte,MG,Boa Viagem,2021-10-29,S
1711, 89199495165991 ,Aroma Encanto EIRELI,Loja de departamento,Brasília,DF,Cambuí,2021-05-25,S
1712,00415242867855,Farmácia Sublime S/A,Perfumaria,Goiânia,GO,Pituba,2023-03-28,S
1713,01467093672502,Bella Encanto LTDA,Perfumaria,Salvador,BA,Jardins,2021-11-05,S
1714,34.603.161/3407-99,Comercial Dourada EIRELI,Farmácia,Fortaleza,CE,Boa Viagem,2023-12-15,S
1715,28328678515066,Casa de Fragrâncias Class LTDA ME,Farmácia,Porto Alegre,RS,Cambuí,2021-09-30,S
1716,61668940936364,Studio Class EIRELI,Salão de beleza,Recife,PE,Vila Madalena,2022-05-21,S
1717,33956322451825,Studio Charme LTDA,Farmácia,Rio de Janeiro,RJ,Vila Madalena,2022-06-16,S
1718,48697848798963,Perfumaria Class ME,Revendedora autônoma,Fortaleza,CE,Jardins,2024-03-11,S
1719, 69225916423012 ,Farmácia Rosa dos Ventos LTDA ME,Perfumaria,Curitiba,PR,Savassi,2021-12-18,S
1720, 98637085536062 ,Casa de Fragrâncias Íris LTDA ME,Revendedora autônoma,Rio de Janeiro,RJ,Ipanema,2025-10-29,S
1721,69.429.841/0400-32,Essência Sublime ME,Loja de shopping,Salvador,BA,Setor Bueno,2025-04-12,S
1722,35235611882038,Aroma Nova Era EIRELI,Loja de departamento,Recife,PE,Vila Madalena,2024-08-26,S
1723,18531112817790,Comercial Diva ME,Loja de departamento,Campinas,SP,Setor Bueno,2023-07-01,S
1724, 13265984503379 ,Perfumaria Vitória LTDA ME,E-commerce,Brasília,DF,Ipanema,2024-05-24,S
1725,13245275671950,ESPAÇO BELEZA BELLA VITA LTDA ME,Quiosque,Curitiba,PR,Batel,2025-10-18,S
1726,52494891852983,Perfumaria Essenza EIRELI,Loja de shopping,Recife,PE,Aldeota,2021-10-28,S
1727, 49136165765282 ,Farmácia Nova Era EIRELI,Loja de departamento,Recife,PE,Centro,2023-12-02,S
1728,94849434577661,Casa de Fragrâncias Serena EIRELI,Loja de departamento,Belo Horizonte,MG,Jardins,2023-05-04,S
1729,15.956.783/2395-93,Studio Encanto LTDA,Farmácia,Goiânia,GO,Aldeota,2022-07-09,N
1730,18536087807202,Aroma Elegance S/A,Revendedora autônoma,Recife,PE,Savassi,2024-07-04,S
1731,09966763720373,Comercial Class LTDA ME,Revendedora autônoma,Belo Horizonte,MG,Aldeota,2023-01-06,S
1732,05.657.439/6770-54,Studio Vitória LTDA,Revendedora autônoma,Goiânia,GO,Centro,2022-06-24,S
1733,54688730588681,BOUTIQUE FLOR DE LIZ ME,Salão de beleza,Manaus,AM,Boa Viagem,05/05/2024,S
1734,25.478.009/5804-01,Studio Lumiar LTDA,Salão de beleza,Recife,PE,Moema,2023-01-09,S
1735,00738854673474,STUDIO SERENA LTDA,Revendedora autônoma,Campinas,SP,Asa Sul,2023-04-21,S
1736,98596718321305,Aroma Prime EIRELI,E-commerce,Rio de Janeiro,RJ,Savassi,2026-03-09,S
1737,03.594.094/2941-25,Bella Vitoria ME,Perfumaria,Goiânia,GO,Higienópolis,2021-07-03,S
1738,67.660.628/9513-40,Espaço Beleza Elegance S/A,Quiosque,Campinas,SP,Setor Bueno,2023-06-24,S
1739,30818363293970,Boutique Sublime ME,Loja de departamento,Campinas,SP,Pituba,2023-08-29,S
1740,81851331178605,Loja Rosa dos Ventos LTDA,Loja de departamento,Porto Alegre,RS,Higienópolis,2022-03-20,S
1741,03.028.757/4058-92,Boutique Íris LTDA,Perfumaria,Belo Horizonte,MG,Pituba,03/05/2023,S
1742,92497265571364,ESSÊNCIA CLASS LTDA,Quiosque,Rio de Janeiro,RJ,Setor Bueno,2021-06-09,S
1743,52574488252699,Farmácia Flor de Liz LTDA,Salão de beleza,Fortaleza,CE,Vila Madalena,2024-05-25,S
1744,38515764670506,ESPAÇO BELEZA ELEGANCE LTDA,Revendedora autônoma,Curitiba,PR,Barra,2026-05-17,S
1745,02758603456333,Essência Requinte EIRELI,Revendedora autônoma,Salvador,BA,Cambuí,2021-08-22,S
1746,15578263880324,Farmácia Sublime LTDA ME,Loja de departamento,Salvador,BA,Bela Vista,2023-11-09,S
1747,97476237038547,Comercial Sublime LTDA,Loja de shopping,Recife,PE,Meireles,2021-07-12,S
1748,22.941.232/8062-53,Espaço Beleza Class EIRELI,Farmácia,Goiânia,GO,Asa Sul,2021-06-02,N
1749,92588314003563,Comercial Rosa dos Ventos ME,Loja de shopping,Brasília,DF,Setor Bueno,2025-02-10,S
1750, 47986571689621 ,Espaço Beleza Íris ME,Perfumaria,São Paulo,SP,Vila Madalena,2025-09-11,S
1751,64347608823092,Espaço Beleza Requinte EIRELI,Loja de shopping,Salvador,BA,Meireles,2022-08-23,S
1752,63308460172628,Essência Requinte LTDA,Loja de departamento,Rio de Janeiro,RJ,Setor Bueno,01/04/2025,S
1753,74911634303101,Comercial Prime ME,Loja de departamento,Campinas,SP,Ipanema,2022-06-29,S
1754,14.085.796/2295-11,Farmacia Bella Vita LTDA ME,Loja de departamento,Porto Alegre,RS,Vila Madalena,2024-08-29,S
1755,02.604.690/1749-53,BELLA DIVA ME,Farmácia,Manaus,AM,Asa Sul,2021-10-21,N
1756,66788457321650,Drogaria Elegance S/A,E-commerce,São Paulo,SP,Ipanema,2023-09-04,S
1757,07.110.729/8502-30,Comercial Íris LTDA ME,Perfumaria,Porto Alegre,RS,Higienópolis,2022-09-24,S
1758,31714795541298,Drogaria Aurora ME,Loja de shopping,Curitiba,PR,Higienópolis,2023-09-28,N
1759,20895217680126,Perfumaria Rosa dos Ventos ME,Salão de beleza,Campinas,SP,Batel,2024-10-17,S
1760, 13943032502749 ,Espaço Beleza Vitória S/A,Revendedora autônoma,Goiânia,GO,Setor Bueno,2022-06-11,N
1761,37654399942858,Aroma Dourada LTDA,Loja de departamento,Campinas,SP,Vila Madalena,27/09/2024,S
1762,90.850.504/8715-90,Loja Rosa dos Ventos ME,Revendedora autônoma,Belo Horizonte,MG,Jardins,07/01/2025,S
1763,47939117174003,Espaço Beleza Diva EIRELI,E-commerce,Porto Alegre,RS,Pituba,2023-03-27,S
1764,44.966.607/2366-04,Perfumaria Aromas do Sul LTDA,Loja de shopping,Fortaleza,CE,Meireles,2022-01-13,S
1765,38252894043935,Comercial Requinte EIRELI,Loja de shopping,Goiânia,GO,Aldeota,2024-01-06,S
1766,66848031636781,Aroma Aromas do Sul LTDA,E-commerce,Manaus,AM,Barra,2022-02-03,S
1767,29839303953952,Boutique Prime S/A,Salão de beleza,Porto Alegre,RS,Aldeota,2026-07-02,S
1768,01149974754737,Studio Íris LTDA ME,Perfumaria,Porto Alegre,RS,Setor Bueno,2026-04-26,S
1769,59.773.961/0340-57,Espaço Beleza Nova Era LTDA,Loja de departamento,Recife,PE,Bela Vista,2023-07-08,S
1770,41756943072188,Aroma Íris S/A,Farmácia,São Paulo,SP,Pinheiros,2022-02-10,S
1771,23.634.110/4857-86,Drogaria Diva EIRELI,Farmácia,Fortaleza,CE,Boa Viagem,2022-02-24,S
1772,82912789885249,Aroma Sublime EIRELI,Perfumaria,Rio de Janeiro,RJ,Ipanema,2025-10-20,S
1773,55373043763185,Perfumaria Rosa dos Ventos LTDA,Quiosque,Brasília,DF,Asa Sul,2022-08-09,S
1774,14.400.040/7560-23,Perfumaria Lumiar S/A,E-commerce,Manaus,AM,Vila Madalena,07/11/2025,S
1775,28.854.273/4497-99,Farmácia Serena S/A,Salão de beleza,Belo Horizonte,MG,Meireles,2023-11-01,S
1776,54758783710539,Comercial Rosa dos Ventos LTDA ME,Perfumaria,Recife,PE,Cambuí,2023-11-14,S
1777,01743040256004,Aroma Diva LTDA ME,Loja de departamento,Recife,PE,Batel,2024-12-11,S
1778,71279717635064,Drogaria Nova Era S/A,Quiosque,São Paulo,SP,Setor Bueno,2023-09-02,S
1779,17676227025431,Studio Essenza EIRELI,Revendedora autônoma,Brasília,DF,Vila Madalena,2022-06-13,S
1780,25604678203690,Casa de Fragrâncias Class LTDA,Farmácia,Fortaleza,CE,Boa Viagem,2022-06-24,S
1781,34.097.312/2066-76,Aroma Aurora EIRELI,E-commerce,Rio de Janeiro,RJ,Boa Viagem,2022-05-24,S
1782,16.943.532/8617-80,Boutique Sublime LTDA,Farmácia,Campinas,SP,Aldeota,2022-08-15,S
1783,36788645552615,Aroma Class LTDA ME,Salão de beleza,Rio de Janeiro,RJ,Boa Viagem,2024-09-12,S
1784,08687441235998,Espaço Beleza Diva S/A,Salão de beleza,Salvador,BA,Pinheiros,2022-03-28,S
1785,00625515179751,Studio Nobre ME,E-commerce,Recife,PE,Boa Viagem,2026-02-16,S
1786,44.580.197/6213-46,Farmácia Nobre ME,Loja de departamento,Curitiba,PR,Vila Madalena,2024-03-03,S
1787,22247081014812,Studio Aromas do Sul S/A,Farmácia,Curitiba,PR,Higienópolis,2021-05-27,S
1788,43748126817930,Casa de Fragrancias Sublime S/A,Perfumaria,Campinas,SP,Centro,2024-08-03,S
1789,80.814.033/4050-81,Casa de Fragrâncias Serena S/A,Revendedora autônoma,Campinas,SP,Vila Madalena,2024-05-26,S
1790,90.213.116/6946-02,Loja Iris EIRELI,Loja de departamento,Goiânia,GO,Savassi,25/06/2025,S
1791,59836207498849,Comercial Aurora S/A,Loja de shopping,Campinas,SP,Barra,2022-11-14,S
1792,46565716657813,Perfumaria Encanto ME,Salão de beleza,Manaus,AM,Pinheiros,2024-07-17,S
1793,64.508.629/5322-30,Bella Aromas do Sul LTDA ME,E-commerce,Rio de Janeiro,RJ,Savassi,2022-01-09,S
1794,13.955.745/8618-05,Perfumaria Sublime ME,E-commerce,Recife,PE,Asa Sul,2025-05-10,S
1795,78.859.881/9206-96,Drogaria Class S/A,Revendedora autônoma,Campinas,SP,Batel,2022-07-31,S
1796, 22368312753418 ,Casa de Fragrâncias Serena LTDA ME,Salão de beleza,Recife,PE,Jardins,2023-07-08,S
1797,80177106294502,Essência Lumiar ME,E-commerce,Belo Horizonte,MG,Meireles,03/07/2022,S
1798,43.910.323/1866-79,Aroma Rosa dos Ventos EIRELI,Loja de departamento,Campinas,SP,Batel,2024-05-22,S
1799,11040838437826,LOJA ROSA DOS VENTOS S/A,Quiosque,Manaus,AM,Barra,2024-07-27,S
1800,42.253.939/2242-57,Loja Lumiar EIRELI,Loja de shopping,Manaus,AM,Cambuí,2021-12-30,N
1801,88521148460363,Espaço Beleza Sublime EIRELI,Quiosque,Rio de Janeiro,RJ,Centro,11/10/2025,S
1802,47.598.358/9477-06,Aroma Nova Era ME,Revendedora autônoma,Campinas,SP,Barra,2021-06-09,S
1803,02546167946778,Boutique Íris LTDA,Loja de departamento,Campinas,SP,Cambuí,2024-04-15,S
1804,59.211.857/2350-19,Loja Nova Era LTDA ME,Quiosque,Porto Alegre,RS,Meireles,2023-02-04,S
1805,65.499.779/1782-20,Perfumaria Aurora LTDA,Farmácia,Goiânia,GO,Boa Viagem,2024-06-03,S
1806,69.062.515/7595-14,Studio Diva LTDA ME,Perfumaria,Recife,PE,Centro,2021-05-27,S
1807,04587242274966,Studio Encanto S/A,Loja de shopping,São Paulo,SP,Jardins,2022-09-17,S
1808,17.197.251/2343-35,Casa de Fragrâncias Lumiar LTDA ME,Quiosque,Salvador,BA,Meireles,15/05/2023,S
1809,26.587.503/1049-79,Loja Essenza ME,Quiosque,Manaus,AM,Centro,2024-02-26,S
1810,19907466697472,Essência Vitória EIRELI,Loja de shopping,Recife,PE,Bela Vista,01/03/2024,S
1811,03.253.695/2558-76,Espaço Beleza Essenza LTDA,Quiosque,Curitiba,PR,Boa Viagem,2024-09-11,S
1812,94764612614993,Farmácia Nova Era LTDA ME,Revendedora autônoma,Curitiba,PR,Aldeota,26/05/2022,S
1813,44390951956630,Comercial Charme LTDA,Revendedora autônoma,Manaus,AM,Jardins,28/04/2024,S
1814,64.078.704/8113-53,Studio Íris EIRELI,Revendedora autônoma,Rio de Janeiro,RJ,Pituba,2021-12-31,S
1815,95986777055489,Loja Essenza ME,Perfumaria,Belo Horizonte,MG,Pinheiros,2021-05-23,S
1816,15482700293313,Loja Dourada LTDA ME,Revendedora autônoma,Goiânia,GO,Moema,2023-12-13,S
1817,84157712918425,Comercial Essenza LTDA ME,Salão de beleza,Brasília,DF,Ipanema,2024-04-25,S
1818,22355285870630,Studio Vitória ME,Loja de shopping,Goiânia,GO,Batel,2023-10-28,S
1819,89715359647268,Essência Íris EIRELI,Quiosque,Fortaleza,CE,Cambuí,2022-12-07,N
1820,28310185088087,Casa de Fragrâncias Aurora EIRELI,E-commerce,Campinas,SP,Centro,2022-11-24,S
1821,10.886.797/4476-19,Comercial Elegance LTDA ME,Loja de departamento,São Paulo,SP,Setor Bueno,2023-06-25,S
1822,33347749633792,Drogaria Sublime LTDA,Loja de departamento,Salvador,BA,Moema,18/10/2023,S
1823,37.438.734/5052-19,Essência Rosa dos Ventos ME,Perfumaria,Belo Horizonte,MG,Centro,2026-06-11,S
1824,96291459773660,Studio Flor de Liz S/A,Salão de beleza,Campinas,SP,Aldeota,2021-06-18,S
1825,36.653.978/8587-48,Loja Flor de Liz ME,Salão de beleza,Fortaleza,CE,Higienópolis,2022-09-23,S
1826, 49616395257477 ,AROMA PRIME LTDA,Quiosque,Porto Alegre,RS,Bela Vista,2021-12-17,S
1827,75.619.189/8755-79,DROGARIA PRIME S/A,Revendedora autônoma,Fortaleza,CE,Centro,2021-08-27,S
1828,90.545.173/6585-40,Studio Vitória EIRELI,Farmácia,Salvador,BA,Boa Viagem,2022-11-11,S
1829,71.239.330/6533-53,Casa de Fragrâncias Nova Era S/A,Quiosque,Belo Horizonte,MG,Pinheiros,2022-08-09,S
1830,82.196.087/8757-88,BOUTIQUE LUMIAR LTDA ME,Quiosque,Belo Horizonte,MG,Pituba,07/11/2023,S
1831,83.666.097/9785-50,Essência Class LTDA,E-commerce,Goiânia,GO,Batel,2024-05-11,S
1832,90107932265278,Boutique Aurora EIRELI,Loja de departamento,Belo Horizonte,MG,Moema,2023-10-13,S
1833,71177539872458,Aroma Bella Vita S/A,Quiosque,Recife,PE,Setor Bueno,2024-02-29,N
1834, 53805365972683 ,Casa de Fragrâncias Essenza ME,Perfumaria,Salvador,BA,Vila Madalena,2025-12-09,S
1835,21.281.568/3870-27,Loja Nova Era S/A,Revendedora autônoma,Fortaleza,CE,Savassi,2021-10-01,S
1836,92.413.717/3063-90,Perfumaria Íris S/A,Revendedora autônoma,Manaus,AM,Bela Vista,2021-09-14,S
1837,81672386656067,Studio Class LTDA ME,Salão de beleza,Recife,PE,Cambuí,2021-12-22,S
1838,57.725.040/2589-88,Casa de Fragrâncias Sublime LTDA ME,Salão de beleza,São Paulo,SP,Cambuí,08/03/2026,S
1839,57.208.024/1041-50,Studio Vitória LTDA,E-commerce,Porto Alegre,RS,Centro,2022-01-19,S
1840,61155661340475,Espaço Beleza Encanto LTDA,Salão de beleza,Rio de Janeiro,RJ,Higienópolis,2025-07-17,S
1841,70.699.064/9493-56,Aroma Vitória LTDA ME,Perfumaria,Belo Horizonte,MG,Meireles,2022-09-19,S
1842,22.455.817/0833-51,ESSÊNCIA DOURADA S/A,Loja de shopping,Fortaleza,CE,Vila Madalena,03/01/2023,S
1843,90004539804886,Farmácia Encanto LTDA,Salão de beleza,Curitiba,PR,Pinheiros,2021-11-21,S
1844,09987317098166,Boutique Aurora ME,Farmácia,Fortaleza,CE,Higienópolis,2021-09-05,S
1845,12.815.016/4546-62,Drogaria Class ME,Farmácia,Goiânia,GO,Batel,2022-08-06,S
1846,87622957947450,Farmácia Lumiar ME,Quiosque,Goiânia,GO,Moema,2026-04-01,S
1847,16.042.614/4716-50,Casa de Fragrâncias Prime LTDA ME,Farmácia,Fortaleza,CE,Ipanema,2023-03-09,S
1848,29.694.541/9137-80,Comercial Charme LTDA,Quiosque,Brasília,DF,Higienópolis,31/03/2023,S
1849,39.652.427/6074-14,Perfumaria Prime LTDA ME,E-commerce,Fortaleza,CE,Meireles,2022-03-22,S
1850,25556183262138,Casa de Fragrâncias Essenza LTDA,Salão de beleza,Porto Alegre,RS,Ipanema,2023-03-28,S
1851,52.750.568/8084-82,Farmácia Charme LTDA ME,Quiosque,Belo Horizonte,MG,Setor Bueno,2024-08-05,N
1852,29.378.132/6727-33,Loja Lumiar LTDA ME,Loja de shopping,Campinas,SP,Vila Madalena,2023-10-21,S
1853,88.194.687/7492-94,FARMÁCIA ELEGANCE LTDA ME,Revendedora autônoma,Salvador,BA,Pituba,02/03/2023,S
1854,66849053667832,Bella Elegance LTDA,Farmácia,Manaus,AM,Centro,2025-10-12,S
1855,03.883.331/5180-16,Drogaria Vitória LTDA ME,Perfumaria,Porto Alegre,RS,Jardins,2022-05-31,S
1856,38895311543978,Essência Essenza EIRELI,Revendedora autônoma,Goiânia,GO,Moema,21/02/2024,N
1857,60.862.365/0460-26,LOJA AROMAS DO SUL S/A,E-commerce,Recife,PE,Cambuí,2023-09-10,S
1858,26135062108401,Aroma Aurora LTDA ME,Quiosque,Brasília,DF,Bela Vista,2022-11-10,N
1859,97.526.866/5083-68,Farmácia Encanto LTDA,Loja de shopping,Goiânia,GO,Barra,2024-02-24,S
1860,08714390390920,Drogaria Diva LTDA,Loja de departamento,Curitiba,PR,Boa Viagem,2024-05-18,S
1861, 74857988892132 ,Drogaria Charme S/A,Salão de beleza,Porto Alegre,RS,Meireles,2024-12-30,S
1862,72540149384754,Essência Class S/A,Loja de departamento,Goiânia,GO,Higienópolis,2023-05-10,N
1863,92463669837555,Espaço Beleza Vitória S/A,Salão de beleza,Fortaleza,CE,Jardins,2024-07-29,N
1864,77099031721135,Boutique Flor de Liz EIRELI,Revendedora autônoma,Manaus,AM,Vila Madalena,2025-03-17,S
1865,01.460.193/3520-62,Perfumaria Nova Era ME,Loja de departamento,Rio de Janeiro,RJ,Pinheiros,2023-09-11,S
1866,66.331.614/0823-10,Farmácia Requinte S/A,Quiosque,Belo Horizonte,MG,Aldeota,2024-04-24,S
1867,05199508190056,Aroma Class ME,Revendedora autônoma,Porto Alegre,RS,Barra,2022-03-13,S
1868,17635241302286,Comercial Íris EIRELI,Perfumaria,Salvador,BA,Centro,2021-12-26,S
1869,23577741490571,Drogaria Rosa dos Ventos S/A,Loja de shopping,Goiânia,GO,Pituba,2021-11-16,S
1870,52.615.878/9891-68,Farmácia Essenza LTDA,Salão de beleza,Campinas,SP,Asa Sul,2024-12-18,S
1871,84546731371741,Aroma Íris LTDA ME,Perfumaria,Porto Alegre,RS,Setor Bueno,2021-06-15,S
1872,08570340117617,Aroma Bella Vita LTDA,Revendedora autônoma,Salvador,BA,Batel,2024-07-04,S
1873,31.817.203/5796-56,Aroma Serena EIRELI,Farmácia,Brasília,DF,Batel,2024-11-05,S
1874,07824116434241,CASA DE FRAGRÂNCIAS ENCANTO LTDA ME,Quiosque,Manaus,AM,Batel,2023-12-26,S
1875,22.306.421/1684-60,Farmácia Serena EIRELI,Salão de beleza,Brasília,DF,Barra,2023-05-31,S
1876,66521746453316,Perfumaria Íris LTDA,Salão de beleza,Manaus,AM,Setor Bueno,2023-02-26,S
1877,37134631078907,Loja Diva LTDA,Salão de beleza,Manaus,AM,Bela Vista,2021-09-01,S
1878,41.544.747/3343-59,Perfumaria Flor de Liz LTDA ME,Quiosque,São Paulo,SP,Ipanema,11/05/2026,S
1879,31750409370118,Essência Serena LTDA,Quiosque,Salvador,BA,Ipanema,01/11/2022,S
1880,55095792818472,Comercial Elegance S/A,Perfumaria,São Paulo,SP,Boa Viagem,2022-06-25,S
1881,11.954.062/7890-88,Farmácia Flor de Liz ME,Revendedora autônoma,Recife,PE,Savassi,2024-05-14,S
1882, 59282233125677 ,Espaço Beleza Class LTDA ME,Revendedora autônoma,Goiânia,GO,Boa Viagem,2023-11-26,S
1883,14134277323573,FARMÁCIA ENCANTO ME,Loja de shopping,Manaus,AM,Asa Sul,2021-12-03,S
1884,93.741.587/1994-25,Studio Charme EIRELI,Salão de beleza,Fortaleza,CE,Centro,21/05/2024,S
1885,55.877.993/6427-37,Boutique Sublime LTDA,Loja de shopping,Goiânia,GO,Moema,2021-05-22,S
1886,13511133010753,Drogaria Dourada LTDA ME,Perfumaria,Belo Horizonte,MG,Asa Sul,2022-07-31,S
1887,12322232087385,Boutique Nova Era LTDA,E-commerce,Porto Alegre,RS,Centro,2026-04-13,S
1888,87837921316822,STUDIO REQUINTE ME,Perfumaria,Salvador,BA,Ipanema,2022-07-25,S
1889,17.844.988/3803-74,Espaço Beleza Flor de Liz LTDA,Revendedora autônoma,Curitiba,PR,Meireles,2022-03-20,S
1890,49462455407700,Casa de Fragrâncias Serena S/A,Salão de beleza,Campinas,SP,Meireles,2022-11-14,S
1891,11808293850284,Casa de Fragrâncias Sublime LTDA ME,Loja de shopping,Brasília,DF,Barra,2021-11-29,S
1892,64153307066670,Farmácia Nova Era LTDA,Farmácia,Salvador,BA,Moema,2025-04-27,S
1893,55309373134037,Perfumaria Elegance LTDA ME,Quiosque,Goiânia,GO,Meireles,2021-11-27,N
1894,89200458207216,Bella Encanto ME,Quiosque,Rio de Janeiro,RJ,Higienópolis,2023-08-25,S
1895,32.550.652/9905-36,Drogaria Aurora LTDA ME,Farmácia,Fortaleza,CE,Jardins,2022-03-13,S
1896,89035508199684,Bella Lumiar S/A,Salão de beleza,Fortaleza,CE,Aldeota,2023-02-11,S
1897,05405155674092,Casa de Fragrâncias Requinte S/A,Quiosque,Belo Horizonte,MG,Jardins,2025-10-09,S
1898,13414058067091,Comercial Class EIRELI,E-commerce,São Paulo,SP,Centro,2023-03-30,S
1899,04004645497683,Casa de Fragrâncias Prime EIRELI,Quiosque,São Paulo,SP,Setor Bueno,2023-01-05,S
1900,99.246.625/7601-38,Bella Essenza LTDA,Salão de beleza,Brasília,DF,Savassi,2024-06-13,S
1901,65.250.815/9590-43,Loja Essenza LTDA ME,Perfumaria,Rio de Janeiro,RJ,Vila Madalena,2024-01-23,S
1902,76.310.323/1976-70,Farmácia Íris S/A,Loja de departamento,Fortaleza,CE,Setor Bueno,05/10/2023,S
1903,64.589.244/1832-81,Loja Serena ME,Revendedora autônoma,Goiânia,GO,Asa Sul,2024-03-05,S
1904,92975914489400,Casa de Fragrâncias Aromas do Sul EIRELI,Loja de departamento,Manaus,AM,Barra,2021-06-13,S
1905,24.887.807/3767-64,Loja Sublime LTDA,Revendedora autônoma,Goiânia,GO,Asa Sul,2021-06-18,S
1906,19.187.162/8974-76,Perfumaria Requinte LTDA,Loja de departamento,Salvador,BA,Meireles,2022-02-07,S
1907,64259931769708,Casa de Fragrâncias Nova Era LTDA,Quiosque,Belo Horizonte,MG,Ipanema,2022-09-05,S
1908,39.670.447/7714-05,Perfumaria Charme EIRELI,Quiosque,Recife,PE,Centro,2022-02-22,S
1909,54494099857525,LOJA DOURADA EIRELI,Revendedora autônoma,Salvador,BA,Higienópolis,2022-06-27,S
1910, 57663354205095 ,Drogaria Rosa dos Ventos LTDA ME,Quiosque,Salvador,BA,Batel,2023-06-18,S
1911,58.870.894/2660-36,Aroma Prime LTDA ME,Perfumaria,Goiânia,GO,Setor Bueno,2022-04-18,S
1912,94.350.079/6165-37,Aroma Sublime EIRELI,Quiosque,Belo Horizonte,MG,Pituba,2021-11-21,S
1913,91916369507259,Comercial Requinte LTDA,Farmácia,Porto Alegre,RS,Pituba,2023-09-07,S
1914,98230700813349,Boutique Prime LTDA ME,E-commerce,Fortaleza,CE,Boa Viagem,2026-01-05,S
1915, 94180169599112 ,Essência Bella Vita ME,Loja de departamento,Porto Alegre,RS,Savassi,2021-06-17,S
1916,79146595112033,CASA DE FRAGRÂNCIAS REQUINTE LTDA ME,Perfumaria,Brasília,DF,Vila Madalena,2021-07-07,S
1917,23943837542884,Essência Serena S/A,Revendedora autônoma,Porto Alegre,RS,Cambuí,2026-01-04,N
1918, 02772179316250 ,Comercial Lumiar S/A,Loja de shopping,Curitiba,PR,Asa Sul,2022-10-27,S
1919,48.372.687/7938-89,Drogaria Sublime LTDA ME,Farmácia,Campinas,SP,Bela Vista,2023-03-02,S
1920,78.691.040/7629-69,Farmácia Nobre LTDA ME,E-commerce,Porto Alegre,RS,Bela Vista,2022-07-14,N
1921,40410719129433,Casa de Fragrâncias Lumiar S/A,Loja de departamento,São Paulo,SP,Setor Bueno,2025-03-04,S
1922,55019353110158,Boutique Essenza ME,Quiosque,Curitiba,PR,Jardins,2022-12-23,S
1923,17493175607302,Boutique Lumiar ME,Quiosque,Manaus,AM,Pituba,2024-02-02,S
1924,01014926218922,Farmácia Elegance S/A,Loja de departamento,Campinas,SP,Asa Sul,2024-09-01,S
1925, 66025143580471 ,Perfumaria Encanto EIRELI,Perfumaria,Goiânia,GO,Cambuí,2024-04-23,S
1926,19596027693477,Essência Sublime EIRELI,Salão de beleza,Rio de Janeiro,RJ,Cambuí,2022-03-21,S
1927, 42246406948617 ,Bella Sublime ME,Farmácia,São Paulo,SP,Pituba,2022-10-11,S
1928,48.816.058/0197-55,Loja Aromas do Sul LTDA ME,Loja de departamento,Rio de Janeiro,RJ,Cambuí,22/02/2025,S
1929, 44144294267088 ,Farmacia Nobre LTDA,Perfumaria,Porto Alegre,RS,Bela Vista,2024-04-30,S
1930,68497042416981,Comercial Aromas do Sul LTDA,Quiosque,Belo Horizonte,MG,Centro,2024-09-06,N
1931,14365972397661,Loja Essenza EIRELI,Farmácia,Brasília,DF,Pituba,2024-05-27,S
1932,75180077842845,Espaço Beleza Serena LTDA ME,Farmácia,Rio de Janeiro,RJ,Pituba,2022-08-21,S
1933,67.219.228/3491-43,Farmácia Class ME,Loja de shopping,Recife,PE,Boa Viagem,2024-08-11,S
1934,78.336.740/8912-05,Bella Lumiar LTDA ME,E-commerce,Goiânia,GO,Higienópolis,2021-05-24,S
1935,01225620836108,Aroma Bella Vita LTDA,Quiosque,Brasília,DF,Boa Viagem,2025-09-02,S
1936,63.703.559/5915-16,Comercial Íris ME,Farmácia,Manaus,AM,Pinheiros,2022-03-19,S
1937,86.360.253/6873-20,Perfumaria Aromas do Sul LTDA,Salão de beleza,Salvador,BA,Asa Sul,2025-06-10,N
1938,87.387.183/4100-06,Espaço Beleza Encanto ME,E-commerce,Fortaleza,CE,Barra,2022-06-27,S
1939,46035608970649,Essência Encanto LTDA ME,Perfumaria,São Paulo,SP,Jardins,2023-04-19,S
1940,83047027890276,PERFUMARIA BELLA VITA EIRELI,Revendedora autônoma,Salvador,BA,Jardins,2023-03-13,S
1941,98575473880842,Drogaria Sublime ME,Loja de departamento,Rio de Janeiro,RJ,Centro,14/12/2021,S
1942,53.205.285/1550-13,Farmácia Lumiar S/A,Farmácia,Salvador,BA,Ipanema,2025-12-24,N
1943,13.918.418/0514-12,Loja Dourada LTDA,Perfumaria,Salvador,BA,Ipanema,2024-07-18,N
1944,99332769268994,Perfumaria Nova Era ME,Revendedora autônoma,Recife,PE,Boa Viagem,2025-12-21,S
1945,06.056.360/7124-13,Drogaria Serena EIRELI,Farmácia,Goiânia,GO,Moema,2025-07-02,S
1946, 69436436531459 ,Espaço Beleza Flor de Liz EIRELI,Loja de departamento,Recife,PE,Higienópolis,2023-02-06,S
1947,46318798976330,Boutique Vitória ME,Loja de shopping,Rio de Janeiro,RJ,Bela Vista,2025-06-15,S
1948,19.602.509/2704-00,Comercial Íris S/A,Loja de departamento,Curitiba,PR,Jardins,2026-03-14,S
1949,26027578966368,Boutique Sublime LTDA,Quiosque,Campinas,SP,Bela Vista,2024-07-04,S
1950,33097019982477,Casa de Fragrâncias Flor de Liz S/A,Quiosque,Belo Horizonte,MG,Pinheiros,2024-05-21,S
1951,98.636.782/8168-96,Drogaria Rosa dos Ventos S/A,Farmácia,São Paulo,SP,Boa Viagem,2025-10-14,S
1952,46580681792241,Perfumaria Elegance LTDA,Quiosque,Brasília,DF,Jardins,2022-02-10,S
1953,80985448789048,Espaço Beleza Diva LTDA ME,Salão de beleza,Porto Alegre,RS,Batel,2025-11-01,S
1954,13180666405997,Bella Aromas do Sul LTDA,Quiosque,Belo Horizonte,MG,Meireles,2024-09-25,S
1955,53.712.688/7041-55,Boutique Serena LTDA ME,Farmácia,Belo Horizonte,MG,Moema,2021-12-10,S
1956,17562479944331,Loja Vitória LTDA,Loja de shopping,Belo Horizonte,MG,Pituba,2021-11-19,S
1957,08.407.846/4015-77,Drogaria Flor de Liz S/A,Loja de departamento,Belo Horizonte,MG,Pituba,2023-01-08,S
1958,65.255.424/5866-72,Loja Prime ME,Perfumaria,Salvador,BA,Vila Madalena,2023-09-02,S
1959,06015413827386,Studio Charme ME,Revendedora autônoma,Porto Alegre,RS,Bela Vista,28/08/2021,S
1960,54.686.296/6103-56,Espaço Beleza Encanto ME,Perfumaria,Belo Horizonte,MG,Moema,2022-07-31,S
1961,26273506001266,Studio Íris LTDA,Perfumaria,Goiânia,GO,Jardins,2023-01-26,S
1962,00.916.659/5454-30,Comercial Charme LTDA ME,E-commerce,Rio de Janeiro,RJ,Boa Viagem,2026-02-14,S
1963,52.258.987/3073-21,Comercial Nova Era LTDA,Salão de beleza,São Paulo,SP,Aldeota,2022-05-12,N
1964,61171340250064,ESSÊNCIA VITÓRIA EIRELI,Loja de departamento,Brasília,DF,Setor Bueno,2025-12-14,S
1965,52650534774116,Boutique Aromas do Sul S/A,Salão de beleza,Recife,PE,Cambuí,2025-09-18,S
1966,87.592.041/5528-23,Comercial Dourada ME,Farmácia,Campinas,SP,Barra,2024-05-23,S
1967,97744433294578,Bella Serena EIRELI,Quiosque,Belo Horizonte,MG,Jardins,2022-04-08,S
1968,72464972834190,Perfumaria Bella Vita S/A,Farmácia,Fortaleza,CE,Higienópolis,2022-05-16,S
1969,98299316421282,STUDIO ROSA DOS VENTOS LTDA,Salão de beleza,Belo Horizonte,MG,Boa Viagem,2022-04-18,S
1970,10557999158434,Farmácia Serena ME,Salão de beleza,Goiânia,GO,Barra,2022-09-14,S
1971,40708063139594,Espaço Beleza Serena EIRELI,Quiosque,Porto Alegre,RS,Centro,2023-05-02,S
1972,12821112642181,Espaço Beleza Sublime S/A,Quiosque,Curitiba,PR,Aldeota,2022-11-17,S
1973,07050709506263,Essência Elegance ME,Loja de shopping,Fortaleza,CE,Aldeota,2023-08-19,S
1974,98.047.078/9379-87,Bella Serena ME,Loja de shopping,Fortaleza,CE,Vila Madalena,23/11/2021,S
1975,69.184.544/1983-85,Espaço Beleza Prime LTDA ME,Loja de shopping,Curitiba,PR,Centro,2022-02-18,S
1976,15.995.274/7871-55,Aroma Lumiar S/A,Farmácia,Salvador,BA,Barra,2025-03-29,N
1977,34.756.196/1765-02,Perfumaria Prime LTDA ME,Perfumaria,Campinas,SP,Setor Bueno,2024-01-15,S
1978,58.700.512/5380-63,Casa de Fragrâncias Elegance LTDA ME,Perfumaria,Goiânia,GO,Pinheiros,2024-02-19,S
1979,28792746226897,Drogaria Dourada ME,Salão de beleza,Curitiba,PR,Batel,18/11/2024,S
1980, 75793144494199 ,Aroma Nova Era LTDA ME,Salão de beleza,São Paulo,SP,Asa Sul,2022-07-25,S
1981,40927715736850,Casa de Fragrâncias Essenza LTDA,Loja de shopping,Brasília,DF,Meireles,22/12/2024,S
1982,67207591445661,Aroma Diva LTDA,Quiosque,Brasília,DF,Cambuí,2022-05-20,N
1983,34010265576475,Casa de Fragrâncias Lumiar ME,Loja de departamento,Porto Alegre,RS,Pituba,2022-04-27,S
1984,10506859023309,Bella Prime LTDA,Loja de departamento,Porto Alegre,RS,Pituba,2023-01-02,S
1985,16537305342890,Aroma Íris ME,Farmácia,Recife,PE,Jardins,01/12/2021,S
1986,61507106616903,Perfumaria Nobre S/A,Quiosque,Campinas,SP,Savassi,2022-03-29,S
1987,97.796.319/9467-09,Essência Requinte LTDA ME,Quiosque,Campinas,SP,Batel,01/07/2022,S
1988,30.878.847/7988-82,Casa de Fragrâncias Requinte LTDA ME,Quiosque,Brasília,DF,Pinheiros,2023-03-27,S
1989, 27482300971547 ,Perfumaria Flor de Liz ME,Salão de beleza,Recife,PE,Meireles,2022-10-21,S
1990, 11567814082824 ,Aroma Vitória LTDA ME,Farmácia,Belo Horizonte,MG,Cambuí,2022-05-25,N
1991,23159637813191,Comercial Nova Era LTDA,Revendedora autônoma,Porto Alegre,RS,Aldeota,2024-11-16,S
1992,64494058151939,Espaco Beleza Nova Era LTDA,Quiosque,Porto Alegre,RS,Moema,2023-03-29,S
1993,26890098606814,Aroma Íris LTDA ME,Loja de departamento,Campinas,SP,Pituba,2022-12-10,S
1994,29420670805858,Essência Requinte LTDA ME,Perfumaria,Campinas,SP,Cambuí,2023-10-23,S
1995,40.030.315/1861-75,Drogaria Encanto S/A,Loja de shopping,Belo Horizonte,MG,Aldeota,2021-07-16,S
1996,19.495.832/5199-01,Boutique Dourada S/A,Revendedora autônoma,Campinas,SP,Batel,2025-10-19,S
1997,70859426823955,Espaço Beleza Prime LTDA,E-commerce,Fortaleza,CE,Centro,2025-06-12,S
1998,57.694.151/3985-53,Loja Class LTDA,Revendedora autônoma,Salvador,BA,Meireles,16/10/2023,S
1999,17.525.232/4342-13,Studio Íris EIRELI,Quiosque,Curitiba,PR,Boa Viagem,2021-06-24,S
2000,33.500.645/5804-82,ESPAÇO BELEZA DIVA ME,Loja de shopping,Fortaleza,CE,Ipanema,2026-03-09,S
2001,29370625873608,Aroma Charme LTDA ME,Loja de shopping,Manaus,AM,Meireles,2024-05-01,S
2002,16750115327034,Loja Rosa dos Ventos EIRELI,E-commerce,Campinas,SP,Higienópolis,2024-02-19,S
2003,63713799870805,Drogaria Charme ME,Farmácia,Campinas,SP,Pinheiros,2023-04-12,S
2004,75.376.445/1256-22,COMERCIAL DOURADA EIRELI,E-commerce,Salvador,BA,Batel,2025-03-30,S
2005,61380718606993,Comercial Sublime ME,Perfumaria,Campinas,SP,Batel,2023-03-13,S
2006,62.986.042/7857-10,AROMA AURORA EIRELI,Revendedora autônoma,Rio de Janeiro,RJ,Cambuí,2023-04-18,S
2007,62509694123528,Aroma Aromas do Sul S/A,Perfumaria,Campinas,SP,Bela Vista,2021-09-15,S
2008,81107149236036,Espaço Beleza Sublime EIRELI,Salão de beleza,São Paulo,SP,Asa Sul,2026-06-28,S
2009,21.326.776/3831-91,Espaço Beleza Encanto ME,Revendedora autônoma,Fortaleza,CE,Pituba,2025-07-09,S
2010,56.842.181/8018-74,Farmácia Flor de Liz ME,Revendedora autônoma,Fortaleza,CE,Ipanema,2024-12-03,S
2011,46.030.231/2178-17,Drogaria Rosa dos Ventos EIRELI,Revendedora autônoma,Fortaleza,CE,Higienópolis,2024-07-29,S
2012,85.920.630/4165-27,Espaço Beleza Nova Era LTDA,Farmácia,Rio de Janeiro,RJ,Ipanema,2023-09-25,S
2013,01792513622380,Drogaria Aurora S/A,Perfumaria,São Paulo,SP,Higienópolis,2025-12-04,S
2014,94014696136077,Perfumaria Serena EIRELI,Loja de shopping,Rio de Janeiro,RJ,Higienópolis,2023-11-14,N
2015,35.333.501/6262-51,COMERCIAL FLOR DE LIZ LTDA ME,E-commerce,Manaus,AM,Ipanema,2024-06-20,S
2016,51.332.096/7309-24,Aroma Elegance EIRELI,Farmácia,Manaus,AM,Vila Madalena,2024-09-01,S
2017,39036385743391,Bella Aurora LTDA,Perfumaria,Curitiba,PR,Setor Bueno,2022-11-16,S
2018,67501468314650,Casa de Fragrâncias Sublime EIRELI,Salão de beleza,Belo Horizonte,MG,Setor Bueno,2025-05-20,S
2019,18190232016519,Comercial Aurora S/A,Perfumaria,São Paulo,SP,Pituba,2021-09-28,S
2020,75.192.677/5046-16,Boutique Requinte LTDA ME,E-commerce,São Paulo,SP,Higienópolis,2023-10-11,S
2021,87.202.048/7103-65,Essência Essenza EIRELI,Loja de departamento,Campinas,SP,Batel,2023-05-25,S
2022,71.974.531/4595-50,Drogaria Serena S/A,Perfumaria,Manaus,AM,Vila Madalena,2021-07-13,S
2023,47.356.427/2943-61,Studio Sublime ME,Perfumaria,Salvador,BA,Jardins,2024-06-16,S
2024,46470236074170,Drogaria Nobre EIRELI,Salão de beleza,Rio de Janeiro,RJ,Meireles,2025-02-25,S
2025,34.176.228/0954-17,Farmácia Diva ME,Perfumaria,Rio de Janeiro,RJ,Aldeota,06/08/2022,S
2026,84828173933969,STUDIO ÍRIS EIRELI,Loja de shopping,Salvador,BA,Savassi,2026-03-11,S
2027,64.646.764/7856-25,Perfumaria Essenza EIRELI,Salão de beleza,São Paulo,SP,Batel,27/05/2024,S
2028,99.286.102/8551-43,Casa de Fragrâncias Nobre ME,Loja de shopping,São Paulo,SP,Boa Viagem,2021-09-15,S
2029,86.591.819/8052-83,Boutique Aurora LTDA ME,Salão de beleza,Campinas,SP,Centro,2024-06-06,S
2030,30.388.401/6776-92,Bella Aurora EIRELI,Farmácia,Brasília,DF,Pituba,2024-04-21,S
2031,70957445406914,Loja Elegance S/A,Loja de departamento,Goiânia,GO,Barra,2023-04-14,S
2032, 55676959792962 ,Drogaria Dourada ME,Revendedora autônoma,Manaus,AM,Jardins,2026-01-01,S
2033,91905665141343,Espaço Beleza Serena ME,Loja de departamento,Campinas,SP,Bela Vista,2024-07-20,S
2034,81.605.191/7024-23,Essência Elegance LTDA ME,Quiosque,Manaus,AM,Jardins,2022-04-09,N
2035,84341357168261,Comercial Prime LTDA,Quiosque,Rio de Janeiro,RJ,Asa Sul,2025-06-21,S
2036,35.414.556/4731-16,Comercial Diva ME,Loja de shopping,Fortaleza,CE,Centro,2021-10-19,N
2037,89438301485781,Perfumaria Sublime S/A,Loja de departamento,Campinas,SP,Asa Sul,2022-05-27,S
2038,90.244.628/8261-73,ESPAÇO BELEZA LUMIAR ME,Perfumaria,Brasília,DF,Vila Madalena,2023-03-14,S
2039,49.318.137/2293-80,Perfumaria Serena S/A,Revendedora autônoma,Rio de Janeiro,RJ,Barra,2022-12-16,S
2040,16.476.492/7386-81,Aroma Charme ME,Quiosque,Rio de Janeiro,RJ,Higienópolis,2023-07-13,S
2041,55392588302136,Boutique Sublime EIRELI,Revendedora autônoma,Rio de Janeiro,RJ,Pituba,2024-10-23,S
2042,60287490726488,Studio Essenza LTDA ME,Revendedora autônoma,Fortaleza,CE,Moema,2024-10-02,S
2043,37939859308227,BOUTIQUE NOVA ERA EIRELI,Salão de beleza,Brasília,DF,Vila Madalena,2025-11-10,S
2044,23207248611562,Loja Aromas do Sul LTDA,Loja de departamento,Manaus,AM,Asa Sul,17/05/2023,S
2045,14128044712083,Essência Sublime EIRELI,Quiosque,São Paulo,SP,Meireles,2026-03-16,S
2046,86173277606395,Espaço Beleza Nova Era S/A,Loja de departamento,Brasília,DF,Ipanema,2024-04-19,S
2047,16.984.366/3375-61,Casa de Fragrâncias Rosa dos Ventos LTDA ME,Revendedora autônoma,Porto Alegre,RS,Pituba,2021-10-29,S
2048,92945836188374,Boutique Requinte LTDA ME,Loja de shopping,Salvador,BA,Batel,2022-12-02,S
2049,02567021782959,Comercial Flor de Liz LTDA,Farmácia,Salvador,BA,Aldeota,2021-07-22,S
2050, 29403804374126 ,Casa de Fragrâncias Nobre LTDA,Loja de departamento,Curitiba,PR,Vila Madalena,2021-08-04,S
2051,99707839313294,Studio Encanto ME,Salão de beleza,Rio de Janeiro,RJ,Jardins,2025-12-27,N
2052,57.555.748/6328-10,Casa de Fragrâncias Diva LTDA,Perfumaria,Recife,PE,Cambuí,2021-11-22,S
2053,38410960066161,COMERCIAL DIVA LTDA,Quiosque,Fortaleza,CE,Boa Viagem,2024-11-21,S
2054,56.979.181/4336-97,Essência Diva LTDA,Salão de beleza,Manaus,AM,Meireles,2022-10-30,S
2055,60533882499696,Espaço Beleza Lumiar EIRELI,Farmácia,Belo Horizonte,MG,Jardins,22/07/2022,S
2056,03.634.874/5126-19,Drogaria Prime S/A,Perfumaria,Porto Alegre,RS,Centro,2023-04-27,S
2057,44312134557999,Drogaria Nobre LTDA ME,Quiosque,Manaus,AM,Higienópolis,2024-07-01,S
2058,06365783715104,Loja Diva LTDA ME,Quiosque,Curitiba,PR,Meireles,2026-01-11,S
2059,24967371967557,Perfumaria Requinte EIRELI,Loja de shopping,Manaus,AM,Centro,2021-05-27,S
2060,94438826976941,Loja Dourada S/A,Loja de departamento,Brasília,DF,Bela Vista,2023-05-08,S
2061,69.087.863/9141-83,Studio Bella Vita EIRELI,E-commerce,Goiânia,GO,Asa Sul,09/11/2022,S
2062,70.725.445/2786-10,Espaço Beleza Rosa dos Ventos EIRELI,Loja de shopping,Belo Horizonte,MG,Aldeota,2022-10-18,S
2063,93914603782803,AROMA AURORA S/A,Farmácia,Rio de Janeiro,RJ,Ipanema,2022-11-28,S
2064,70.750.139/9392-56,Bella Encanto LTDA ME,Quiosque,Fortaleza,CE,Moema,2022-02-19,S
2065,71.862.667/8616-33,Boutique Aurora ME,Farmácia,Fortaleza,CE,Vila Madalena,2021-07-09,S
2066,98640946654977,Comercial Encanto EIRELI,Revendedora autônoma,Campinas,SP,Barra,01/07/2024,S
2067,54.121.762/0801-28,Espaço Beleza Aurora LTDA,Loja de shopping,Goiânia,GO,Boa Viagem,2023-04-09,S
2068,36.504.568/6969-00,Boutique Essenza EIRELI,Revendedora autônoma,Salvador,BA,Setor Bueno,2024-03-22,N
2069, 15758427686127 ,Boutique Vitória ME,Revendedora autônoma,Porto Alegre,RS,Vila Madalena,2022-02-25,S
2070,42.018.445/7661-62,Perfumaria Íris EIRELI,Salão de beleza,Goiânia,GO,Meireles,11/06/2021,N
2071,17326523465546,Espaço Beleza Dourada LTDA ME,Revendedora autônoma,Porto Alegre,RS,Boa Viagem,2024-11-03,S
2072,01.989.289/1435-35,AROMA ÍRIS ME,Salão de beleza,Porto Alegre,RS,Higienópolis,2023-03-15,S
2073,07813847513407,Perfumaria Class S/A,Salão de beleza,Recife,PE,Batel,2023-02-20,S
2074,55465120690611,Boutique Serena LTDA ME,Quiosque,São Paulo,SP,Barra,2022-09-18,S
2075,15846439442805,Studio Prime ME,Perfumaria,Curitiba,PR,Ipanema,31/03/2023,S
2076,78730539003432,Perfumaria Nobre EIRELI,Loja de shopping,São Paulo,SP,Ipanema,12/10/2023,S
2077,62849756578339,Boutique Essenza LTDA,E-commerce,Manaus,AM,Ipanema,2023-04-23,N
2078,88.578.782/8095-72,Perfumaria Essenza S/A,Revendedora autônoma,Brasília,DF,Vila Madalena,2025-12-01,S
2079,98460745625670,Farmácia Aromas do Sul S/A,Quiosque,Campinas,SP,Bela Vista,2023-07-01,S
2080,09802075204690,Studio Aurora LTDA ME,Revendedora autônoma,Salvador,BA,Higienópolis,2022-01-28,S
2081,39202444073197,Farmácia Essenza ME,Perfumaria,Fortaleza,CE,Meireles,20/03/2024,S
2082,29169426166647,Bella Nova Era ME,Quiosque,Fortaleza,CE,Aldeota,2024-04-19,S
2083,20831300161832,Perfumaria Rosa dos Ventos EIRELI,Perfumaria,Salvador,BA,Pinheiros,2024-02-29,S
2084,43.086.042/8316-72,Bella Dourada EIRELI,Loja de departamento,Manaus,AM,Jardins,05/07/2025,S
2085,06737788921418,Studio Aurora S/A,Loja de shopping,Recife,PE,Pituba,2025-12-15,S
2086,01170564765857,Boutique Vitoria LTDA ME,Perfumaria,Brasília,DF,Cambuí,2022-08-17,S
2087,47.910.999/9378-48,Perfumaria Aromas do Sul LTDA,Revendedora autônoma,Manaus,AM,Meireles,2022-06-01,S
2088,04.982.070/0026-75,Boutique Requinte LTDA ME,Salão de beleza,Curitiba,PR,Moema,11/10/2022,S
2089,82.511.723/0358-21,Comercial Vitória ME,Loja de shopping,Curitiba,PR,Higienópolis,2022-01-03,S
2090,48088611258044,Loja Charme LTDA,Quiosque,São Paulo,SP,Aldeota,2025-07-24,S
2091,81098176635215,Boutique Serena LTDA ME,Quiosque,Recife,PE,Centro,2023-10-26,S
2092,68686464147359,Boutique Serena LTDA ME,Salão de beleza,São Paulo,SP,Boa Viagem,2022-12-05,S
2093,77689977395166,Aroma Rosa dos Ventos LTDA,Revendedora autônoma,Salvador,BA,Centro,2025-02-12,S
2094,07151996323047,Farmácia Essenza EIRELI,Loja de departamento,Salvador,BA,Ipanema,2026-04-29,S
2095,33841629062881,Comercial Bella Vita ME,Loja de departamento,Campinas,SP,Higienópolis,2022-11-14,N
2096,83434936356808,Essência Rosa dos Ventos ME,Revendedora autônoma,Rio de Janeiro,RJ,Asa Sul,2021-11-15,S
2097,76218743096474,DROGARIA DIVA S/A,Revendedora autônoma,Recife,PE,Setor Bueno,2023-12-09,S
2098,92.951.628/9084-54,Drogaria Lumiar LTDA ME,Loja de departamento,São Paulo,SP,Barra,2021-09-20,S
2099,58.128.766/3404-19,Essência Lumiar LTDA ME,E-commerce,Belo Horizonte,MG,Boa Viagem,2022-03-11,S
2100,46.968.516/9217-51,Aroma Aromas do Sul EIRELI,Loja de shopping,Belo Horizonte,MG,Aldeota,2025-09-16,N
2101,50057458076648,Boutique Aromas do Sul ME,Farmácia,Campinas,SP,Aldeota,2022-02-03,S
2102,83359482245248,Casa de Fragrâncias Vitória EIRELI,Revendedora autônoma,Fortaleza,CE,Vila Madalena,2024-09-16,S
2103,46.141.191/0147-39,Casa de Fragrâncias Sublime EIRELI,Revendedora autônoma,Salvador,BA,Centro,2024-03-23,S
2104,77127715685390,Essência Rosa dos Ventos S/A,E-commerce,Belo Horizonte,MG,Asa Sul,2024-02-18,N
2105,03089229064199,Perfumaria Charme S/A,E-commerce,Brasília,DF,Vila Madalena,2022-06-28,S
2106,65872802386562,Casa de Fragrâncias Nova Era S/A,Perfumaria,Belo Horizonte,MG,Savassi,2024-09-14,S
2107,80030053782868,Perfumaria Elegance LTDA,Loja de shopping,Brasília,DF,Jardins,2021-12-25,S
2108,16.922.397/6621-54,Studio Aromas do Sul LTDA,Farmácia,Brasília,DF,Batel,13/04/2024,S
2109,92.942.863/5834-92,Aroma Serena EIRELI,Quiosque,Belo Horizonte,MG,Ipanema,2026-04-20,S
2110,92335588572834,COMERCIAL ESSENZA S/A,Farmácia,São Paulo,SP,Cambuí,2022-06-05,S
2111,75.302.961/4990-94,Aroma Prime LTDA,Salão de beleza,Brasília,DF,Bela Vista,2024-04-22,S
2112,14548118917284,Espaço Beleza Rosa dos Ventos EIRELI,E-commerce,Manaus,AM,Jardins,12/10/2022,S
2113, 26288658072008 ,Farmácia Nova Era LTDA ME,Perfumaria,Goiânia,GO,Meireles,2024-07-17,S
2114,57529255568084,Perfumaria Flor de Liz EIRELI,Perfumaria,Campinas,SP,Higienópolis,2022-04-16,S
2115,62.424.947/0025-19,Drogaria Encanto EIRELI,Quiosque,Curitiba,PR,Jardins,2024-06-12,S
2116,77248774763083,Studio Flor de Liz LTDA,Perfumaria,Salvador,BA,Vila Madalena,2022-10-20,S
2117,74180420223059,Boutique Elegance LTDA ME,Quiosque,Campinas,SP,Boa Viagem,2021-12-30,S
2118,65755525868568,Essência Sublime LTDA ME,Loja de departamento,Fortaleza,CE,Pinheiros,2025-11-11,S
2119,71.300.025/5464-53,DROGARIA NOVA ERA EIRELI,Salão de beleza,Brasília,DF,Bela Vista,2023-05-02,S
2120,04.145.056/3370-69,Espaço Beleza Flor de Liz S/A,Farmácia,Fortaleza,CE,Savassi,2022-10-17,S
2121,75955942298133,Loja Essenza LTDA,Quiosque,Campinas,SP,Savassi,2023-10-27,S
2122,77.436.048/9098-59,Boutique Íris S/A,E-commerce,Recife,PE,Pituba,2023-10-20,S
2123,34768893861618,Essência Nobre S/A,Loja de departamento,Goiânia,GO,Higienópolis,22/12/2021,S
2124,96.521.790/0531-26,Essencia Bella Vita ME,Quiosque,Rio de Janeiro,RJ,Higienópolis,2024-07-23,S
2125,59587695591268,Loja Elegance LTDA,Revendedora autônoma,Porto Alegre,RS,Barra,2026-01-21,S
2126,12345923258024,Farmácia Flor de Liz LTDA ME,Quiosque,Porto Alegre,RS,Aldeota,2022-09-21,S
2127,51492863270231,Drogaria Sublime LTDA,Perfumaria,Curitiba,PR,Pinheiros,24/01/2022,N
2128,76.344.334/6026-33,Bella Diva ME,Farmácia,Campinas,SP,Higienópolis,2022-08-13,S
2129,02521514351723,Perfumaria Dourada EIRELI,Salão de beleza,Fortaleza,CE,Boa Viagem,2022-07-14,S
2130,23547224055306,Studio Aurora LTDA,Revendedora autônoma,Campinas,SP,Bela Vista,2024-03-28,S
2131,75234087056833,Comercial Vitória S/A,Salão de beleza,Belo Horizonte,MG,Higienópolis,2022-10-18,N
2132,84399748698005,Boutique Sublime LTDA,Revendedora autônoma,Belo Horizonte,MG,Batel,2022-08-27,S
2133,09404475017505,Casa de Fragrâncias Nobre S/A,Loja de departamento,Recife,PE,Jardins,2022-05-11,S
2134,86972232420430,Studio Flor de Liz LTDA,Farmácia,Salvador,BA,Pituba,2024-04-29,S
2135,36359114202861,Drogaria Aromas do Sul LTDA ME,Revendedora autônoma,Rio de Janeiro,RJ,Savassi,2023-12-03,S
2136,24542249224302,Perfumaria Aurora LTDA,Perfumaria,Manaus,AM,Aldeota,2023-05-17,S
2137,28.243.509/7913-53,Farmacia Serena LTDA ME,Loja de departamento,Goiânia,GO,Boa Viagem,2023-10-06,S
2138,84.676.408/9779-53,Espaço Beleza Elegance LTDA,Perfumaria,Manaus,AM,Jardins,2025-06-09,S
2139,33602731567261,Comercial Prime S/A,Revendedora autônoma,Recife,PE,Cambuí,2021-12-03,S
2140,89.777.382/4382-14,Drogaria Prime S/A,Loja de shopping,Campinas,SP,Meireles,2025-02-11,S
2141,38522359062709,Bella Flor de Liz EIRELI,Perfumaria,Rio de Janeiro,RJ,Boa Viagem,2023-01-14,S
2142,29245670893935,Bella Requinte ME,Loja de shopping,Belo Horizonte,MG,Aldeota,2024-06-23,S
2143,35.833.878/9591-90,Casa de Fragrâncias Aromas do Sul LTDA ME,E-commerce,Salvador,BA,Ipanema,2024-10-04,N
2144,25.723.230/0708-61,Espaço Beleza Encanto LTDA ME,E-commerce,Manaus,AM,Setor Bueno,2021-07-18,S
2145,52914835650869,Loja Aurora ME,Loja de shopping,Campinas,SP,Batel,2023-11-27,S
2146,41105562412667,Aroma Nova Era EIRELI,Perfumaria,Salvador,BA,Cambuí,2022-04-24,S
2147,70336424532065,DROGARIA ÍRIS LTDA,Revendedora autônoma,Porto Alegre,RS,Barra,2023-02-25,S
2148,37.152.431/0915-68,Studio Class ME,Perfumaria,São Paulo,SP,Moema,2023-04-14,S
2149,25.264.974/7870-67,Espaço Beleza Íris ME,Loja de shopping,Belo Horizonte,MG,Centro,2022-07-14,S
2150, 01012448056942 ,Essência Nova Era LTDA,Quiosque,Rio de Janeiro,RJ,Asa Sul,2026-02-04,S
2151,07.231.492/0499-30,Farmácia Charme LTDA,E-commerce,São Paulo,SP,Jardins,2022-05-07,S
2152,31055031588785,Comercial Lumiar EIRELI,Perfumaria,Porto Alegre,RS,Asa Sul,2024-06-14,S
2153,35156095142770,Farmácia Flor de Liz EIRELI,Loja de departamento,Brasília,DF,Moema,2025-04-24,S
2154, 27143593410616 ,Drogaria Nobre EIRELI,Quiosque,Recife,PE,Jardins,2025-05-19,S
2155, 12207250845240 ,Bella Requinte LTDA ME,Perfumaria,Fortaleza,CE,Batel,2021-08-05,S
2156,36010999319140,Drogaria Requinte LTDA ME,Farmácia,Curitiba,PR,Savassi,2024-07-11,S
2157,22.887.415/9492-54,Perfumaria Charme LTDA ME,Salão de beleza,Goiânia,GO,Boa Viagem,2023-08-06,S
2158,69664811051292,Perfumaria Íris LTDA ME,Revendedora autônoma,Brasília,DF,Bela Vista,2025-06-05,S
2159,77.810.708/2408-93,Bella Flor de Liz EIRELI,Revendedora autônoma,Recife,PE,Boa Viagem,2025-04-13,N
2160,36.616.201/7295-12,Perfumaria Aromas do Sul LTDA ME,Loja de departamento,Belo Horizonte,MG,Vila Madalena,13/07/2022,S
2161,08.403.909/2767-36,Boutique Elegance ME,Loja de departamento,Rio de Janeiro,RJ,Ipanema,2024-07-21,N
2162,67605508005090,Casa de Fragrâncias Bella Vita S/A,Loja de shopping,Recife,PE,Jardins,2025-11-01,S
2163,64.419.941/2436-16,Studio Serena S/A,Loja de shopping,Salvador,BA,Jardins,2024-05-26,S
2164,91814983678490,Loja Dourada S/A,Quiosque,Rio de Janeiro,RJ,Moema,2024-12-05,S
2165,67550043753157,Drogaria Requinte EIRELI,Loja de shopping,Fortaleza,CE,Higienópolis,2022-09-07,S
2166,60390367486756,Casa de Fragrâncias Essenza EIRELI,Revendedora autônoma,Brasília,DF,Pituba,2022-01-09,S
2167,27081207800378,Perfumaria Vitória ME,Farmácia,Goiânia,GO,Centro,2024-03-03,S
2168,41609909757885,Farmácia Nova Era LTDA,Loja de departamento,Curitiba,PR,Pinheiros,2024-01-12,S
2169,90.439.461/6222-77,Casa de Fragrâncias Dourada LTDA,Perfumaria,Porto Alegre,RS,Pinheiros,06/12/2023,N
2170,84.655.921/8956-88,Boutique Nova Era LTDA ME,Revendedora autônoma,Belo Horizonte,MG,Ipanema,2022-06-04,S
2171,18023848761444,Aroma Lumiar ME,Revendedora autônoma,Goiânia,GO,Jardins,2023-06-01,S
2172,85.753.794/7631-83,Perfumaria Prime EIRELI,Perfumaria,São Paulo,SP,Boa Viagem,2026-04-10,S
2173, 52346151216760 ,Perfumaria Essenza LTDA,Loja de departamento,Brasília,DF,Vila Madalena,26/09/2021,S
2174,97824256582938,Aroma Encanto EIRELI,Perfumaria,Brasília,DF,Centro,2022-10-27,S
2175, 86383466908144 ,Drogaria Requinte LTDA ME,Perfumaria,Goiânia,GO,Barra,10/09/2021,S
2176,31530707919048,Farmácia Class LTDA,Perfumaria,Brasília,DF,Barra,2021-11-20,S
2177,45129829454183,Essência Serena LTDA ME,Farmácia,Curitiba,PR,Setor Bueno,2023-07-21,S
2178,07438203950078,CASA DE FRAGRÂNCIAS AURORA LTDA,Salão de beleza,Salvador,BA,Meireles,2022-04-09,S
2179,76036733614247,Comercial Vitória ME,Farmácia,Salvador,BA,Vila Madalena,31/08/2025,S
2180,48.243.648/5178-27,Boutique Bella Vita LTDA ME,Quiosque,Rio de Janeiro,RJ,Pinheiros,2022-08-23,N
2181,41.964.000/9256-83,Drogaria Lumiar S/A,Loja de departamento,Fortaleza,CE,Higienópolis,2022-10-27,S
2182,65402347145137,Drogaria Aromas do Sul ME,Perfumaria,Fortaleza,CE,Ipanema,2023-02-21,S
2183,65293675627545,Studio Lumiar EIRELI,Revendedora autônoma,Campinas,SP,Cambuí,2025-07-10,S
2184,42209470544765,Studio Aurora LTDA,Revendedora autônoma,Campinas,SP,Aldeota,2021-11-04,S
2185,92.704.388/5287-15,Boutique Aurora ME,E-commerce,Manaus,AM,Aldeota,2026-06-30,S
2186,85.442.402/9480-46,Espaço Beleza Lumiar LTDA ME,Perfumaria,Curitiba,PR,Asa Sul,2021-10-12,S
2187,72477115787378,Farmácia Diva ME,Loja de departamento,Belo Horizonte,MG,Pituba,2024-03-11,S
2188, 13873140319166 ,Comercial Prime EIRELI,Farmácia,Fortaleza,CE,Pinheiros,2022-05-05,S
2189,89676218224792,Aroma Aromas do Sul LTDA ME,Loja de departamento,Brasília,DF,Aldeota,2023-12-19,S
2190,14895792578523,Perfumaria Requinte ME,Perfumaria,Fortaleza,CE,Moema,2022-11-25,S
2191,34.542.471/1558-22,Farmácia Lumiar LTDA,Salão de beleza,Fortaleza,CE,Centro,2024-04-19,S
2192,67769313164538,Casa de Fragrâncias Nobre LTDA,Loja de shopping,São Paulo,SP,Ipanema,01/07/2025,S
2193,21.012.546/7591-49,Loja Bella Vita ME,Quiosque,Manaus,AM,Pituba,2022-08-30,N
2194,82583201435456,Studio Sublime S/A,Quiosque,Recife,PE,Barra,2023-08-03,S
2195,36444981063267,Comercial Aurora EIRELI,Perfumaria,Recife,PE,Setor Bueno,03/08/2023,S
2196,21192474350697,Studio Nova Era ME,Perfumaria,Goiânia,GO,Batel,20/08/2021,S
2197,20.382.998/3990-15,Studio Class EIRELI,Salão de beleza,Rio de Janeiro,RJ,Vila Madalena,2024-08-27,N
2198,06.803.040/0546-80,Farmácia Dourada ME,Revendedora autônoma,Brasília,DF,Vila Madalena,2024-03-23,N
2199,74.321.115/4959-92,Studio Diva S/A,Farmácia,Salvador,BA,Jardins,2025-12-30,S
2200, 36417659205948 ,Studio Aurora LTDA,Perfumaria,Rio de Janeiro,RJ,Bela Vista,2023-07-12,N
2201,53609643945349,Studio Iris LTDA,Perfumaria,Rio de Janeiro,RJ,Ipanema,2024-10-31,S
2202,05325624888804,Espaço Beleza Nobre EIRELI,E-commerce,Curitiba,PR,Savassi,2025-10-27,S
2203,32.405.741/1935-39,Espaço Beleza Serena S/A,Revendedora autônoma,Goiânia,GO,Pinheiros,13/02/2024,S
2204,77095218586804,Studio Aurora LTDA,Loja de shopping,Recife,PE,Bela Vista,2023-08-11,S
2205,92.585.783/9803-70,Farmácia Charme LTDA,Revendedora autônoma,Brasília,DF,Higienópolis,2023-06-21,S
2206,94853074878134,Bella Serena LTDA,Salão de beleza,Recife,PE,Centro,2024-07-18,S
2207,18136170004854,Aroma Elegance EIRELI,Loja de shopping,Manaus,AM,Savassi,22/01/2024,N
2208,94.525.539/6255-61,Aroma Nova Era S/A,Loja de shopping,Manaus,AM,Moema,2023-02-23,S
2209,93.215.294/1761-11,Drogaria Dourada LTDA,Revendedora autônoma,São Paulo,SP,Cambuí,2022-12-11,S
2210,61216694810011,Bella Aurora LTDA,Revendedora autônoma,Belo Horizonte,MG,Pinheiros,2023-09-30,S
2211,67.323.836/8414-34,Drogaria Sublime LTDA,Loja de shopping,Salvador,BA,Asa Sul,2023-02-03,S
2212,05.389.059/5094-28,Comercial Charme EIRELI,Revendedora autônoma,Campinas,SP,Pituba,14/04/2024,S
2213,87274105915798,FARMÁCIA AROMAS DO SUL EIRELI,Salão de beleza,São Paulo,SP,Ipanema,2024-03-13,S
2214,43522173284248,Studio Aromas do Sul LTDA,Loja de shopping,Recife,PE,Centro,2021-12-24,S
2215,17.265.134/2045-78,FARMÁCIA ENCANTO EIRELI,Revendedora autônoma,Goiânia,GO,Pinheiros,2024-01-18,S
2216,30302413001131,Drogaria Essenza EIRELI,E-commerce,Salvador,BA,Pituba,03/02/2023,S
2217,05.592.277/0260-49,Studio Nova Era S/A,Quiosque,Campinas,SP,Boa Viagem,20/01/2022,S
2218,96.411.350/7649-96,Boutique Elegance S/A,Loja de departamento,Campinas,SP,Centro,2025-12-02,S
2219,11.947.505/2201-12,BELLA ENCANTO ME,Perfumaria,Fortaleza,CE,Ipanema,2021-12-16,S
2220,33.238.143/3161-66,Comercial Nova Era LTDA ME,E-commerce,Manaus,AM,Savassi,2022-01-10,S
2221,95111578723903,Espaço Beleza Diva LTDA,Salão de beleza,Brasília,DF,Setor Bueno,2026-06-25,S
2222, 24588469371478 ,Espaço Beleza Aurora EIRELI,Perfumaria,Recife,PE,Aldeota,2021-11-19,S
2223,78444002748942,Loja Requinte ME,Revendedora autônoma,Rio de Janeiro,RJ,Vila Madalena,2023-02-14,S
2224,48671188161827,Loja Lumiar EIRELI,E-commerce,Porto Alegre,RS,Aldeota,2022-03-14,S
2225,45273318815675,Essência Serena EIRELI,Salão de beleza,Manaus,AM,Aldeota,2025-04-07,S
2226,07907704553001,Drogaria Rosa dos Ventos ME,Farmácia,Campinas,SP,Boa Viagem,2025-05-27,S
2227,98.567.240/5552-51,Comercial Nobre ME,Salão de beleza,Belo Horizonte,MG,Pinheiros,16/11/2021,S
2228,43742822022041,Perfumaria Lumiar ME,Loja de departamento,Belo Horizonte,MG,Boa Viagem,2024-08-25,S
2229,14876096737250,FARMÁCIA NOVA ERA EIRELI,Loja de shopping,Campinas,SP,Meireles,2024-05-12,S
2230,50650696158844,Studio Dourada LTDA,E-commerce,São Paulo,SP,Centro,2025-10-12,S
2231,20.896.760/4062-32,Bella Lumiar EIRELI,Farmácia,Campinas,SP,Pinheiros,17/02/2024,S
2232,96058653143422,Essência Elegance LTDA,Perfumaria,Belo Horizonte,MG,Jardins,2024-06-26,S
2233, 22287499589367 ,Farmácia Rosa dos Ventos LTDA ME,Perfumaria,Fortaleza,CE,Pituba,2025-10-13,S
2234,73.880.111/3052-92,Drogaria Charme ME,Salão de beleza,Brasília,DF,Cambuí,2023-07-04,N
2235,80.632.448/9684-60,Comercial Flor de Liz LTDA ME,Loja de shopping,Porto Alegre,RS,Ipanema,2023-02-09,S
2236,27.933.997/0214-61,Essência Rosa dos Ventos LTDA ME,Perfumaria,Porto Alegre,RS,Batel,2022-07-05,S
2237,54.419.043/7702-96,Casa de Fragrâncias Aurora ME,Perfumaria,Recife,PE,Boa Viagem,2022-02-06,S
2238,24645604851199,Comercial Vitória ME,Salão de beleza,Fortaleza,CE,Pinheiros,2024-06-29,S
2239,11785125927291,Drogaria Charme S/A,Loja de shopping,Rio de Janeiro,RJ,Ipanema,2022-05-25,S
2240,18757617657224,Comercial Íris LTDA,Revendedora autônoma,Porto Alegre,RS,Higienópolis,2022-08-18,S
2241,40833783615926,Aroma Sublime LTDA,Loja de departamento,Campinas,SP,Centro,2022-05-06,S
2242,65300022750936,STUDIO CHARME S/A,Perfumaria,Salvador,BA,Barra,31/07/2024,S
2243,42137472793922,Studio Nobre EIRELI,E-commerce,Rio de Janeiro,RJ,Vila Madalena,2022-05-21,S
2244,93369832407281,Aroma Íris LTDA,Farmácia,Belo Horizonte,MG,Centro,2022-09-25,S
2245,09880409336272,Drogaria Prime LTDA ME,Salão de beleza,Brasília,DF,Asa Sul,2023-03-01,S
2246, 32722215532501 ,DROGARIA NOVA ERA LTDA ME,Revendedora autônoma,Fortaleza,CE,Savassi,21/06/2022,S
2247,65160862495133,Bella Nobre LTDA ME,Perfumaria,Campinas,SP,Batel,2021-05-30,S
2248,64711813207239,Espaço Beleza Dourada LTDA ME,Farmácia,Recife,PE,Ipanema,2024-01-02,S
2249,36985167655999,Comercial Nova Era LTDA ME,Loja de departamento,Recife,PE,Boa Viagem,2024-03-31,S
2250,44.995.143/7043-42,Drogaria Íris ME,Loja de departamento,Recife,PE,Aldeota,2023-01-03,S
2251,42.221.242/1973-81,Loja Elegance LTDA,E-commerce,Porto Alegre,RS,Savassi,2025-04-27,N
2252,95.838.508/3327-10,Farmácia Elegance EIRELI,Salão de beleza,Belo Horizonte,MG,Meireles,2022-12-30,S
2253,43.171.916/3354-71,Boutique Serena S/A,Revendedora autônoma,Manaus,AM,Boa Viagem,2022-08-29,S
2254,76892206829945,Espaço Beleza Encanto EIRELI,Loja de shopping,Rio de Janeiro,RJ,Higienópolis,2021-07-31,S
2255,19816254993145,Farmácia Elegance ME,Salão de beleza,Campinas,SP,Vila Madalena,2023-04-11,S
2256,67461616054337,Comercial Rosa dos Ventos LTDA,Revendedora autônoma,Curitiba,PR,Asa Sul,2024-07-23,S
2257,95312178940697,Loja Charme LTDA,Loja de departamento,Recife,PE,Higienópolis,2023-11-19,S
2258, 31916787586474 ,Studio Charme EIRELI,Farmácia,Goiânia,GO,Savassi,2024-08-03,S
2259,50461614384039,Casa de Fragrancias Encanto EIRELI,Quiosque,Salvador,BA,Jardins,2025-09-23,S
2260,42.509.563/6038-55,BOUTIQUE FLOR DE LIZ ME,Loja de shopping,Rio de Janeiro,RJ,Vila Madalena,2023-10-09,S
2261,43585991977638,Bella Nova Era ME,Loja de departamento,Curitiba,PR,Asa Sul,22/08/2022,S
2262,63.662.871/1716-53,Casa de Fragrâncias Elegance S/A,Salão de beleza,Manaus,AM,Ipanema,2022-10-01,S
2263,98.958.294/8630-99,Casa de Fragrâncias Serena EIRELI,Salão de beleza,Recife,PE,Meireles,30/01/2022,S
2264,43.149.142/1544-09,Drogaria Encanto ME,Loja de departamento,Goiânia,GO,Ipanema,2022-06-02,S
2265,40527703547663,Studio Requinte LTDA ME,Quiosque,São Paulo,SP,Centro,2024-05-22,S
2266,51940723461504,Loja Bella Vita S/A,Farmácia,Recife,PE,Batel,2024-01-03,S
2267,25139002950114,Drogaria Requinte S/A,Quiosque,Goiânia,GO,Ipanema,2022-03-13,S
2268,23.783.904/9757-45,Essência Charme LTDA ME,E-commerce,Salvador,BA,Meireles,2022-07-23,S
2269,88465190348308,Perfumaria Flor de Liz LTDA ME,Revendedora autônoma,Curitiba,PR,Pinheiros,2023-11-24,S
2270,49.035.934/1773-34,Bella Lumiar LTDA,Perfumaria,Porto Alegre,RS,Batel,2023-05-12,S
2271,82160639231867,Espaço Beleza Bella Vita ME,Perfumaria,Rio de Janeiro,RJ,Barra,26/11/2024,S
2272,36970257953564,Studio Serena ME,Farmácia,Brasília,DF,Aldeota,2023-02-26,S
2273,63996240238492,Studio Essenza EIRELI,Salão de beleza,Brasília,DF,Jardins,2025-12-31,S
2274,39.572.869/3953-91,Boutique Vitória ME,Quiosque,São Paulo,SP,Boa Viagem,2024-07-13,S
2275,34802496689923,Bella Nobre ME,Salão de beleza,Salvador,BA,Centro,2021-07-18,S
2276,54448479207405,Perfumaria Elegance ME,Quiosque,Rio de Janeiro,RJ,Aldeota,2024-01-31,S
2277,90.254.983/9103-20,Aroma Rosa dos Ventos ME,Revendedora autônoma,Goiânia,GO,Moema,2024-10-24,N
2278,97.295.755/1263-70,Aroma Elegance ME,Loja de departamento,Belo Horizonte,MG,Boa Viagem,2024-05-10,S
2279,76668992127462,Essência Class S/A,Revendedora autônoma,Rio de Janeiro,RJ,Ipanema,2024-02-12,S
2280,95656219295909,Farmácia Encanto LTDA ME,E-commerce,Campinas,SP,Meireles,2021-06-29,S
2281,37825648586476,Aroma Rosa dos Ventos LTDA ME,Salão de beleza,Recife,PE,Cambuí,30/04/2022,S
2282, 50679964511590 ,COMERCIAL SUBLIME LTDA ME,Salão de beleza,Recife,PE,Boa Viagem,2022-11-30,S
2283,97950804660638,Bella Encanto LTDA,Perfumaria,Recife,PE,Aldeota,23/08/2023,S
2284,20922521238029,Drogaria Rosa dos Ventos LTDA ME,Loja de departamento,Campinas,SP,Savassi,2023-02-03,S
2285,87497151295458,Boutique Serena ME,Salão de beleza,Porto Alegre,RS,Setor Bueno,2023-04-28,S
2286, 99169535952287 ,Farmácia Aromas do Sul LTDA,Perfumaria,Campinas,SP,Setor Bueno,2024-09-08,S
2287,31114963360989,Casa de Fragrâncias Aurora EIRELI,Perfumaria,Fortaleza,CE,Cambuí,17/02/2024,S
2288,19.740.059/7583-44,Drogaria Essenza LTDA,E-commerce,Recife,PE,Boa Viagem,2022-08-31,N
2289,41828654907872,Essência Flor de Liz EIRELI,Salão de beleza,Brasília,DF,Savassi,2022-11-07,S
2290,37577079606169,Drogaria Aromas do Sul EIRELI,Farmácia,Goiânia,GO,Higienópolis,2025-09-09,S
2291,55.958.277/0699-22,Casa de Fragrâncias Diva S/A,Farmácia,Goiânia,GO,Asa Sul,2022-05-04,S
2292,08276100235120,Studio Flor de Liz EIRELI,Loja de departamento,Recife,PE,Pituba,2023-03-21,S
2293,94385633759849,Bella Sublime LTDA ME,Quiosque,Porto Alegre,RS,Savassi,08/03/2026,S
2294, 11337952331432 ,Aroma Lumiar LTDA,Perfumaria,Rio de Janeiro,RJ,Bela Vista,2025-11-27,S
2295, 63387908132208 ,ESSÊNCIA SUBLIME EIRELI,E-commerce,Goiânia,GO,Barra,2024-10-26,S
2296,97881649571042,Perfumaria Serena ME,Perfumaria,Rio de Janeiro,RJ,Boa Viagem,05/10/2022,S
2297,70.183.137/7434-03,Studio Prime EIRELI,Quiosque,Rio de Janeiro,RJ,Moema,2024-05-03,S
2298,35813682201529,Essência Diva ME,Salão de beleza,Curitiba,PR,Pinheiros,2021-12-10,S
2299,06.208.212/4076-64,Comercial Charme S/A,Revendedora autônoma,São Paulo,SP,Barra,2022-10-11,S
2300,01134496895092,Espaço Beleza Nova Era S/A,E-commerce,Salvador,BA,Asa Sul,2026-02-22,S
2301, 94972547204744 ,Casa de Fragrâncias Íris ME,Quiosque,Manaus,AM,Centro,2023-12-19,S
2302,51444465748145,Essência Diva EIRELI,Loja de departamento,Recife,PE,Higienópolis,2023-10-10,S
2303,43.178.421/3913-69,Studio Elegance LTDA ME,Revendedora autônoma,São Paulo,SP,Batel,2021-11-14,S
2304,15422412503834,Drogaria Vitória LTDA ME,Loja de shopping,Fortaleza,CE,Jardins,31/12/2025,S
2305,97.537.006/3239-98,Boutique Vitória EIRELI,Quiosque,Rio de Janeiro,RJ,Centro,2021-07-22,S
2306,37558263218945,ESPAÇO BELEZA NOVA ERA S/A,Salão de beleza,Brasília,DF,Moema,2024-02-10,S
2307,99.428.178/3420-64,Casa de Fragrâncias Elegance EIRELI,Salão de beleza,Rio de Janeiro,RJ,Setor Bueno,2026-04-26,S
2308,19.720.409/3242-43,Aroma Lumiar ME,Farmácia,Fortaleza,CE,Meireles,2024-06-28,S
2309,30.872.447/8390-71,Loja Requinte S/A,Salão de beleza,Porto Alegre,RS,Vila Madalena,2025-02-19,S
2310,02419827244952,Casa de Fragrâncias Charme S/A,Farmácia,Rio de Janeiro,RJ,Moema,2024-06-17,S
2311,77895166501800,Drogaria Lumiar LTDA ME,Perfumaria,Goiânia,GO,Savassi,2022-08-01,S
2312,31625751000366,Boutique Nova Era LTDA ME,E-commerce,Belo Horizonte,MG,Barra,2021-08-28,S
2313,18458163021291,LOJA CHARME EIRELI,Revendedora autônoma,Fortaleza,CE,Moema,2025-10-22,S
2314,80.310.262/3705-06,Aroma Class ME,Loja de shopping,Campinas,SP,Batel,2022-02-14,S
2315,46547631691455,Casa de Fragrâncias Encanto ME,Revendedora autônoma,Salvador,BA,Meireles,2025-08-13,S
2316,66.762.267/6174-79,CASA DE FRAGRÂNCIAS PRIME ME,Salão de beleza,Porto Alegre,RS,Boa Viagem,2024-08-08,S
2317,96425497806437,Perfumaria Serena ME,Loja de departamento,Salvador,BA,Bela Vista,2024-03-15,S
2318,11.601.565/3995-21,Essência Prime EIRELI,Salão de beleza,Curitiba,PR,Ipanema,2024-02-18,N
2319,43.790.868/0883-58,Comercial Dourada EIRELI,Revendedora autônoma,Manaus,AM,Higienópolis,2022-08-07,S
2320,79974254290436,Comercial Sublime EIRELI,Salão de beleza,Goiânia,GO,Pituba,2026-01-02,S
2321,50786725308158,Loja Sublime S/A,Loja de departamento,Brasília,DF,Savassi,2024-08-21,S
2322,32467199927523,Perfumaria Charme S/A,Perfumaria,Goiânia,GO,Ipanema,2022-03-17,S
2323,63518757053209,Aroma Serena LTDA,Revendedora autônoma,Campinas,SP,Setor Bueno,2023-04-17,S
2324,19.729.410/3675-80,Drogaria Sublime S/A,Revendedora autônoma,Porto Alegre,RS,Moema,2022-07-01,S
2325,13037097184679,Bella Vitória LTDA ME,Quiosque,Fortaleza,CE,Savassi,2024-05-08,S
2326, 27592746010069 ,Perfumaria Requinte LTDA ME,Perfumaria,Goiânia,GO,Bela Vista,2022-03-10,S
2327,66.180.610/8537-00,Perfumaria Charme ME,Farmácia,Salvador,BA,Savassi,22/09/2024,S
2328,83905101181693,Perfumaria Diva LTDA ME,Farmácia,Recife,PE,Bela Vista,2023-03-01,S
2329,01.494.116/3282-25,Drogaria Nova Era EIRELI,E-commerce,Rio de Janeiro,RJ,Pinheiros,2024-01-16,S
2330,21170254496550,Bella Essenza S/A,Loja de shopping,Fortaleza,CE,Batel,2023-10-16,S
2331,80575950242426,Boutique Flor de Liz LTDA ME,Loja de shopping,Porto Alegre,RS,Setor Bueno,2025-09-19,S
2332,13.202.061/3920-31,Bella Lumiar EIRELI,Loja de departamento,Fortaleza,CE,Boa Viagem,2021-09-24,S
2333,78073900496309,Comercial Prime S/A,Quiosque,Manaus,AM,Boa Viagem,03/07/2022,S
2334,96499104716495,AROMA SUBLIME EIRELI,Salão de beleza,Manaus,AM,Vila Madalena,2023-03-25,S
2335,13715342789328,Drogaria Lumiar LTDA ME,Loja de shopping,Fortaleza,CE,Cambuí,25/01/2022,S
2336, 84274946454030 ,Boutique Diva LTDA ME,E-commerce,Manaus,AM,Setor Bueno,12/12/2024,S
2337,88232345335668,Casa de Fragrâncias Rosa dos Ventos EIRELI,Loja de departamento,Curitiba,PR,Batel,2023-10-06,S
2338,98.013.376/1915-77,Farmácia Essenza EIRELI,Farmácia,Curitiba,PR,Bela Vista,2025-07-16,S
2339, 23153942811587 ,Comercial Elegance S/A,Farmácia,Recife,PE,Ipanema,2022-05-26,N
2340,92.151.098/1009-44,Loja Vitória ME,Quiosque,Fortaleza,CE,Pinheiros,2025-01-21,S
2341, 42763808263267 ,FARMÁCIA ENCANTO ME,Farmácia,Goiânia,GO,Jardins,2022-05-01,S
2342, 98714142642930 ,Bella Diva LTDA,E-commerce,Curitiba,PR,Meireles,2022-07-24,S
2343,81674289540584,Loja Nobre ME,E-commerce,Curitiba,PR,Pituba,2022-01-04,S
2344,45.979.898/2245-54,Drogaria Flor de Liz LTDA,E-commerce,Belo Horizonte,MG,Setor Bueno,2024-07-09,S
2345,61.177.854/5390-57,Bella Íris S/A,Loja de shopping,Goiânia,GO,Meireles,2021-08-09,S
2346,30025539525637,Farmácia Prime EIRELI,Revendedora autônoma,Salvador,BA,Ipanema,2021-12-08,S
2347, 01311175173358 ,Studio Serena ME,E-commerce,Fortaleza,CE,Moema,2023-07-28,S
2348,44387871713593,Perfumaria Class EIRELI,Farmácia,Goiânia,GO,Boa Viagem,2022-09-19,S
2349,73964331612099,Aroma Aromas do Sul LTDA ME,Loja de departamento,Belo Horizonte,MG,Batel,2023-11-17,S
2350,75.153.672/0975-06,Aroma Serena ME,Farmácia,Fortaleza,CE,Higienópolis,2022-07-25,S
2351,68.594.416/4933-11,Essência Aurora ME,Salão de beleza,Manaus,AM,Batel,2024-03-07,S
2352,60363235185229,Comercial Essenza ME,Salão de beleza,São Paulo,SP,Jardins,2024-03-03,S
2353,39871484544300,Aroma Lumiar LTDA ME,Salão de beleza,Manaus,AM,Setor Bueno,2022-01-25,S
2354,65183163325336,Loja Sublime LTDA ME,Salão de beleza,Porto Alegre,RS,Jardins,2025-12-12,S
2355,25.076.660/6950-85,Comercial Sublime S/A,Perfumaria,São Paulo,SP,Ipanema,2023-11-03,S
2356,32647414124043,Espaço Beleza Elegance EIRELI,E-commerce,Manaus,AM,Pinheiros,2021-06-25,N
2357,18208716388193,Loja Essenza S/A,Loja de shopping,São Paulo,SP,Barra,2021-05-29,S
2358,98.792.165/0181-75,Farmácia Sublime LTDA,Perfumaria,Rio de Janeiro,RJ,Vila Madalena,2022-02-09,S
2359,52.262.491/5289-32,Casa de Fragrâncias Essenza LTDA ME,Loja de departamento,Campinas,SP,Meireles,2025-10-19,N
2360,97.493.135/2762-55,Aroma Class LTDA,Loja de departamento,Rio de Janeiro,RJ,Bela Vista,2023-04-15,S
2361,66516391727154,Drogaria Aromas do Sul LTDA,Loja de departamento,Salvador,BA,Meireles,2021-09-02,S
2362,50334607496875,Comercial Nobre EIRELI,E-commerce,Curitiba,PR,Higienópolis,2022-03-03,S
2363, 73982125588774 ,Perfumaria Elegance LTDA,Salão de beleza,Brasília,DF,Meireles,2024-06-12,S
2364,65.086.569/9638-74,Farmácia Vitória EIRELI,Quiosque,Campinas,SP,Cambuí,2023-01-10,S
2365,83410657299766,Bella Bella Vita LTDA ME,Loja de shopping,Campinas,SP,Jardins,2022-08-13,S
2366,33677744108439,Espaço Beleza Prime LTDA,Farmácia,Goiânia,GO,Meireles,2022-01-15,S
2367,09358271732031,Essência Íris EIRELI,Loja de departamento,Porto Alegre,RS,Bela Vista,2024-08-10,S
2368,88797888458795,FARMÁCIA FLOR DE LIZ EIRELI,Quiosque,Fortaleza,CE,Moema,2022-01-23,S
2369,46.190.692/3951-08,Aroma Sublime LTDA ME,Quiosque,Goiânia,GO,Vila Madalena,2023-07-11,S
2370, 99842003265030 ,Farmácia Flor de Liz EIRELI,E-commerce,Campinas,SP,Jardins,2022-11-23,S
2371,51.335.294/9576-03,Perfumaria Aromas do Sul EIRELI,Farmácia,Recife,PE,Boa Viagem,2021-06-23,S
2372,70.453.868/7612-97,Farmácia Serena ME,Loja de shopping,Goiânia,GO,Cambuí,2022-05-13,S
2373,43153834899531,Perfumaria Sublime EIRELI,Perfumaria,Rio de Janeiro,RJ,Jardins,2023-09-02,S
2374,24170364237331,Essência Essenza EIRELI,Loja de shopping,São Paulo,SP,Aldeota,2023-07-11,S
2375,97621779429210,Essencia Aromas do Sul ME,Quiosque,Brasília,DF,Cambuí,2024-02-02,S
2376,50796313240496,Bella Serena EIRELI,Loja de departamento,Fortaleza,CE,Pinheiros,21/03/2024,S
2377,14570658686237,Loja Flor de Liz LTDA ME,Quiosque,Fortaleza,CE,Moema,2021-10-20,S
2378,39176707002279,Essência Nobre ME,E-commerce,Goiânia,GO,Setor Bueno,2022-04-17,S
2379,03987806465949,Espaço Beleza Serena EIRELI,Loja de departamento,São Paulo,SP,Bela Vista,2024-03-06,S
2380,93203922686870,Bella Rosa dos Ventos S/A,Salão de beleza,Porto Alegre,RS,Setor Bueno,2023-07-06,S
2381,65309246430813,CASA DE FRAGRÂNCIAS AURORA EIRELI,Quiosque,Manaus,AM,Boa Viagem,2025-08-21,S
2382,35.094.557/3149-26,Loja Íris LTDA,Quiosque,Porto Alegre,RS,Higienópolis,2025-05-18,S
2383,80.710.024/5886-41,Studio Requinte LTDA ME,Revendedora autônoma,Campinas,SP,Barra,03/02/2022,S
2384,39338338768838,Casa de Fragrâncias Sublime LTDA,Loja de shopping,Campinas,SP,Meireles,2022-06-08,S
2385,68165223507993,Boutique Serena EIRELI,Quiosque,Manaus,AM,Bela Vista,2021-12-24,N
2386,49.603.342/9950-86,Aroma Serena LTDA ME,Loja de departamento,Brasília,DF,Moema,2025-02-05,S
2387,67.778.673/9718-19,Essência Íris S/A,Quiosque,Fortaleza,CE,Barra,2024-06-01,S
2388,37406242610332,Loja Elegance LTDA ME,Quiosque,Salvador,BA,Bela Vista,2023-02-07,S
2389,19.866.132/9406-35,Boutique Requinte S/A,Loja de departamento,Goiânia,GO,Batel,2025-12-23,S
2390,85007284385800,COMERCIAL NOVA ERA ME,Loja de departamento,Campinas,SP,Asa Sul,2021-06-04,S
2391,05.149.048/7359-75,BOUTIQUE DIVA EIRELI,Salão de beleza,Salvador,BA,Pinheiros,2025-06-21,S
2392,77997722226461,Perfumaria Aurora ME,Revendedora autônoma,São Paulo,SP,Batel,2022-11-08,S
2393, 07697693805145 ,Aroma Requinte LTDA,Loja de departamento,Salvador,BA,Vila Madalena,2023-04-28,S
2394,20.750.006/9915-58,Studio Prime ME,Revendedora autônoma,Rio de Janeiro,RJ,Asa Sul,2022-09-23,S
2395,52322148944139,Loja Diva S/A,Farmácia,Recife,PE,Meireles,2021-06-18,S
2396, 81569590705695 ,Comercial Flor de Liz LTDA,Revendedora autônoma,Curitiba,PR,Bela Vista,2025-11-16,S
2397, 08117306993821 ,Espaço Beleza Nova Era S/A,Quiosque,Porto Alegre,RS,Pinheiros,2023-02-15,S
2398,30.284.052/1850-56,BELLA FLOR DE LIZ S/A,Revendedora autônoma,Goiânia,GO,Vila Madalena,2024-05-18,N
2399,85896549818440,CASA DE FRAGRÂNCIAS ENCANTO LTDA ME,Loja de departamento,Manaus,AM,Boa Viagem,2023-04-25,S
2400,05487487056623,Casa de Fragrâncias Diva LTDA,Perfumaria,Campinas,SP,Setor Bueno,07/07/2024,S
2401,15012350665660,Espaço Beleza Class EIRELI,Perfumaria,Recife,PE,Vila Madalena,2025-08-24,S
2402,93793919474372,Bella Elegance EIRELI,Perfumaria,Brasília,DF,Moema,28/06/2021,S
2403,60.910.276/4714-24,Aroma Nova Era LTDA,Farmácia,Goiânia,GO,Vila Madalena,13/12/2024,S
2404,37738133098314,LOJA AROMAS DO SUL LTDA,Revendedora autônoma,Belo Horizonte,MG,Pinheiros,2022-08-06,S
2405,28742565686680,Perfumaria Bella Vita EIRELI,Perfumaria,Curitiba,PR,Ipanema,2022-10-19,S
2406,38157501543857,Loja Lumiar S/A,Perfumaria,Manaus,AM,Asa Sul,2026-06-13,S
2407,14.881.514/4661-99,Farmácia Bella Vita LTDA,Quiosque,Manaus,AM,Vila Madalena,2022-10-04,S
2408, 26668854553637 ,Studio Requinte EIRELI,Salão de beleza,Recife,PE,Jardins,2021-11-20,S
2409,44238162266484,Farmácia Encanto LTDA ME,Loja de departamento,Curitiba,PR,Higienópolis,2024-01-25,S
2410,35.805.331/5131-35,Perfumaria Prime LTDA ME,Quiosque,Recife,PE,Pituba,2024-12-21,S
2411,79.372.239/1761-96,Espaço Beleza Aromas do Sul EIRELI,Salão de beleza,Porto Alegre,RS,Bela Vista,2025-02-22,S
2412,31.357.408/7474-07,Studio Serena LTDA ME,Loja de shopping,Porto Alegre,RS,Pituba,2023-07-30,S
2413,77990618344251,Essência Nobre EIRELI,Salão de beleza,Salvador,BA,Batel,2024-03-09,S
2414,28634840161706,Essência Encanto EIRELI,Farmácia,Salvador,BA,Barra,2023-04-05,S
2415, 20156914616415 ,Espaço Beleza Dourada LTDA,Loja de departamento,Salvador,BA,Moema,2025-12-31,S
2416, 78109071957145 ,Farmácia Dourada S/A,Salão de beleza,Rio de Janeiro,RJ,Ipanema,2024-02-06,S
2417,87368072966180,Comercial Aromas do Sul EIRELI,Farmácia,Curitiba,PR,Aldeota,2021-09-02,S
2418,09.907.046/4450-30,ESSÊNCIA CLASS LTDA,Perfumaria,Curitiba,PR,Jardins,2024-08-18,S
2419, 73300276327223 ,Perfumaria Dourada ME,Salão de beleza,Brasília,DF,Pinheiros,2025-11-11,S
2420,90473535226549,Studio Lumiar ME,Revendedora autônoma,Salvador,BA,Ipanema,2025-08-19,S
2421,59964260600989,Bella Nobre LTDA,Perfumaria,Campinas,SP,Barra,2025-05-20,S
2422, 41199136564025 ,Comercial Bella Vita LTDA,Loja de shopping,Recife,PE,Higienópolis,2023-01-20,S
2423,22384357993895,Drogaria Nobre LTDA,Loja de shopping,Goiânia,GO,Asa Sul,2021-06-16,S
2424,29.497.756/5512-88,Espaço Beleza Elegance LTDA ME,Revendedora autônoma,Salvador,BA,Vila Madalena,2022-10-20,S
2425,03101221338753,Bella Sublime ME,E-commerce,Fortaleza,CE,Cambuí,2025-07-06,S
2426,74.988.396/8382-52,Perfumaria Requinte ME,Revendedora autônoma,Salvador,BA,Barra,2022-08-02,S
2427,21.517.346/6068-99,Loja Flor de Liz EIRELI,E-commerce,Salvador,BA,Cambuí,27/10/2023,S
2428,08.010.302/2123-95,Studio Sublime ME,Loja de departamento,Rio de Janeiro,RJ,Batel,2024-12-08,S
2429,14226326214453,ESSÊNCIA NOBRE LTDA,Perfumaria,Porto Alegre,RS,Pinheiros,2026-06-24,S
2430,78.801.159/1326-84,Boutique Nobre EIRELI,Loja de departamento,Fortaleza,CE,Vila Madalena,27/02/2025,S
2431,33693105719732,Casa de Fragrâncias Encanto EIRELI,Farmácia,São Paulo,SP,Aldeota,2023-07-19,S
2432,76260235640930,Studio Class LTDA,Farmácia,Brasília,DF,Higienópolis,2021-09-04,S
2433,69.999.381/9194-87,Boutique Essenza S/A,Loja de shopping,Goiânia,GO,Centro,2023-02-21,N
2434,15.517.586/3735-33,Drogaria Sublime S/A,Perfumaria,Porto Alegre,RS,Vila Madalena,2023-09-28,S
2435,68584311621065,Loja Elegance S/A,E-commerce,Brasília,DF,Ipanema,2024-03-13,S
2436,31.055.771/0302-75,Espaço Beleza Diva S/A,Salão de beleza,Porto Alegre,RS,Meireles,15/06/2021,S
2437,43.423.149/4521-25,Drogaria Serena LTDA,Loja de departamento,Brasília,DF,Bela Vista,06/08/2021,S
2438,40999151414050,Bella Vitória EIRELI,Farmácia,São Paulo,SP,Asa Sul,2021-07-16,S
2439,63641226472543,Essência Nobre ME,Loja de shopping,Goiânia,GO,Pinheiros,12/06/2021,N
2440,24.081.744/2539-68,Loja Íris S/A,Loja de shopping,Porto Alegre,RS,Centro,2022-10-11,S
2441,81224661428097,Studio Aurora S/A,Quiosque,Brasília,DF,Barra,2026-05-16,S
2442,59117533170253,Perfumaria Aromas do Sul LTDA ME,Quiosque,Rio de Janeiro,RJ,Barra,2023-05-01,S
2443,58725371720153,Drogaria Nobre LTDA ME,Revendedora autônoma,Fortaleza,CE,Vila Madalena,2024-09-08,S
2444,13311519683948,Boutique Essenza EIRELI,Loja de departamento,Porto Alegre,RS,Meireles,2025-10-28,N
2445,03491315653667,Bella Elegance EIRELI,Loja de departamento,Goiânia,GO,Setor Bueno,2025-07-11,S
2446,82325348529799,Casa de Fragrâncias Lumiar LTDA ME,Loja de departamento,Belo Horizonte,MG,Barra,2023-06-26,S
2447,52197064064123,Drogaria Encanto EIRELI,Perfumaria,Curitiba,PR,Bela Vista,2024-03-29,S
2448,50.163.270/3491-41,Comercial Requinte LTDA ME,Loja de shopping,Fortaleza,CE,Vila Madalena,2024-07-30,S
2449,72.126.454/3676-87,Comercial Rosa dos Ventos ME,E-commerce,Belo Horizonte,MG,Bela Vista,29/03/2022,S
2450,01333279882170,Aroma Rosa dos Ventos LTDA,Loja de departamento,Curitiba,PR,Pinheiros,17/09/2023,N
2451,49185147561603,Bella Charme LTDA ME,Salão de beleza,Goiânia,GO,Vila Madalena,2021-08-13,S
2452,28.795.614/1096-61,DROGARIA NOBRE LTDA ME,Revendedora autônoma,Belo Horizonte,MG,Jardins,2022-08-09,S
2453,50690303471120,AROMA CHARME ME,Perfumaria,Brasília,DF,Ipanema,2023-11-25,S
2454,12920722303358,Farmácia Flor de Liz LTDA,Salão de beleza,Salvador,BA,Pituba,2026-04-14,S
2455,38792787678236,DROGARIA CHARME S/A,E-commerce,Fortaleza,CE,Vila Madalena,2024-08-17,S
2456,44865743062068,Studio Requinte LTDA,E-commerce,Porto Alegre,RS,Aldeota,2024-04-22,S
2457,98.113.008/4339-14,FARMÁCIA SERENA LTDA ME,Farmácia,Belo Horizonte,MG,Barra,2024-03-13,S
2458,50749504432719,Drogaria Sublime EIRELI,Perfumaria,São Paulo,SP,Asa Sul,2023-09-27,S
2459,61.693.624/0885-16,Boutique Rosa dos Ventos LTDA,Farmácia,Rio de Janeiro,RJ,Cambuí,01/02/2026,S
2460,41037622659415,Espaço Beleza Class LTDA,Revendedora autônoma,Campinas,SP,Barra,13/12/2023,S
2461, 11644668471329 ,Perfumaria Prime S/A,Farmácia,Brasília,DF,Cambuí,2024-05-04,S
2462,51.185.811/0146-02,Boutique Nobre S/A,Salão de beleza,Campinas,SP,Bela Vista,2023-08-07,S
2463,01408123563167,Loja Flor de Liz LTDA ME,Loja de shopping,Goiânia,GO,Boa Viagem,2022-07-11,S
2464,88.478.718/1938-34,Bella Bella Vita EIRELI,Quiosque,Campinas,SP,Centro,2021-11-15,S
2465,47308028213114,Bella Encanto ME,Farmácia,Manaus,AM,Setor Bueno,2026-06-07,S
2466,78942596349001,Boutique Dourada EIRELI,Revendedora autônoma,Goiânia,GO,Asa Sul,2022-02-20,S
2467,11303076617061,Espaço Beleza Dourada LTDA ME,Loja de departamento,Salvador,BA,Higienópolis,2022-06-30,S
2468,09.872.848/1818-69,Essência Dourada EIRELI,Revendedora autônoma,Belo Horizonte,MG,Ipanema,2022-06-19,S
2469,77.213.963/6209-16,Studio Encanto LTDA,E-commerce,Porto Alegre,RS,Boa Viagem,2024-08-17,S
2470,90170668637218,Casa de Fragrâncias Sublime EIRELI,Revendedora autônoma,Rio de Janeiro,RJ,Jardins,2022-08-20,S
2471, 70571265656416 ,Loja Flor de Liz EIRELI,Loja de departamento,Porto Alegre,RS,Savassi,25/11/2022,S
2472,20.701.805/8935-96,Comercial Prime EIRELI,Loja de shopping,Rio de Janeiro,RJ,Cambuí,2021-12-02,S
2473,61.503.359/8480-86,Perfumaria Dourada ME,Revendedora autônoma,Fortaleza,CE,Batel,2024-04-20,S
2474,78.532.101/3398-93,Perfumaria Bella Vita ME,E-commerce,Goiânia,GO,Vila Madalena,2024-08-13,S
2475,90140565025787,Studio Nobre S/A,Perfumaria,Porto Alegre,RS,Aldeota,2024-06-17,S
2476,04.636.919/9183-86,Comercial Charme LTDA ME,Revendedora autônoma,Goiânia,GO,Vila Madalena,2023-03-05,N
2477, 36771775296942 ,Essência Aromas do Sul S/A,Salão de beleza,Manaus,AM,Higienópolis,2022-07-07,S
2478,41.245.277/0508-75,Essência Encanto S/A,Loja de shopping,Rio de Janeiro,RJ,Higienópolis,2025-11-15,S
2479,78.950.139/1938-70,Essência Prime LTDA,Farmácia,Recife,PE,Asa Sul,2022-03-19,S
2480, 84382814046247 ,Casa de Fragrâncias Lumiar ME,Revendedora autônoma,Campinas,SP,Boa Viagem,2021-09-06,S
2481,30890345446843,STUDIO NOBRE EIRELI,Perfumaria,Curitiba,PR,Pinheiros,2023-09-02,S
2482,77307909919984,Loja Aurora S/A,Farmácia,Rio de Janeiro,RJ,Savassi,2022-06-12,S
2483,35.625.762/1090-28,Casa de Fragrâncias Aurora LTDA,Salão de beleza,São Paulo,SP,Asa Sul,2024-07-11,S
2484,56630572756220,Espaço Beleza Elegance S/A,Loja de shopping,Rio de Janeiro,RJ,Cambuí,2025-07-24,S
2485,13.760.720/3248-93,Casa de Fragrâncias Íris LTDA ME,Quiosque,São Paulo,SP,Asa Sul,2025-12-21,S
2486,85.324.148/4268-98,LOJA CLASS LTDA ME,Quiosque,Recife,PE,Setor Bueno,2021-08-01,S
2487,85.785.645/1924-27,Aroma Requinte S/A,Loja de shopping,Salvador,BA,Moema,2025-10-01,S
2488,28735118778634,AROMA ROSA DOS VENTOS LTDA ME,Quiosque,Belo Horizonte,MG,Vila Madalena,2024-04-15,S
2489,71.031.887/2779-60,Loja Encanto ME,Loja de departamento,Goiânia,GO,Cambuí,2022-05-16,S
2490,57846221634651,Farmácia Class ME,Salão de beleza,São Paulo,SP,Moema,2021-09-09,S
2491,38298790868651,Perfumaria Flor de Liz LTDA ME,Loja de departamento,Rio de Janeiro,RJ,Ipanema,01/04/2023,S
2492, 67015522641246 ,BELLA ROSA DOS VENTOS S/A,Salão de beleza,Goiânia,GO,Meireles,2022-07-28,S
2493,68.320.227/1131-80,Perfumaria Aromas do Sul EIRELI,Perfumaria,Rio de Janeiro,RJ,Cambuí,2025-06-12,S
2494,57734328239132,Comercial Diva S/A,Revendedora autônoma,Salvador,BA,Asa Sul,2024-04-19,S
2495,59.808.469/8732-97,Comercial Charme LTDA ME,Salão de beleza,Curitiba,PR,Meireles,2022-11-25,S
2496,24469845989090,Studio Encanto LTDA ME,Perfumaria,Campinas,SP,Jardins,2022-07-17,S
2497,64658899872444,Farmácia Charme S/A,Revendedora autônoma,Belo Horizonte,MG,Batel,2022-06-28,S
2498,92749390981122,Aroma Flor de Liz ME,Salão de beleza,São Paulo,SP,Bela Vista,2024-11-15,S
2499,68405416523700,LOJA ROSA DOS VENTOS EIRELI,Quiosque,Curitiba,PR,Jardins,2021-08-28,S
2500,22.607.347/8432-67,Comercial Dourada ME,E-commerce,Curitiba,PR,Jardins,2023-03-26,S
2501,23385437673058,Studio Íris EIRELI,Farmácia,Curitiba,PR,Vila Madalena,2022-09-30,S
2502, 43121255889839 ,Loja Aromas do Sul LTDA,Perfumaria,Belo Horizonte,MG,Batel,2023-09-23,S
2503,70.670.779/2445-47,Farmácia Flor de Liz ME,Quiosque,Salvador,BA,Ipanema,2022-11-04,S
2504,68731024264596,Comercial Sublime EIRELI,E-commerce,Manaus,AM,Meireles,2023-05-18,S
2505,90.358.587/2632-75,Aroma Essenza S/A,Quiosque,São Paulo,SP,Setor Bueno,2024-06-23,S
2506,02387288073664,Comercial Serena S/A,Perfumaria,Manaus,AM,Centro,2021-06-24,S
2507,19.643.356/2395-02,Espaço Beleza Rosa dos Ventos LTDA,Farmácia,Campinas,SP,Centro,2024-04-05,N
2508,22.053.220/8939-56,Essência Íris LTDA ME,Perfumaria,Belo Horizonte,MG,Aldeota,24/05/2024,S
2509,14.782.475/9911-73,Casa de Fragrâncias Bella Vita LTDA ME,Loja de departamento,São Paulo,SP,Bela Vista,2025-10-07,S
2510,60273160350245,Drogaria Lumiar LTDA,Revendedora autônoma,Manaus,AM,Ipanema,2024-08-01,S
2511,16945646866764,Essência Prime S/A,Farmácia,Porto Alegre,RS,Centro,2022-05-12,N
2512,13743784710738,Casa de Fragrâncias Aromas do Sul ME,Loja de shopping,São Paulo,SP,Vila Madalena,2025-03-04,S
2513,23345015417765,Comercial Essenza LTDA,Loja de departamento,Belo Horizonte,MG,Jardins,2022-01-30,N
2514,91186247939334,Essência Bella Vita ME,Farmácia,Salvador,BA,Pinheiros,2021-10-27,S
2515,15558008757575,Farmácia Sublime ME,Revendedora autônoma,Curitiba,PR,Higienópolis,13/02/2024,S
2516, 70844468501381 ,Farmácia Aromas do Sul EIRELI,E-commerce,Curitiba,PR,Barra,2023-04-20,S
2517,45701773370106,Essência Nova Era LTDA ME,Salão de beleza,Recife,PE,Pituba,2024-10-16,S
2518,08.262.775/6999-06,Studio Diva LTDA,Loja de departamento,Rio de Janeiro,RJ,Ipanema,2024-07-18,S
2519,18289210758643,Perfumaria Nova Era LTDA ME,Revendedora autônoma,Rio de Janeiro,RJ,Meireles,24/08/2022,S
2520,14928969186175,Essência Nobre EIRELI,Revendedora autônoma,Curitiba,PR,Pinheiros,2022-06-16,S
2521,22069925583003,Casa de Fragrâncias Diva ME,Quiosque,Campinas,SP,Setor Bueno,16/09/2022,S
2522,08853488319272,Espaço Beleza Elegance EIRELI,Quiosque,Manaus,AM,Meireles,17/02/2022,S
2523,18167177110340,Comercial Essenza LTDA ME,Revendedora autônoma,Brasília,DF,Aldeota,2026-01-17,S
2524,17.918.480/0000-13,Bella Flor de Liz EIRELI,Loja de shopping,Porto Alegre,RS,Centro,2026-06-16,S
2525,11392158192772,Bella Íris EIRELI,Quiosque,São Paulo,SP,Moema,06/03/2023,S
2526,46891583365974,Essência Sublime LTDA ME,Farmácia,Manaus,AM,Savassi,2021-12-08,S
2527,90833826561978,Drogaria Diva LTDA ME,Farmácia,Manaus,AM,Savassi,2021-05-31,S
2528,92770866574865,Studio Lumiar LTDA ME,Salão de beleza,Goiânia,GO,Meireles,2022-02-23,S
2529,80075068233733,Bella Essenza ME,E-commerce,Campinas,SP,Higienópolis,2025-12-23,S
2530,70738546052173,Aroma Nobre S/A,Perfumaria,Salvador,BA,Higienópolis,2025-04-12,S
2531,88022955769308,Aroma Bella Vita LTDA ME,Quiosque,Campinas,SP,Moema,2021-09-27,S
2532,90623154344919,Perfumaria Serena S/A,Quiosque,Campinas,SP,Setor Bueno,29/11/2021,S
2533, 71172498596343 ,Studio Dourada LTDA,Perfumaria,Recife,PE,Batel,2022-04-20,S
2534,67240896287013,Comercial Íris LTDA ME,Salão de beleza,Manaus,AM,Moema,2023-11-14,S
2535,71045999207189,Drogaria Prime LTDA,Perfumaria,Rio de Janeiro,RJ,Higienópolis,2021-08-01,S
2536,05034611734174,Casa de Fragrâncias Encanto EIRELI,Salão de beleza,Recife,PE,Boa Viagem,2024-03-05,S
2537,55.916.491/5663-03,Bella Encanto S/A,Loja de departamento,Curitiba,PR,Centro,2026-02-07,N
2538,43525019165364,Studio Íris LTDA ME,Loja de departamento,Porto Alegre,RS,Savassi,2025-10-08,S
2539, 41452448649153 ,Aroma Dourada ME,Perfumaria,Curitiba,PR,Moema,2022-09-24,S
2540,06392946513271,Drogaria Íris EIRELI,Farmácia,Porto Alegre,RS,Barra,2026-05-27,S
2541,70.981.920/5091-63,Aroma Vitória LTDA ME,Loja de shopping,Porto Alegre,RS,Barra,2023-05-01,S
2542,65711924912830,Espaço Beleza Flor de Liz S/A,Revendedora autônoma,Brasília,DF,Boa Viagem,2024-07-09,S
2543,67917761960791,Boutique Vitória EIRELI,Loja de shopping,Rio de Janeiro,RJ,Barra,2024-02-20,S
2544,31535628724504,Essência Lumiar LTDA ME,Farmácia,Salvador,BA,Vila Madalena,2024-07-06,S
2545,98218244682163,Boutique Sublime LTDA ME,Perfumaria,Brasília,DF,Setor Bueno,2026-01-13,S
2546,73223224263783,Drogaria Nobre EIRELI,Farmácia,Manaus,AM,Cambuí,2022-06-20,S
2547,78475904474176,Perfumaria Class LTDA ME,Farmácia,Brasília,DF,Jardins,2025-06-03,S
2548,25.329.324/4483-45,Casa de Fragrâncias Aurora S/A,Salão de beleza,Salvador,BA,Aldeota,2024-01-02,S
2549,72815706625016,AROMA LUMIAR LTDA ME,Revendedora autônoma,Porto Alegre,RS,Asa Sul,2025-07-05,S
2550,87248492615283,Espaço Beleza Charme LTDA,Loja de departamento,Porto Alegre,RS,Higienópolis,2024-08-21,S
2551,20780988220925,Aroma Nova Era EIRELI,Perfumaria,Brasília,DF,Meireles,2023-09-05,S
2552,47913027929902,Drogaria Rosa dos Ventos S/A,Loja de shopping,Campinas,SP,Batel,2024-09-16,S
2553,99883594326032,Aroma Lumiar LTDA ME,Perfumaria,Fortaleza,CE,Centro,18/09/2023,S
2554,17150685246088,Studio Prime LTDA,Salão de beleza,Brasília,DF,Savassi,2021-07-08,S
2555,22.866.009/9974-94,Casa de Fragrâncias Nova Era LTDA,Farmácia,Rio de Janeiro,RJ,Setor Bueno,2025-11-27,S
2556,73725901259968,Essência Vitória ME,Revendedora autônoma,Brasília,DF,Aldeota,2023-02-08,S
2557,67154295995719,Perfumaria Bella Vita LTDA ME,Quiosque,Campinas,SP,Moema,2022-12-23,S
2558,03533635921723,Casa de Fragrâncias Nobre S/A,Farmácia,Manaus,AM,Higienópolis,2025-08-13,S
2559, 63143870611542 ,Studio Dourada S/A,Salão de beleza,Recife,PE,Savassi,2026-02-17,S
2560,65.951.733/6664-81,Essência Aurora LTDA,Quiosque,Manaus,AM,Higienópolis,2025-04-12,N
2561,10638224432654,Farmácia Sublime S/A,Salão de beleza,Rio de Janeiro,RJ,Bela Vista,2021-06-25,S
2562,78551791543698,Essência Class S/A,Revendedora autônoma,Goiânia,GO,Higienópolis,2024-06-10,S
2563,04940809100695,Studio Aromas do Sul ME,Farmácia,Curitiba,PR,Meireles,04/06/2022,S
2564,92.664.030/7505-99,Perfumaria Sublime LTDA,E-commerce,Fortaleza,CE,Aldeota,2025-11-15,S
2565,17965105920865,Studio Dourada EIRELI,E-commerce,Goiânia,GO,Higienópolis,2023-06-19,S
2566,18566549347812,Perfumaria Rosa dos Ventos S/A,Farmácia,Curitiba,PR,Barra,2022-05-15,S
2567,97.030.781/7623-25,Farmácia Serena S/A,Farmácia,Rio de Janeiro,RJ,Boa Viagem,2022-10-16,S
2568,61518078442467,Perfumaria Dourada ME,Perfumaria,Fortaleza,CE,Ipanema,2022-03-26,S
2569,57125445847951,Farmácia Dourada LTDA,Perfumaria,Recife,PE,Centro,2026-04-11,S
2570,44.962.521/6538-97,Loja Diva LTDA ME,Perfumaria,Campinas,SP,Pituba,15/06/2023,S
2571,44.203.157/9970-65,Casa de Fragrâncias Bella Vita LTDA ME,E-commerce,Belo Horizonte,MG,Barra,2025-01-13,S
2572,09680192271662,Casa de Fragrâncias Prime LTDA ME,Revendedora autônoma,Salvador,BA,Aldeota,2023-07-07,S
2573,26.558.132/6135-42,Farmácia Aromas do Sul ME,Perfumaria,Fortaleza,CE,Batel,2022-02-18,S
2574,02530467407185,Comercial Encanto S/A,Salão de beleza,São Paulo,SP,Vila Madalena,2024-11-19,S
2575,87531848336492,Essência Class S/A,Loja de departamento,Manaus,AM,Moema,2024-01-19,S
2576,93032216880701,Casa de Fragrâncias Rosa dos Ventos EIRELI,Salão de beleza,Curitiba,PR,Moema,2024-11-25,S
2577,12.188.334/0179-19,Aroma Class LTDA ME,Salão de beleza,Salvador,BA,Pinheiros,2022-12-19,S
2578,62536711712034,Bella Dourada LTDA,Quiosque,Manaus,AM,Aldeota,2022-08-12,S
2579,92.300.224/2237-16,Aroma Elegance EIRELI,Revendedora autônoma,Salvador,BA,Aldeota,2022-07-06,S
2580,11.152.927/0993-06,Drogaria Bella Vita LTDA,E-commerce,Belo Horizonte,MG,Moema,11/01/2022,S
2581,31010910460052,Comercial Íris S/A,Salão de beleza,Manaus,AM,Ipanema,29/05/2024,S
2582, 89537227839290 ,Drogaria Encanto EIRELI,Revendedora autônoma,Curitiba,PR,Higienópolis,26/09/2023,S
2583,76965776543959,Essência Íris ME,Farmácia,São Paulo,SP,Boa Viagem,2023-10-01,S
2584,53474911608478,Drogaria Elegance EIRELI,Loja de shopping,Porto Alegre,RS,Setor Bueno,2023-12-30,S
2585,48.485.694/4514-21,Essência Charme LTDA ME,Farmácia,Campinas,SP,Pituba,2022-08-10,N
2586,91.438.276/4612-39,Bella Serena ME,Salão de beleza,Curitiba,PR,Savassi,2022-09-12,S
2587,20677309780399,Drogaria Bella Vita LTDA ME,Loja de departamento,Fortaleza,CE,Meireles,2023-06-22,S
2588,19.382.891/8350-73,Casa de Fragrancias Aurora EIRELI,Salão de beleza,Goiânia,GO,Bela Vista,2021-11-12,S
2589,14627856621762,Essência Vitória S/A,Loja de shopping,Rio de Janeiro,RJ,Setor Bueno,2022-01-29,S
2590,65149975301446,Casa de Fragrâncias Encanto EIRELI,Salão de beleza,Salvador,BA,Moema,2025-05-26,S
2591,21988481312059,Perfumaria Nova Era ME,Revendedora autônoma,Belo Horizonte,MG,Boa Viagem,2026-04-11,S
2592,24176697068382,Essência Bella Vita LTDA,Quiosque,São Paulo,SP,Pituba,24/10/2025,S
2593,49625959012135,Farmácia Prime EIRELI,Perfumaria,Salvador,BA,Meireles,22/10/2022,S
2594,66937067564403,Drogaria Flor de Liz LTDA,Loja de shopping,Porto Alegre,RS,Asa Sul,2024-03-09,S
2595,72055532168555,Casa de Fragrancias Aurora EIRELI,E-commerce,Salvador,BA,Meireles,2026-05-04,S
2596,72.288.499/3928-86,Farmacia Aurora LTDA ME,Perfumaria,São Paulo,SP,Cambuí,2022-06-30,S
2597,28544305236141,Aroma Lumiar LTDA,Revendedora autônoma,Manaus,AM,Boa Viagem,2022-03-31,S
2598, 20050294079939 ,Perfumaria Dourada S/A,Farmácia,Porto Alegre,RS,Savassi,10/03/2022,S
2599,05.424.878/4041-47,Loja Nova Era EIRELI,Quiosque,Goiânia,GO,Moema,2024-02-01,S
2600,99229137901688,Bella Rosa dos Ventos LTDA ME,E-commerce,Recife,PE,Barra,2023-02-02,N
2601,94791415928427,Essencia Flor de Liz LTDA ME,Quiosque,Goiânia,GO,Aldeota,2022-07-16,S
2602,67856371643611,Studio Class ME,Salão de beleza,Recife,PE,Pituba,2024-02-21,S
2603,74.782.563/4325-10,Drogaria Aromas do Sul S/A,Perfumaria,Brasília,DF,Savassi,2023-12-25,S
2604,14101120174748,Studio Íris LTDA,Quiosque,Goiânia,GO,Asa Sul,2024-02-24,S
2605,80.212.458/2470-80,Espaço Beleza Serena EIRELI,Quiosque,Curitiba,PR,Meireles,2025-03-04,S
2606,25.424.702/6915-46,Perfumaria Rosa dos Ventos ME,Loja de shopping,Porto Alegre,RS,Batel,2022-05-25,S
2607, 18708633445397 ,Espaço Beleza Prime S/A,Perfumaria,Curitiba,PR,Centro,2022-08-26,S
2608,56.980.284/4027-83,Espaço Beleza Dourada S/A,Loja de departamento,Brasília,DF,Savassi,2022-04-26,S
2609,47904475153792,Comercial Aurora S/A,Perfumaria,Campinas,SP,Batel,2022-06-04,S
2610,20002978067824,Boutique Aurora S/A,Salão de beleza,Brasília,DF,Boa Viagem,2022-04-21,S
2611,28816903583223,Essência Dourada ME,Revendedora autônoma,Rio de Janeiro,RJ,Pinheiros,2023-09-27,S
2612,38.814.899/4822-33,Comercial Flor de Liz S/A,Loja de departamento,Brasília,DF,Aldeota,2025-07-06,S
2613,18632133752145,Loja Charme ME,E-commerce,Brasília,DF,Jardins,2022-09-01,S
2614,99744225973037,Aroma Bella Vita S/A,Salão de beleza,Brasília,DF,Aldeota,02/04/2023,S
2615,20060830773667,Studio Sublime LTDA ME,Salão de beleza,Curitiba,PR,Moema,2022-08-19,S
2616,57333538379023,Aroma Bella Vita EIRELI,E-commerce,Manaus,AM,Setor Bueno,2021-09-04,S
2617,61927812079624,Drogaria Prime EIRELI,Salão de beleza,Fortaleza,CE,Aldeota,2026-04-12,S
2618,73720170117555,Loja Vitória EIRELI,E-commerce,Rio de Janeiro,RJ,Vila Madalena,2022-06-23,S
2619,44.998.907/1677-88,Studio Charme ME,E-commerce,Porto Alegre,RS,Centro,2025-02-17,S
2620,83341871550393,Espaço Beleza Aurora ME,Revendedora autônoma,São Paulo,SP,Asa Sul,2024-05-12,S
2621,73.129.504/8881-98,Boutique Charme ME,Quiosque,Curitiba,PR,Batel,2021-11-15,S
2622,80992839863910,Loja Aromas do Sul LTDA ME,Loja de departamento,Fortaleza,CE,Jardins,2025-06-11,S
2623,16919486707698,Essência Dourada S/A,E-commerce,Brasília,DF,Higienópolis,2022-05-22,S
2624,15427255730180,Espaço Beleza Encanto ME,Salão de beleza,São Paulo,SP,Centro,2021-09-21,S
2625,72752152723114,Comercial Vitória S/A,Loja de departamento,Campinas,SP,Aldeota,06/06/2023,S
2626,97.277.719/8460-53,Aroma Lumiar EIRELI,Salão de beleza,Salvador,BA,Jardins,2022-12-25,S
2627,34.869.871/6462-92,Boutique Diva LTDA,Quiosque,Brasília,DF,Centro,2026-01-23,S
2628,11.000.778/3182-63,Studio Aromas do Sul LTDA ME,Farmácia,Brasília,DF,Jardins,2021-12-30,S
2629,25081933922744,Bella Encanto EIRELI,Salão de beleza,Belo Horizonte,MG,Boa Viagem,2022-08-07,S
2630,92447717406686,Drogaria Aurora LTDA ME,E-commerce,Fortaleza,CE,Pituba,2022-02-24,S
2631,23761825930878,Drogaria Sublime LTDA,Farmácia,Brasília,DF,Moema,2021-11-25,S
2632,35815671026225,CASA DE FRAGRÂNCIAS ÍRIS ME,Revendedora autônoma,Recife,PE,Bela Vista,2024-02-05,S
2633,37282840125200,Espaço Beleza Prime S/A,Farmácia,Porto Alegre,RS,Savassi,2024-10-18,S
2634,96.667.830/3172-94,Loja Class LTDA,Revendedora autônoma,Fortaleza,CE,Vila Madalena,2024-05-22,S
2635,84.814.196/7991-84,Espaço Beleza Dourada S/A,Perfumaria,Campinas,SP,Ipanema,05/02/2025,S
2636,51940568459340,Drogaria Aromas do Sul LTDA ME,Salão de beleza,Brasília,DF,Pituba,2025-12-17,S
2637,75.022.593/1227-25,Casa de Fragrâncias Serena LTDA,Salão de beleza,Salvador,BA,Centro,28/02/2023,S
2638,82546772396778,CASA DE FRAGRÂNCIAS ESSENZA LTDA ME,Quiosque,Salvador,BA,Centro,2023-08-07,S
2639,67.940.990/7372-29,Espaco Beleza Aurora ME,E-commerce,Belo Horizonte,MG,Setor Bueno,2024-01-17,S
2640,44.029.195/6505-84,Studio Prime ME,E-commerce,Salvador,BA,Cambuí,2021-07-12,S
2641,22935117486369,Casa de Fragrâncias Aromas do Sul EIRELI,Perfumaria,São Paulo,SP,Jardins,2023-04-24,S
2642,43517593172610,Casa de Fragrâncias Diva ME,E-commerce,Campinas,SP,Moema,2021-08-20,S
2643,79612650889975,Boutique Rosa dos Ventos S/A,Salão de beleza,Porto Alegre,RS,Pituba,2022-10-16,S
2644,16680965119888,Bella Rosa dos Ventos ME,E-commerce,Brasília,DF,Moema,2022-03-04,S
2645, 85457477060855 ,Essência Aromas do Sul EIRELI,Revendedora autônoma,Fortaleza,CE,Setor Bueno,2021-07-29,S
2646,32.754.115/6527-70,Comercial Prime LTDA ME,Salão de beleza,Manaus,AM,Higienópolis,2024-03-13,S
2647,52.792.008/5463-16,Perfumaria Diva LTDA ME,Loja de departamento,São Paulo,SP,Meireles,2023-02-11,S
2648,75.583.883/3314-93,Espaço Beleza Nobre S/A,E-commerce,Curitiba,PR,Bela Vista,2023-10-21,S
2649, 20666534797109 ,Perfumaria Bella Vita LTDA,Farmácia,Campinas,SP,Boa Viagem,04/03/2026,S
2650,61780886449916,Comercial Class LTDA,Quiosque,Recife,PE,Setor Bueno,2023-11-12,S
2651,50122915353759,Studio Lumiar LTDA ME,Farmácia,Belo Horizonte,MG,Savassi,2023-10-17,S
2652,29338010701774,ESSÊNCIA AROMAS DO SUL LTDA ME,Revendedora autônoma,Porto Alegre,RS,Savassi,2022-12-10,S
2653, 07831233153497 ,Farmácia Serena LTDA,E-commerce,Salvador,BA,Barra,2026-01-15,S
2654,41648668982397,LOJA SUBLIME LTDA ME,Loja de shopping,Rio de Janeiro,RJ,Bela Vista,2023-08-04,S
2655,63555012199149,Studio Class ME,Salão de beleza,Goiânia,GO,Moema,2025-03-15,S
2656,54.970.594/4599-14,Drogaria Bella Vita ME,Perfumaria,Recife,PE,Pituba,2024-11-12,N
2657,13.604.212/1004-68,DROGARIA ESSENZA LTDA,Salão de beleza,Fortaleza,CE,Bela Vista,2021-12-13,S
2658,54255686222905,Loja Essenza LTDA,Farmácia,Recife,PE,Pinheiros,2023-03-06,S
2659,29369070648723,Espaço Beleza Serena S/A,Revendedora autônoma,Goiânia,GO,Cambuí,18/10/2022,S
2660,20477004830762,Casa de Fragrâncias Nobre ME,Loja de shopping,Salvador,BA,Aldeota,2022-01-29,S
2661,38326225063483,Perfumaria Essenza EIRELI,Revendedora autônoma,Porto Alegre,RS,Vila Madalena,2025-01-19,S
2662,50380954185203,Farmácia Aurora EIRELI,Perfumaria,Fortaleza,CE,Meireles,2021-05-23,S
2663,09.809.934/0960-08,Espaço Beleza Encanto S/A,Loja de departamento,Salvador,BA,Cambuí,2021-12-22,S
2664,22527768575564,Loja Rosa dos Ventos EIRELI,Loja de shopping,Porto Alegre,RS,Meireles,2022-12-03,S
2665,26.749.422/2166-09,Essência Requinte S/A,Farmácia,Salvador,BA,Setor Bueno,2026-02-04,S
2666,35777931240493,Comercial Charme ME,Revendedora autônoma,São Paulo,SP,Pituba,08/10/2021,S
2667,33734776306585,Essencia Serena LTDA ME,Salão de beleza,Salvador,BA,Moema,2025-11-16,S
2668,89.730.378/5814-42,Comercial Aromas do Sul LTDA ME,Revendedora autônoma,Campinas,SP,Centro,2021-06-29,S
2669, 56115551074981 ,Farmácia Essenza EIRELI,Loja de departamento,São Paulo,SP,Centro,2021-07-08,N
2670,87297012683156,Drogaria Bella Vita LTDA ME,E-commerce,Rio de Janeiro,RJ,Moema,2023-09-22,S
2671,97690543526821,Studio Aurora ME,Farmácia,Recife,PE,Boa Viagem,2023-01-01,S
2672,07.325.759/2123-03,Casa de Fragrâncias Íris EIRELI,Perfumaria,Rio de Janeiro,RJ,Meireles,2022-12-29,S
2673,72104631186701,Casa de Fragrâncias Aurora EIRELI,Revendedora autônoma,Rio de Janeiro,RJ,Setor Bueno,2021-06-30,S
2674,18131254709973,Casa de Fragrâncias Serena LTDA,Revendedora autônoma,Curitiba,PR,Asa Sul,2023-03-27,S
2675,64718629436813,Boutique Requinte EIRELI,Salão de beleza,Fortaleza,CE,Centro,2024-03-05,S
2676,07845845840222,Aroma Aurora ME,Loja de departamento,Belo Horizonte,MG,Jardins,2022-03-08,S
2677,72527934445190,Aroma Charme LTDA,E-commerce,Recife,PE,Centro,2022-05-25,S
2678,30.634.437/1084-25,Essência Prime ME,Salão de beleza,Brasília,DF,Barra,2022-03-06,S
2679, 49724868983225 ,Drogaria Lumiar LTDA ME,Loja de shopping,Manaus,AM,Pinheiros,2023-06-07,S
2680,33.847.137/0587-75,Bella Bella Vita LTDA,Loja de shopping,São Paulo,SP,Centro,2024-11-24,S
2681,42033873845350,Boutique Aromas do Sul ME,Loja de departamento,Curitiba,PR,Vila Madalena,2025-07-19,S
2682,36.586.949/1997-85,ESSÊNCIA NOBRE EIRELI,E-commerce,Campinas,SP,Boa Viagem,2024-01-12,S
2683, 73759428318886 ,Comercial Vitória ME,Loja de departamento,Fortaleza,CE,Boa Viagem,2024-01-23,S
2684,91154168249770,Aroma Nova Era LTDA,E-commerce,São Paulo,SP,Asa Sul,2022-09-03,S
2685,54.765.126/7490-75,Espaço Beleza Vitória EIRELI,Revendedora autônoma,Recife,PE,Vila Madalena,2023-05-28,S
2686,33495651582230,Casa de Fragrâncias Nova Era LTDA ME,Perfumaria,Goiânia,GO,Ipanema,2022-12-28,S
2687,12498334414679,Espaço Beleza Nova Era ME,Revendedora autônoma,Recife,PE,Boa Viagem,2022-07-07,S
2688,49.373.529/0831-16,Essência Lumiar S/A,E-commerce,Rio de Janeiro,RJ,Bela Vista,2021-10-13,S
2689,20.718.116/9441-82,Aroma Essenza S/A,Quiosque,Curitiba,PR,Aldeota,2022-06-18,S
2690,15398740541919,Aroma Flor de Liz LTDA,Salão de beleza,Manaus,AM,Setor Bueno,2021-05-21,S
2691,42274045122858,Aroma Lumiar LTDA,Revendedora autônoma,Rio de Janeiro,RJ,Jardins,2021-07-01,S
2692,74318910049246,Drogaria Aromas do Sul EIRELI,Farmácia,Salvador,BA,Aldeota,2024-06-19,S
2693,31508108667042,Studio Aurora ME,Quiosque,Recife,PE,Jardins,2021-06-05,S
2694,42.823.598/4887-69,Essência Sublime EIRELI,Loja de departamento,Recife,PE,Boa Viagem,2024-03-24,S
2695,49605937062723,Comercial Essenza LTDA,Revendedora autônoma,Curitiba,PR,Bela Vista,2025-06-04,S
2696,70.571.629/8475-48,Studio Iris EIRELI,Perfumaria,Brasília,DF,Asa Sul,2021-11-27,S
2697,48.385.601/6685-86,Espaço Beleza Requinte EIRELI,Quiosque,Goiânia,GO,Batel,2022-02-14,S
2698,53930361999326,Farmácia Serena EIRELI,Loja de departamento,Fortaleza,CE,Setor Bueno,2026-03-09,S
2699,36837803717186,Loja Encanto LTDA ME,Perfumaria,Manaus,AM,Batel,2022-11-12,N
2700,54565663636381,AROMA CHARME ME,Loja de shopping,Recife,PE,Jardins,2023-07-02,S
2701,10.379.982/0487-93,Drogaria Vitória ME,Farmácia,Belo Horizonte,MG,Aldeota,2021-11-16,S
2702,37.759.012/9299-29,Boutique Elegance LTDA ME,Farmácia,Goiânia,GO,Setor Bueno,21/10/2023,S
2703,40850749113928,Bella Encanto S/A,Loja de departamento,Fortaleza,CE,Batel,2025-10-27,S
2704,31380033833673,LOJA ÍRIS LTDA,E-commerce,Brasília,DF,Ipanema,2024-11-03,S
2705,15818110699429,Bella Requinte LTDA ME,Farmácia,Recife,PE,Cambuí,2025-04-30,S
2706,93201089810723,Aroma Rosa dos Ventos EIRELI,Loja de shopping,Brasília,DF,Aldeota,2023-11-04,S
2707,19441088344425,Essência Requinte EIRELI,Loja de shopping,São Paulo,SP,Pituba,2023-04-12,S
2708,47702392831091,Studio Essenza LTDA,Farmácia,Brasília,DF,Barra,2022-07-28,S
2709,92341024250596,Comercial Aromas do Sul EIRELI,Loja de shopping,Fortaleza,CE,Moema,2025-09-21,S
2710,76896176872962,Casa de Fragrâncias Aromas do Sul LTDA,Quiosque,Fortaleza,CE,Moema,2024-07-23,S
2711, 10082592306511 ,CASA DE FRAGRÂNCIAS FLOR DE LIZ EIRELI,Loja de shopping,Porto Alegre,RS,Bela Vista,2021-12-26,S
2712,49605469050849,Loja Aurora EIRELI,Farmácia,São Paulo,SP,Jardins,2022-10-18,S
2713,30.878.875/2632-28,Boutique Elegance EIRELI,Revendedora autônoma,Fortaleza,CE,Jardins,2023-03-31,S
2714,10377002335823,Comercial Prime LTDA ME,Perfumaria,Campinas,SP,Moema,2022-10-25,S
2715, 70883286041614 ,Boutique Encanto S/A,E-commerce,Salvador,BA,Bela Vista,2023-05-30,S
2716,55746433304030,Espaço Beleza Flor de Liz EIRELI,Farmácia,Porto Alegre,RS,Ipanema,2022-10-08,S
2717,62925809949194,Boutique Elegance LTDA,Revendedora autônoma,São Paulo,SP,Meireles,2023-04-29,S
2718,55685022080538,Loja Requinte EIRELI,Loja de shopping,Recife,PE,Boa Viagem,2023-01-02,S
2719,46518359146120,Bella Lumiar S/A,Perfumaria,Manaus,AM,Barra,2024-01-11,S
2720, 77160108317349 ,Farmácia Class EIRELI,Loja de shopping,São Paulo,SP,Barra,2021-07-03,S
2721,53175286122400,Loja Nobre S/A,Revendedora autônoma,Fortaleza,CE,Barra,2026-04-11,S
2722,02287408975784,Farmácia Serena S/A,Salão de beleza,Campinas,SP,Jardins,27/11/2023,S
2723,64214928841634,Loja Serena S/A,Loja de shopping,Belo Horizonte,MG,Meireles,2023-01-26,S
2724,05515704533043,Casa de Fragrâncias Nova Era S/A,Farmácia,Belo Horizonte,MG,Batel,2023-04-08,S
2725,74433731402903,Boutique Requinte LTDA,Perfumaria,Brasília,DF,Setor Bueno,2024-12-18,N
2726,59.786.216/3484-43,Essência Serena LTDA ME,E-commerce,Salvador,BA,Ipanema,2024-05-03,N
2727,23.828.881/6137-19,Loja Vitória ME,Perfumaria,Brasília,DF,Savassi,2022-11-02,S
2728,55428468638720,Boutique Sublime ME,Loja de shopping,Curitiba,PR,Batel,2023-07-01,S
2729,94.327.402/6558-59,Drogaria Vitoria ME,Perfumaria,Porto Alegre,RS,Bela Vista,2023-08-29,S
2730,48051438827374,Aroma Dourada LTDA ME,E-commerce,Salvador,BA,Higienópolis,2026-04-10,S
2731,13.240.621/4613-35,Loja Bella Vita ME,Revendedora autônoma,Campinas,SP,Cambuí,2023-03-18,S
2732,63481415771807,Aroma Serena ME,Loja de shopping,Manaus,AM,Vila Madalena,05/04/2023,S
2733,85.141.908/2745-74,Casa de Fragrâncias Aurora LTDA ME,Loja de shopping,Belo Horizonte,MG,Meireles,2022-07-30,S
2734,36435371214630,Espaço Beleza Elegance LTDA,Salão de beleza,Fortaleza,CE,Higienópolis,2024-10-30,S
2735,32310265574744,Boutique Nobre ME,Quiosque,Recife,PE,Centro,2023-07-20,S
2736,02.897.409/3934-96,CASA DE FRAGRÂNCIAS VITÓRIA S/A,Revendedora autônoma,Porto Alegre,RS,Cambuí,2023-02-07,S
2737,15426267188926,Farmácia Nova Era LTDA,Loja de departamento,Belo Horizonte,MG,Aldeota,2025-04-02,S
2738,17759414477204,Bella Diva S/A,Quiosque,Belo Horizonte,MG,Aldeota,18/04/2025,S
2739,62762439606300,Boutique Elegance S/A,Loja de shopping,Manaus,AM,Moema,22/01/2022,S
2740,35639211878162,Loja Vitória EIRELI,Quiosque,Fortaleza,CE,Savassi,2022-07-10,S
2741,97.344.685/0094-79,Studio Vitória LTDA ME,Loja de shopping,Salvador,BA,Savassi,2023-03-17,S
2742,29087929686367,Studio Diva LTDA ME,Revendedora autônoma,Recife,PE,Ipanema,2022-02-17,S
2743,60075504084138,Farmácia Essenza LTDA ME,Perfumaria,Curitiba,PR,Batel,2023-05-17,S
2744,20790779886182,Comercial Íris EIRELI,Farmácia,Campinas,SP,Boa Viagem,2022-07-29,S
2745,28.022.244/6616-51,Espaço Beleza Íris LTDA ME,Salão de beleza,São Paulo,SP,Boa Viagem,07/01/2022,S
2746,70438833923840,Comercial Requinte LTDA,Loja de shopping,Salvador,BA,Asa Sul,2021-06-06,S
2747,77427359840705,Studio Charme LTDA ME,Perfumaria,Salvador,BA,Pinheiros,2022-12-27,S
2748,96794718916680,PERFUMARIA ESSENZA LTDA ME,Perfumaria,Belo Horizonte,MG,Pituba,2024-12-27,S
2749,00220036423822,Drogaria Aurora S/A,Loja de shopping,Campinas,SP,Boa Viagem,2023-04-12,S
2750,62120254094113,Essência Class ME,Salão de beleza,Salvador,BA,Cambuí,2021-06-24,S
2751,56983649509262,Casa de Fragrâncias Rosa dos Ventos ME,Quiosque,Recife,PE,Meireles,2021-10-20,S
2752,43.061.432/8858-99,Comercial Requinte S/A,Perfumaria,Rio de Janeiro,RJ,Higienópolis,2023-01-17,S
2753,23.710.449/0711-36,Comercial Aromas do Sul S/A,Perfumaria,Goiânia,GO,Cambuí,2023-04-01,S
2754,39.127.790/5387-51,Boutique Dourada ME,Salão de beleza,São Paulo,SP,Aldeota,2021-10-29,S
2755,39.773.380/0414-32,Aroma Encanto LTDA,E-commerce,São Paulo,SP,Asa Sul,2022-04-30,S
2756,20086586233487,DROGARIA ESSENZA LTDA,E-commerce,Curitiba,PR,Aldeota,2025-04-23,S
2757,75.732.514/1561-73,Farmácia Nova Era LTDA ME,Loja de shopping,Recife,PE,Batel,2025-04-20,S
2758,61.740.353/0056-84,Loja Elegance EIRELI,Loja de shopping,Fortaleza,CE,Pituba,2023-12-23,S
2759, 13263015089229 ,Drogaria Essenza ME,Loja de shopping,Porto Alegre,RS,Aldeota,2026-04-28,N
2760,50386072943062,Casa de Fragrâncias Flor de Liz ME,E-commerce,Campinas,SP,Savassi,2021-11-05,S
2761,28.558.679/3160-27,Espaço Beleza Lumiar LTDA ME,E-commerce,Campinas,SP,Ipanema,2021-10-17,S
2762, 12806955211095 ,Comercial Diva LTDA ME,Salão de beleza,Manaus,AM,Cambuí,22/12/2024,S
2763,34112928810423,Aroma Prime EIRELI,Salão de beleza,Rio de Janeiro,RJ,Pinheiros,2021-07-31,S
2764,45.085.548/8598-06,Espaço Beleza Sublime S/A,Quiosque,Salvador,BA,Setor Bueno,2025-05-05,S
2765,44.060.269/0959-40,Farmacia Nova Era S/A,Loja de shopping,Brasília,DF,Centro,2022-09-25,S
2766, 77730881530293 ,Loja Bella Vita EIRELI,Quiosque,São Paulo,SP,Pituba,2025-10-02,S
2767,38412791325332,AROMA AURORA EIRELI,E-commerce,Salvador,BA,Vila Madalena,2022-08-31,S
2768,22121154448502,Perfumaria Essenza LTDA ME,Farmácia,Porto Alegre,RS,Moema,2022-12-30,S
2769,13.779.730/9514-60,Perfumaria Encanto LTDA,Loja de shopping,Fortaleza,CE,Boa Viagem,2026-01-19,S
2770,04401217856343,Perfumaria Essenza ME,Salão de beleza,Porto Alegre,RS,Asa Sul,12/08/2025,S
2771,86866775646983,Studio Encanto S/A,Perfumaria,Belo Horizonte,MG,Vila Madalena,2025-02-02,S
2772,31.999.087/0146-18,Aroma Prime LTDA ME,Perfumaria,Salvador,BA,Barra,2022-01-14,S
2773,46.783.146/4250-88,Studio Íris S/A,Revendedora autônoma,Belo Horizonte,MG,Setor Bueno,2025-05-30,S
2774,77323724929213,Farmácia Sublime LTDA ME,Loja de departamento,Campinas,SP,Setor Bueno,2024-09-06,S
2775,69274505695826,Bella Nova Era LTDA,Loja de departamento,Salvador,BA,Barra,2024-03-15,S
2776,12.580.256/2197-47,Essência Charme EIRELI,Perfumaria,Brasília,DF,Batel,2025-07-02,S
2777,56.261.604/6430-07,Comercial Aurora EIRELI,Loja de departamento,Recife,PE,Meireles,2023-10-09,N
2778, 97837476693777 ,Essência Prime LTDA ME,Loja de shopping,Curitiba,PR,Moema,2023-08-19,S
2779,76.128.261/2499-87,Aroma Sublime LTDA,E-commerce,Brasília,DF,Jardins,2022-02-26,S
2780,12756104086732,Espaço Beleza Dourada S/A,Loja de departamento,Brasília,DF,Pinheiros,2022-11-09,S
2781,71656938651205,Bella Rosa dos Ventos S/A,Perfumaria,Porto Alegre,RS,Setor Bueno,2025-01-10,S
2782,01696202336270,Aroma Aromas do Sul LTDA,Revendedora autônoma,Fortaleza,CE,Pituba,2022-06-05,S
2783,62.354.351/2904-58,Bella Aromas do Sul EIRELI,Revendedora autônoma,Salvador,BA,Ipanema,2021-07-01,S
2784,50045106660588,Aroma Dourada ME,Loja de shopping,São Paulo,SP,Bela Vista,2024-06-03,S
2785,83225702116866,Espaço Beleza Essenza EIRELI,Loja de shopping,Brasília,DF,Pinheiros,2026-03-06,S
2786,91.781.548/3611-53,Aroma Encanto EIRELI,Loja de departamento,Recife,PE,Setor Bueno,22/09/2025,S
2787,30342678456611,Espaco Beleza Serena LTDA,Loja de departamento,Porto Alegre,RS,Centro,2022-10-29,S
2788,40.578.766/0178-29,Bella Serena LTDA ME,E-commerce,Recife,PE,Aldeota,2022-07-14,S
2789,02797273019969,Drogaria Flor de Liz LTDA ME,Salão de beleza,Brasília,DF,Ipanema,2021-05-23,S
2790,89.884.386/8443-80,Farmácia Encanto EIRELI,E-commerce,Salvador,BA,Ipanema,2022-06-22,S
2791,73.815.679/9728-15,DROGARIA SERENA ME,Perfumaria,Manaus,AM,Pituba,2026-06-27,S
2792,39169497397687,Essência Rosa dos Ventos LTDA,Loja de departamento,Recife,PE,Moema,2022-07-09,S
2793,53409619975117,Essência Dourada LTDA,Revendedora autônoma,Fortaleza,CE,Batel,2022-11-24,S
2794,16.269.696/7278-33,Comercial Elegance LTDA ME,Loja de shopping,Goiânia,GO,Vila Madalena,2023-09-09,S
2795,43.698.120/0678-97,Casa de Fragrâncias Íris S/A,Farmácia,Belo Horizonte,MG,Setor Bueno,2023-10-14,S
2796,01298394541646,CASA DE FRAGRÂNCIAS BELLA VITA LTDA,Farmácia,Fortaleza,CE,Pinheiros,2024-07-08,S
2797, 85300455786859 ,Perfumaria Diva EIRELI,Perfumaria,Belo Horizonte,MG,Pituba,2025-01-08,S
2798,14420180342068,Farmacia Rosa dos Ventos LTDA,Loja de shopping,Porto Alegre,RS,Vila Madalena,2022-01-19,S
2799,08179621167123,Espaço Beleza Vitória LTDA ME,Salão de beleza,Fortaleza,CE,Higienópolis,2024-06-10,N
2800,16.658.136/6222-08,DROGARIA FLOR DE LIZ ME,Perfumaria,Manaus,AM,Ipanema,2022-07-24,N
2801,63994783488146,Essência Lumiar EIRELI,Loja de shopping,Goiânia,GO,Aldeota,2024-08-20,S
2802,34.441.756/6619-62,STUDIO CLASS LTDA,Loja de shopping,Porto Alegre,RS,Pituba,2025-04-30,S
2803,03.216.580/8726-70,Studio Vitória S/A,Farmácia,Rio de Janeiro,RJ,Jardins,2022-10-23,S
2804,58167291930420,Studio Bella Vita EIRELI,Salão de beleza,Porto Alegre,RS,Barra,2024-03-06,S
2805,76567224128650,Farmácia Bella Vita LTDA,E-commerce,Brasília,DF,Ipanema,2023-04-12,S
2806,92224924440661,Bella Charme ME,Loja de shopping,Goiânia,GO,Pituba,2022-09-25,S
2807,48.618.382/5591-43,Bella Rosa dos Ventos ME,Farmácia,Manaus,AM,Pinheiros,2023-09-06,S
2808,18.208.086/1780-87,Loja Elegance ME,E-commerce,Salvador,BA,Batel,2025-04-18,S
2809,57036595925707,Aroma Nova Era ME,Quiosque,Manaus,AM,Asa Sul,2023-08-16,S
2810,99.811.721/3702-61,Bella Rosa dos Ventos ME,Loja de departamento,Manaus,AM,Jardins,2022-07-10,S
2811,41.026.210/8308-32,Essência Vitória LTDA,Farmácia,Manaus,AM,Barra,2024-07-25,S
2812,15.311.892/3073-13,Drogaria Sublime LTDA ME,Quiosque,Porto Alegre,RS,Moema,2026-03-08,S
2813,04.238.768/0900-77,LOJA BELLA VITA S/A,Quiosque,Manaus,AM,Bela Vista,11/04/2022,S
2814,53991385413174,Bella Flor de Liz S/A,Salão de beleza,Belo Horizonte,MG,Asa Sul,2023-04-08,S
2815,33440258855108,Loja Flor de Liz LTDA,Farmácia,Campinas,SP,Aldeota,2021-09-22,S
2816,31.599.646/0872-54,Casa de Fragrancias Vitoria S/A,Quiosque,Salvador,BA,Higienópolis,2021-11-14,S
2817,68353247811016,Essência Encanto LTDA ME,Quiosque,Fortaleza,CE,Meireles,2026-05-16,S
2818,15164919070445,Essência Nova Era ME,Loja de departamento,Brasília,DF,Centro,2024-01-08,S
2819,19.017.484/2524-67,Comercial Serena EIRELI,Perfumaria,Recife,PE,Pituba,01/01/2024,S
2820,90875358983243,Farmácia Vitória ME,Salão de beleza,Manaus,AM,Vila Madalena,28/10/2022,S
2821, 43232469355169 ,Aroma Rosa dos Ventos LTDA ME,Revendedora autônoma,Salvador,BA,Boa Viagem,2021-11-20,S
2822,39718884271696,Casa de Fragrâncias Elegance S/A,Salão de beleza,Porto Alegre,RS,Boa Viagem,2022-11-24,S
2823,34.769.645/4406-68,Espaço Beleza Elegance LTDA ME,Loja de shopping,São Paulo,SP,Centro,2025-04-10,S
2824, 01187213983020 ,Aroma Serena EIRELI,Loja de departamento,Brasília,DF,Boa Viagem,04/07/2024,S
2825, 61601861913640 ,Casa de Fragrancias Essenza S/A,Perfumaria,Brasília,DF,Jardins,2022-05-09,S
2826, 73503188497416 ,Casa de Fragrâncias Íris ME,Salão de beleza,Fortaleza,CE,Barra,2026-02-22,S
2827,02352179211828,Farmácia Aurora ME,Salão de beleza,Campinas,SP,Centro,2024-09-29,S
2828,81.479.605/6233-09,Comercial Sublime S/A,Quiosque,Campinas,SP,Asa Sul,2023-03-28,S
2829, 64582954637333 ,Loja Flor de Liz LTDA ME,E-commerce,Campinas,SP,Batel,2024-09-08,S
2830,25301281940011,Perfumaria Rosa dos Ventos S/A,Loja de shopping,Campinas,SP,Pituba,2023-11-28,S
2831,14656637070437,Bella Class LTDA,Quiosque,Porto Alegre,RS,Ipanema,30/07/2023,S
2832,54622284766009,Studio Essenza ME,Perfumaria,Salvador,BA,Barra,2021-12-09,S
2833,51418594004896,Comercial Nova Era EIRELI,E-commerce,Rio de Janeiro,RJ,Asa Sul,2022-10-16,S
2834,69775561234001,Essencia Aurora LTDA,Perfumaria,Salvador,BA,Pituba,2026-05-21,S
2835,42012172209434,Essência Essenza S/A,Loja de shopping,Goiânia,GO,Ipanema,2026-02-13,S
2836,87341372307357,Bella Essenza S/A,Loja de departamento,Manaus,AM,Asa Sul,2024-02-11,S
2837,95352585355995,ESSÊNCIA VITÓRIA LTDA ME,Farmácia,Brasília,DF,Setor Bueno,2023-12-31,S
2838,24.308.848/6064-14,Bella Bella Vita S/A,Salão de beleza,Fortaleza,CE,Pinheiros,2022-12-27,S
2839,75790155088063,Casa de Fragrâncias Dourada EIRELI,E-commerce,Curitiba,PR,Cambuí,2021-06-16,S
2840,29.653.704/7680-98,Espaço Beleza Vitória EIRELI,Loja de departamento,Campinas,SP,Savassi,2022-09-07,S
2841,44027554701429,Comercial Nova Era ME,Revendedora autônoma,Curitiba,PR,Barra,2026-06-07,S
2842,11045498046065,Perfumaria Requinte LTDA ME,Revendedora autônoma,Belo Horizonte,MG,Vila Madalena,2023-08-14,S
2843,49166055773904,Boutique Íris ME,E-commerce,Curitiba,PR,Meireles,2022-08-29,S
2844,31210811038773,Bella Rosa dos Ventos S/A,Quiosque,Campinas,SP,Bela Vista,2024-10-05,S
2845,68706668843316,Boutique Aromas do Sul LTDA,Revendedora autônoma,Goiânia,GO,Pituba,2026-03-10,S
2846,90.140.543/9346-98,Espaço Beleza Encanto ME,Revendedora autônoma,Porto Alegre,RS,Meireles,2021-09-30,S
2847,58015358496200,DROGARIA AURORA LTDA,Perfumaria,Belo Horizonte,MG,Batel,2025-04-19,S
2848,60.173.855/5550-51,Farmácia Encanto ME,Loja de departamento,Brasília,DF,Vila Madalena,22/12/2025,S
2849,36.770.411/0800-26,Casa de Fragrâncias Nova Era LTDA ME,Revendedora autônoma,Porto Alegre,RS,Bela Vista,2023-02-15,S
2850,42527531779105,Comercial Class LTDA ME,Salão de beleza,Recife,PE,Meireles,2023-05-18,S
2851,34.889.190/0002-42,Drogaria Lumiar LTDA ME,Farmácia,Porto Alegre,RS,Centro,2024-07-18,S
2852,25.957.874/4112-84,Loja Prime LTDA ME,Farmácia,Recife,PE,Batel,2021-11-10,N
2853,94047891367161,Studio Sublime S/A,E-commerce,Manaus,AM,Moema,2022-04-30,S
2854,38279414550973,Perfumaria Vitória S/A,Quiosque,Recife,PE,Asa Sul,18/10/2024,S
2855,85270497344463,Essência Nova Era LTDA ME,Quiosque,Goiânia,GO,Savassi,2023-01-07,S
2856,01522181595881,Comercial Bella Vita S/A,Loja de departamento,Rio de Janeiro,RJ,Boa Viagem,2026-03-29,S
2857,51139522549457,Espaço Beleza Flor de Liz LTDA,Loja de departamento,Curitiba,PR,Moema,2025-12-25,S
2858,32470730814142,Essência Nobre EIRELI,Quiosque,Campinas,SP,Ipanema,2023-06-03,S
2859,73301654876578,Bella Nova Era LTDA,Salão de beleza,Rio de Janeiro,RJ,Ipanema,2024-02-29,S
2860,17286421360171,Drogaria Charme S/A,Loja de shopping,Campinas,SP,Setor Bueno,2022-12-19,S
2861, 96516441805400 ,Espaco Beleza Aurora S/A,Revendedora autônoma,Rio de Janeiro,RJ,Boa Viagem,2021-10-05,N
2862,96199097989659,Perfumaria Sublime LTDA ME,Quiosque,Fortaleza,CE,Moema,2024-12-17,S
2863,91671656709866,Farmácia Íris S/A,Salão de beleza,Porto Alegre,RS,Meireles,28/11/2021,S
2864,28579401541506,Farmácia Flor de Liz S/A,Salão de beleza,Salvador,BA,Moema,2021-10-14,S
2865,78.734.808/5149-66,Bella Diva S/A,Farmácia,Campinas,SP,Centro,2022-02-17,S
2866,34268396995713,Farmácia Íris S/A,Perfumaria,Rio de Janeiro,RJ,Ipanema,2022-09-09,N
2867,24.023.878/9303-81,Perfumaria Dourada LTDA,Loja de departamento,Belo Horizonte,MG,Boa Viagem,2023-01-05,S
2868,29.225.953/7621-09,Drogaria Lumiar ME,Revendedora autônoma,Recife,PE,Batel,2021-08-03,S
2869,66754905973037,Essência Class LTDA,Quiosque,São Paulo,SP,Bela Vista,2022-11-09,S
2870,68294817049672,Bella Requinte LTDA,Quiosque,Manaus,AM,Moema,2021-05-25,S
2871,79800472028882,Perfumaria Aromas do Sul LTDA ME,Quiosque,Curitiba,PR,Moema,2023-06-22,S
2872,42.443.102/9932-10,Aroma Dourada LTDA,Quiosque,Belo Horizonte,MG,Boa Viagem,20/06/2023,S
2873,42.709.831/8180-34,Essência Aromas do Sul S/A,Farmácia,Salvador,BA,Jardins,2025-12-12,S
2874,45.082.759/8685-81,Comercial Serena LTDA ME,E-commerce,Manaus,AM,Batel,2021-11-26,S
2875,86425046471742,PERFUMARIA ÍRIS LTDA ME,E-commerce,Belo Horizonte,MG,Batel,2022-07-02,S
2876,11601241811607,Studio Diva S/A,Perfumaria,São Paulo,SP,Boa Viagem,2024-12-13,S
2877,16847202063141,Essência Dourada ME,Loja de shopping,Belo Horizonte,MG,Ipanema,2024-06-22,S
2878,05686429617247,Farmácia Sublime S/A,Revendedora autônoma,Porto Alegre,RS,Jardins,2023-11-25,S
2879,44.620.374/4571-99,Boutique Encanto ME,Quiosque,São Paulo,SP,Moema,2024-03-29,S
2880,14.078.136/6492-90,STUDIO ENCANTO ME,Revendedora autônoma,Rio de Janeiro,RJ,Barra,2026-02-13,S
2881,47064922257164,Espaço Beleza Nova Era EIRELI,E-commerce,Belo Horizonte,MG,Asa Sul,2024-05-23,S
2882,45.646.639/7180-12,Casa de Fragrâncias Rosa dos Ventos EIRELI,Revendedora autônoma,Curitiba,PR,Pituba,2024-06-02,S
2883,75675646676674,Essência Sublime LTDA,Revendedora autônoma,Goiânia,GO,Asa Sul,2021-06-12,S
2884, 24221645324421 ,Perfumaria Encanto S/A,Perfumaria,Curitiba,PR,Cambuí,2022-12-14,S
2885,05819836514690,ESPAÇO BELEZA VITÓRIA LTDA ME,Farmácia,São Paulo,SP,Meireles,2022-11-11,S
2886,00.578.341/0807-50,Essência Class LTDA,Salão de beleza,Goiânia,GO,Vila Madalena,2025-04-05,S
2887,29.422.085/9503-12,Studio Requinte EIRELI,Salão de beleza,São Paulo,SP,Boa Viagem,2024-02-16,S
2888,97166553601811,Drogaria Aromas do Sul LTDA,Revendedora autônoma,Rio de Janeiro,RJ,Batel,2022-01-12,S
2889,83614491792165,Farmacia Flor de Liz EIRELI,Farmácia,Curitiba,PR,Vila Madalena,2024-04-04,S
2890,61173702153845,Casa de Fragrancias Serena S/A,Salão de beleza,Belo Horizonte,MG,Aldeota,2024-06-08,S
2891,12.131.243/4666-29,Drogaria Essenza EIRELI,Loja de departamento,Curitiba,PR,Asa Sul,2024-01-18,S
2892,06014612058498,Casa de Fragrâncias Vitória S/A,Quiosque,Porto Alegre,RS,Jardins,2023-02-03,N
2893,81.335.333/6941-75,Loja Class LTDA ME,Perfumaria,Porto Alegre,RS,Batel,18/01/2024,S
2894,48386861235879,Loja Elegance LTDA,Perfumaria,Salvador,BA,Jardins,28/08/2024,S
2895,94856366673139,Boutique Elegance S/A,Loja de departamento,Belo Horizonte,MG,Cambuí,27/05/2022,S
2896,11214359393942,Espaco Beleza Sublime LTDA,Loja de shopping,São Paulo,SP,Vila Madalena,2022-03-05,S
2897,60402874477064,Loja Sublime ME,Salão de beleza,Goiânia,GO,Batel,2025-05-04,S
2898,42.350.688/4393-93,Boutique Aromas do Sul ME,Loja de departamento,Manaus,AM,Savassi,2025-01-27,S
2899,47.874.545/6031-86,Casa de Fragrâncias Nova Era ME,Loja de departamento,Goiânia,GO,Setor Bueno,04/11/2021,S
2900, 29645482771959 ,Studio Nova Era EIRELI,Farmácia,Rio de Janeiro,RJ,Barra,20/03/2024,S
2901,77291188440147,FARMÁCIA NOVA ERA LTDA ME,Revendedora autônoma,Porto Alegre,RS,Batel,2024-08-29,S
2902,28442718045591,Farmácia Prime LTDA,Salão de beleza,Brasília,DF,Pituba,2023-09-08,S
2903, 47563651837047 ,Loja Flor de Liz ME,Revendedora autônoma,Campinas,SP,Pinheiros,2024-06-07,S
2904,12035813979519,Casa de Fragrancias Charme EIRELI,E-commerce,Belo Horizonte,MG,Ipanema,2022-03-31,S
2905,23591998855229,Perfumaria Prime EIRELI,Quiosque,Fortaleza,CE,Higienópolis,2023-10-18,S
2906,55422054872912,Loja Vitória ME,Loja de departamento,Brasília,DF,Barra,2021-11-04,S
2907,63.230.017/1955-76,Comercial Íris ME,Farmácia,Campinas,SP,Ipanema,2025-09-19,S
2908,74863747030366,Aroma Bella Vita ME,Loja de departamento,Campinas,SP,Bela Vista,2023-04-22,S
2909,75.840.531/8865-85,Comercial Flor de Liz LTDA ME,Quiosque,Rio de Janeiro,RJ,Asa Sul,2026-02-09,S
2910,03410588287035,Aroma Nova Era LTDA ME,E-commerce,São Paulo,SP,Centro,2024-03-04,S
2911,97064407125346,Drogaria Dourada LTDA,Salão de beleza,São Paulo,SP,Aldeota,2025-08-03,S
2912,20.158.113/0839-53,Aroma Flor de Liz EIRELI,Salão de beleza,Campinas,SP,Batel,2025-11-19,S
2913,45.089.607/1376-67,Comercial Aurora LTDA ME,Perfumaria,Curitiba,PR,Cambuí,2024-08-08,S
2914,64051183284014,Essência Elegance S/A,Perfumaria,São Paulo,SP,Meireles,2026-05-29,S
2915,73246155224113,Drogaria Íris S/A,Farmácia,Rio de Janeiro,RJ,Pinheiros,2026-03-20,S
2916,35273839688560,Casa de Fragrâncias Diva S/A,E-commerce,Manaus,AM,Asa Sul,2022-05-17,S
2917,31957996591239,STUDIO ELEGANCE LTDA,E-commerce,Goiânia,GO,Higienópolis,2023-04-03,S
2918,84490230771465,Espaço Beleza Íris LTDA,Loja de shopping,Fortaleza,CE,Moema,2024-06-29,S
2919,69.108.189/8137-80,Perfumaria Sublime EIRELI,Quiosque,Fortaleza,CE,Asa Sul,2025-06-19,S
2920,25.672.119/5110-94,Comercial Class S/A,Loja de shopping,Curitiba,PR,Batel,2022-08-22,N
2921,51462000888876,Essência Vitória LTDA ME,Farmácia,Salvador,BA,Boa Viagem,2022-12-30,S
2922,55693149354881,Boutique Charme LTDA ME,Quiosque,Brasília,DF,Moema,2024-06-02,S
2923, 03777311025375 ,Farmácia Class LTDA,Salão de beleza,Goiânia,GO,Asa Sul,2025-08-05,N
2924,74672397988118,Comercial Bella Vita EIRELI,Quiosque,São Paulo,SP,Ipanema,2024-10-19,S
2925,70.425.377/6967-32,Comercial Aurora LTDA ME,Loja de departamento,Brasília,DF,Boa Viagem,2022-07-30,S
2926,37.238.057/1216-62,Espaço Beleza Serena ME,Loja de departamento,Fortaleza,CE,Asa Sul,2022-07-07,S
2927,04268544606889,DROGARIA ESSENZA S/A,Revendedora autônoma,Goiânia,GO,Barra,23/10/2022,S
2928,44.217.953/4856-45,Drogaria Dourada LTDA,Loja de departamento,São Paulo,SP,Setor Bueno,04/08/2024,S
2929,41631664170003,Essência Lumiar EIRELI,Perfumaria,Campinas,SP,Savassi,11/06/2023,S
2930,66.058.085/6902-89,Espaço Beleza Sublime S/A,Perfumaria,São Paulo,SP,Batel,2024-02-16,S
2931,75308772269667,Espaço Beleza Íris LTDA,Salão de beleza,São Paulo,SP,Cambuí,2023-05-28,S
2932,85.854.914/6516-79,Loja Essenza S/A,Loja de shopping,São Paulo,SP,Cambuí,2023-09-22,S
2933,71867096837201,Essência Lumiar LTDA,Salão de beleza,Rio de Janeiro,RJ,Batel,2022-03-21,S
2934,19.634.813/0043-62,Studio Flor de Liz EIRELI,Loja de departamento,Brasília,DF,Barra,2022-08-02,N
2935,18762404661010,Studio Class S/A,Farmácia,Brasília,DF,Pinheiros,2022-03-26,S
2936,32.986.536/6145-01,Perfumaria Vitoria LTDA ME,Salão de beleza,Goiânia,GO,Meireles,2026-01-05,S
2937,25142618912415,Boutique Aromas do Sul LTDA ME,Revendedora autônoma,Rio de Janeiro,RJ,Jardins,22/11/2024,S
2938,32.897.957/3775-64,Casa de Fragrancias Charme LTDA,E-commerce,São Paulo,SP,Cambuí,2026-04-28,S
2939,03.764.941/3309-84,Casa de Fragrâncias Nobre EIRELI,Loja de shopping,Porto Alegre,RS,Asa Sul,2022-11-17,S
2940,85.141.363/2558-61,Perfumaria Class LTDA ME,Revendedora autônoma,Belo Horizonte,MG,Barra,14/03/2025,S
2941,37236790821352,Farmácia Sublime S/A,Farmácia,Rio de Janeiro,RJ,Higienópolis,2024-12-30,S
2942,08.799.333/0913-89,PERFUMARIA PRIME LTDA,Loja de departamento,Manaus,AM,Bela Vista,2024-03-17,S
2943,68181433586283,Casa de Fragrâncias Aromas do Sul S/A,Perfumaria,Goiânia,GO,Aldeota,2022-08-07,S
2944,68.076.879/0244-64,Studio Sublime LTDA ME,Salão de beleza,Goiânia,GO,Asa Sul,2025-03-24,N
2945,92702907542248,Essencia Lumiar LTDA ME,Farmácia,Manaus,AM,Higienópolis,2021-05-27,S
2946,63.915.965/8668-14,Espaço Beleza Dourada EIRELI,E-commerce,Curitiba,PR,Cambuí,14/05/2024,S
2947,93263345708117,Comercial Essenza EIRELI,Loja de departamento,Fortaleza,CE,Vila Madalena,2022-08-28,S
2948,49089571070611,Drogaria Elegance EIRELI,Loja de shopping,Brasília,DF,Vila Madalena,2023-03-26,N
2949,85.522.950/9443-60,Espaço Beleza Diva LTDA,E-commerce,Salvador,BA,Pituba,24/02/2023,S
2950,57682636900897,Boutique Íris EIRELI,Perfumaria,Fortaleza,CE,Jardins,2023-05-11,S
2951, 67433409705550 ,BOUTIQUE ELEGANCE EIRELI,Revendedora autônoma,Porto Alegre,RS,Barra,2024-01-20,S
2952,27496318853402,Farmácia Nobre S/A,Perfumaria,Fortaleza,CE,Batel,2022-06-23,S
2953,31078577884620,Perfumaria Essenza LTDA,Loja de shopping,Belo Horizonte,MG,Pinheiros,2022-08-02,S
2954,72634018814977,Loja Essenza EIRELI,Loja de shopping,Belo Horizonte,MG,Savassi,2024-11-16,S
2955,94828827634394,Espaço Beleza Sublime LTDA ME,Farmácia,Rio de Janeiro,RJ,Meireles,2025-12-02,S
2956,73745714727479,Loja Essenza ME,Perfumaria,Porto Alegre,RS,Vila Madalena,29/06/2026,S
2957,21.554.237/3997-70,Bella Nobre S/A,E-commerce,Rio de Janeiro,RJ,Vila Madalena,24/02/2023,S
2958,43235906328775,Perfumaria Aurora EIRELI,E-commerce,Recife,PE,Centro,2022-10-08,S
2959,99798857601966,Studio Nova Era ME,Revendedora autônoma,Campinas,SP,Higienópolis,2022-06-25,S
2960,60.798.909/7892-07,Bella Vitória S/A,Revendedora autônoma,Curitiba,PR,Centro,2021-06-09,S
2961,62408319526467,Comercial Elegance ME,Salão de beleza,Curitiba,PR,Cambuí,2023-01-25,N
2962,67884880595474,Boutique Encanto ME,Loja de shopping,Porto Alegre,RS,Savassi,2025-01-09,S
2963,43.880.137/2492-88,Studio Íris EIRELI,Loja de departamento,Belo Horizonte,MG,Bela Vista,2023-01-04,S
2964,37512207215980,Drogaria Charme EIRELI,Loja de shopping,Salvador,BA,Jardins,2022-10-27,S
2965,13.378.006/8409-64,Espaço Beleza Class EIRELI,Revendedora autônoma,Campinas,SP,Aldeota,2023-11-03,S
2966,20082244913061,Aroma Rosa dos Ventos LTDA,Salão de beleza,Curitiba,PR,Meireles,2024-09-01,S
2967,64151182224132,Perfumaria Charme ME,Farmácia,São Paulo,SP,Boa Viagem,2021-06-08,S
2968,39.928.581/4273-50,Comercial Essenza LTDA,Farmácia,Rio de Janeiro,RJ,Moema,03/06/2025,S
2969,53210597842814,Bella Serena S/A,Farmácia,Goiânia,GO,Savassi,2023-04-15,S
2970,79817630191154,Bella Lumiar LTDA,Loja de departamento,Goiânia,GO,Setor Bueno,2023-07-01,S
2971,48.820.645/6200-98,BOUTIQUE ÍRIS EIRELI,Quiosque,São Paulo,SP,Meireles,2023-08-13,S
2972,52.056.567/9167-12,Essência Aurora LTDA,E-commerce,Belo Horizonte,MG,Ipanema,2022-01-25,S
2973,25332497073068,Espaço Beleza Íris LTDA,Quiosque,Fortaleza,CE,Jardins,2022-04-14,S
2974,28.540.402/6166-84,Casa de Fragrâncias Íris ME,Farmácia,Belo Horizonte,MG,Higienópolis,2022-11-17,S
2975,90604598278147,Essência Requinte LTDA ME,Loja de departamento,Rio de Janeiro,RJ,Pituba,2024-06-21,S
2976, 26981533453384 ,Comercial Requinte LTDA ME,Loja de shopping,Rio de Janeiro,RJ,Meireles,2026-06-15,S
2977,20852056459803,Espaço Beleza Class LTDA ME,Salão de beleza,São Paulo,SP,Ipanema,2023-03-23,N
2978,43950444920954,Drogaria Sublime ME,Farmácia,Fortaleza,CE,Savassi,2022-11-16,S
2979,94.944.228/3299-58,Drogaria Lumiar S/A,E-commerce,Manaus,AM,Vila Madalena,2022-02-04,S
2980,49550947864163,Espaco Beleza Essenza LTDA,Loja de shopping,São Paulo,SP,Cambuí,2021-08-10,S
2981,25121189462311,CASA DE FRAGRÂNCIAS CLASS LTDA ME,Loja de departamento,Goiânia,GO,Vila Madalena,2022-03-28,S
2982,04.335.901/5640-75,Farmácia Dourada LTDA ME,E-commerce,São Paulo,SP,Aldeota,2022-10-28,S
2983,92839625774161,COMERCIAL DIVA EIRELI,Salão de beleza,Salvador,BA,Pinheiros,18/04/2022,S
2984,33655861711069,Studio Vitória S/A,Loja de departamento,Recife,PE,Boa Viagem,2022-05-18,S
2985,62.344.369/2851-56,Loja Requinte EIRELI,Revendedora autônoma,Goiânia,GO,Setor Bueno,2023-08-18,N
2986,33360107867605,Perfumaria Elegance EIRELI,Salão de beleza,Manaus,AM,Savassi,2023-06-20,S
2987,54.980.618/4648-76,Loja Diva EIRELI,Salão de beleza,Manaus,AM,Centro,2024-08-20,S
2988,32428662271921,Comercial Íris LTDA ME,Salão de beleza,Recife,PE,Jardins,2025-10-02,S
2989, 07277236576147 ,Aroma Flor de Liz LTDA ME,Quiosque,Campinas,SP,Boa Viagem,2022-03-31,S
2990,23494572449176,Comercial Flor de Liz EIRELI,Loja de shopping,Rio de Janeiro,RJ,Moema,2023-02-25,N
2991, 57818338070331 ,Loja Aurora EIRELI,Loja de departamento,Goiânia,GO,Barra,2022-09-14,S
2992,08519838606962,Comercial Nova Era LTDA,Salão de beleza,Campinas,SP,Meireles,2022-12-12,N
2993,97.586.380/4044-16,Boutique Aurora LTDA ME,Farmácia,Brasília,DF,Setor Bueno,2024-04-02,S
2994,96104808805749,Casa de Fragrancias Sublime EIRELI,Quiosque,Curitiba,PR,Jardins,2021-09-27,S
2995, 38713899279354 ,Espaço Beleza Requinte LTDA,Salão de beleza,Goiânia,GO,Aldeota,2023-03-13,S
2996,01995261457824,Comercial Vitória LTDA ME,Loja de departamento,Curitiba,PR,Ipanema,2022-08-10,S
2997,16379963173338,Comercial Nova Era EIRELI,Revendedora autônoma,Brasília,DF,Jardins,2022-09-11,S
2998,03431629235621,Boutique Class LTDA ME,Revendedora autônoma,Salvador,BA,Boa Viagem,2023-05-02,N
2999,74.921.386/0682-89,Perfumaria Charme EIRELI,Quiosque,Salvador,BA,Setor Bueno,2022-02-21,S
3000,31076907009608,Essência Vitória EIRELI,E-commerce,Salvador,BA,Barra,2021-06-14,S
3001,39.176.707/0022-79,ESSÊNCIA NOBRE ME,E-commerce,Goiânia,GO,Setor Bueno,2022-04-17,S
3002,03216580872670,STUDIO VITÓRIA S/A,Farmácia,Rio de Janeiro,RJ,Jardins,2022-10-23,S
3003,24702881411287,BELLA ESSENZA S/A,Quiosque,São Paulo,SP,Vila Madalena,2022-12-29,S
3004,46144092335174,ESSÊNCIA CHARME LTDA ME,Loja de departamento,Porto Alegre,RS,Savassi,2022-06-15,S
3005,30316179904210,LOJA CLASS S/A,Loja de shopping,Recife,PE,Asa Sul,2023-11-25,S
3006,48570862095935,BOUTIQUE SUBLIME LTDA ME,Loja de departamento,Porto Alegre,RS,Batel,2024-04-25,S
3007,42102053950240,BELLA ESSENZA LTDA ME,Farmácia,Brasília,DF,Ipanema,2023-12-17,S
3008,55460158517432,ESSÊNCIA DIVA LTDA,Revendedora autônoma,Brasília,DF,Ipanema,2025-09-29,S
3009,29806990162720,LOJA NOBRE EIRELI,Revendedora autônoma,Fortaleza,CE,Pinheiros,2023-03-19,S
3010,60.049.021/4441-55,BOUTIQUE VITÓRIA S/A,Revendedora autônoma,Goiânia,GO,Vila Madalena,2022-04-19,S
3011,54.758.783/7105-39,COMERCIAL ROSA DOS VENTOS LTDA ME,Perfumaria,Recife,PE,Cambuí,2023-11-14,S
3012,52.346.151/2167-60,PERFUMARIA ESSENZA LTDA,Loja de departamento,Brasília,DF,Vila Madalena,2021-09-26,S
3013,65086569963874,FARMÁCIA VITÓRIA EIRELI,Quiosque,Campinas,SP,Cambuí,2023-01-10,S
3014,67207591445661,AROMA DIVA LTDA,Quiosque,Brasília,DF,Cambuí,2022-05-20,S
3015,53205285155013,FARMÁCIA LUMIAR S/A,Farmácia,Salvador,BA,Ipanema,2025-12-24,S
3016,52.197.064/0641-23,DROGARIA ENCANTO EIRELI,Perfumaria,Curitiba,PR,Bela Vista,2024-03-29,S
3017,84578317456424,ESSÊNCIA ROSA DOS VENTOS S/A,Salão de beleza,Campinas,SP,Pituba,2025-01-18,S
3018,56222190533470,COMERCIAL ENCANTO S/A,Quiosque,Belo Horizonte,MG,Cambuí,2023-03-22,S
3019,43.880.137/2492-88,STUDIO ÍRIS EIRELI,Loja de departamento,Belo Horizonte,MG,Bela Vista,2023-01-04,S
3020,23634110485786,DROGARIA DIVA EIRELI,Farmácia,Fortaleza,CE,Boa Viagem,2022-02-24,S
3021,16.248.607/0472-66,CASA DE FRAGRÂNCIAS SUBLIME EIRELI,Farmácia,Recife,PE,Ipanema,2025-08-28,S
3022,24.469.845/9890-90,STUDIO ENCANTO LTDA ME,Perfumaria,Campinas,SP,Jardins,2022-07-17,S
3023,64.966.681/1822-92,ESSÊNCIA DIVA S/A,Loja de shopping,Goiânia,GO,Boa Viagem,2023-04-23,S
3024,44.102.387/3518-66,LOJA ENCANTO LTDA,Quiosque,Goiânia,GO,Meireles,2022-12-06,S
3025,94689633181233,FARMÁCIA ROSA DOS VENTOS LTDA,Loja de departamento,Curitiba,PR,Barra,2022-08-04,S
3026,30932998199605,AROMA ESSENZA EIRELI,Quiosque,Recife,PE,Pinheiros,2026-06-03,S
3027,60.075.504/0841-38,FARMÁCIA ESSENZA LTDA ME,Perfumaria,Curitiba,PR,Batel,2023-05-17,S
3028,33920567756777,PERFUMARIA CHARME EIRELI,Loja de departamento,Manaus,AM,Batel,2025-09-30,S
3029,39.653.136/1487-82,CASA DE FRAGRÂNCIAS DIVA S/A,Salão de beleza,São Paulo,SP,Asa Sul,2023-03-08,S
3030,50.745.093/3280-99,PERFUMARIA ENCANTO ME,E-commerce,Curitiba,PR,Centro,2025-05-30,S
3031,49.603.342/9950-86,AROMA SERENA LTDA ME,Loja de departamento,Brasília,DF,Moema,2025-02-05,S
3032,05.149.618/0686-28,STUDIO PRIME EIRELI,Quiosque,Rio de Janeiro,RJ,Asa Sul,2021-08-04,S
3033,16.658.136/6222-08,DROGARIA FLOR DE LIZ ME,Perfumaria,Manaus,AM,Ipanema,2022-07-24,S
3034,25.723.230/0708-61,ESPAÇO BELEZA ENCANTO LTDA ME,E-commerce,Manaus,AM,Setor Bueno,2021-07-18,S
3035,85324148426898,LOJA CLASS LTDA ME,Quiosque,Recife,PE,Setor Bueno,2021-08-01,S
3036,09112252883750,FARMÁCIA SUBLIME LTDA ME,Loja de departamento,Manaus,AM,Meireles,2022-10-06,S
3037,60.173.855/5550-51,FARMÁCIA ENCANTO ME,Loja de departamento,Brasília,DF,Vila Madalena,2025-12-22,S
3038,02567021782959,COMERCIAL FLOR DE LIZ LTDA,Farmácia,Salvador,BA,Aldeota,2021-07-22,S
3039,82912789885249,AROMA SUBLIME EIRELI,Perfumaria,Rio de Janeiro,RJ,Ipanema,2025-10-20,S
3040,02.419.827/2449-52,CASA DE FRAGRÂNCIAS CHARME S/A,Farmácia,Rio de Janeiro,RJ,Moema,2024-06-17,S
