oportunidade_id,cliente_id,vendedor_id,origem,data_abertura,etapa,probabilidade_pct,valor_estimado,data_fechamento,ciclo_dias,motivo_perda
1,1,1,WhatsApp,2024-11-26,Fechado ganho,100,37991.37,2025-01-06,41,
2,1,1,WhatsApp,2025-12-05,Proposta enviada,50,65392.77,,,
3,1,1,Indicação,2026-02-05,Fechado ganho,100,56800.33,2026-04-09,63,
4,2,15,Inbound site,2024-09-25,Prospecção,10,22450.02,,,
5,2,15,Instagram,2024-12-22,Qualificação,25,56924.49,,,
6,4,29,WhatsApp,2026-04-25,Fechado perdido,0,94128.24,2026-06-08,44,Já compra de outro importador
7,5,37,Instagram,2026-03-30,Qualificação,25,11392.45,,,
8,8,9,Feira de beleza,2026-07-13,Negociação,75,102506.44,,,
9,9,4,WhatsApp,2025-09-12,Qualificação,25,55346.54,,,
10,9,4,Reativação,2026-06-09,Fechado perdido,0,37998.09,2026-08-10,62,Sem contato
11,9,4,WhatsApp,2026-02-26,Negociação,75,56656.73,,,
12,10,7,Prospecção ativa,2025-06-05,Negociação,75,86622.20,,,
13,10,7,Indicação,2025-04-07,Fechado ganho,100,36713.18,2025-04-14,7,
14,10,7,Inbound site,2024-09-27,Fechado ganho,100,86265.29,2024-11-05,39,
15,10,7,Instagram,2024-10-12,Fechado ganho,100,28565.77,2024-11-12,31,
16,11,24,Instagram,2024-11-15,Prospecção,10,52773.65,,,
17,12,12,WhatsApp,2026-01-29,Proposta enviada,50,13007.16,,,
18,12,12,Indicação,2026-02-27,Fechado ganho,100,16871.35,2026-03-10,11,
19,13,16,Indicação,2025-11-01,Proposta enviada,50,86613.18,,,
20,13,16,Indicação,2025-08-12,Fechado ganho,100,26133.33,2025-09-25,44,
21,13,16,Reativação,2025-08-25,Negociação,75,27058.63,,,
22,15,6,WhatsApp,2025-02-27,Prospecção,10,15745.50,,,
23,17,26,Feira de beleza,2026-06-17,Negociação,75,93361.78,,,
24,18,34,Prospecção ativa,2026-05-29,Negociação,75,6857.20,,,
25,18,34,Feira de beleza,2025-05-21,Qualificação,25,51783.59,,,
26,19,14,WhatsApp,2026-01-08,Negociação,75,61375.82,,,
27,19,14,Prospecção ativa,2025-05-14,Qualificação,25,86355.68,,,
28,19,14,Prospecção ativa,2024-11-03,Prospecção,10,56981.59,,,
29,19,14,Instagram,2024-11-29,Proposta enviada,50,55793.11,,,
30,20,41,Prospecção ativa,2024-10-16,Negociação,75,45848.78,,,
31,21,14,Indicação,2024-11-03,Negociação,75,38712.44,,,
32,22,13,Inbound site,2026-07-29,Negociação,75,91957.82,,,
33,22,13,Inbound site,2026-04-26,Qualificação,25,89363.90,,,
34,23,42,Feira de beleza,2026-05-13,Fechado perdido,0,76493.18,2026-06-18,36,Sem verba no momento
35,23,42,WhatsApp,2025-04-09,Fechado perdido,0,18694.94,2025-06-08,60,Sem contato
36,24,3,Indicação,2025-04-24,Fechado perdido,0,151672.49,2025-07-01,68,Sem verba no momento
37,24,3,Indicação,2026-02-16,Fechado perdido,0,80526.60,2026-03-19,31,Sem contato
38,24,3,Feira de beleza,2026-07-05,Negociação,75,6472.76,,,
39,24,3,Inbound site,2025-01-27,Fechado perdido,0,69611.74,2025-03-11,43,Sem verba no momento
40,24,3,Reativação,2026-04-17,Fechado ganho,100,29978.04,2026-05-23,36,
41,24,3,Prospecção ativa,2025-07-12,Proposta enviada,50,152965.56,,,
42,26,18,Reativação,2025-12-20,Fechado ganho,100,90284.54,2026-03-04,74,
43,28,31,Indicação,2024-11-19,Qualificação,25,71486.07,,,
44,28,31,Prospecção ativa,2025-11-17,Fechado perdido,0,64856.21,2026-01-11,55,Prazo de entrega
45,29,31,Inbound site,2024-11-21,Prospecção,10,36139.06,,,
46,29,14,Feira de beleza,2025-08-09,Proposta enviada,50,33092.17,,,
47,29,14,Indicação,2025-05-06,Fechado ganho,100,56995.90,2025-05-18,12,
48,29,14,Reativação,2026-03-26,Negociação,75,47111.82,,,
49,29,14,Inbound site,2025-05-22,Proposta enviada,50,28669.94,,,
50,29,14,Inbound site,2025-10-23,Prospecção,10,64560.25,,,
51,31,36,WhatsApp,2026-02-13,Fechado ganho,100,29954.83,2026-04-20,66,
52,31,36,Prospecção ativa,2025-10-15,Qualificação,25,8669.40,,,
53,31,36,Prospecção ativa,2025-01-02,Fechado perdido,0,6505.66,2025-01-25,23,Preço acima do concorrente
54,32,29,Inbound site,2025-01-20,Fechado ganho,100,85547.41,2025-03-05,44,
55,32,29,Inbound site,2025-01-23,Fechado perdido,0,68250.33,2025-02-28,36,Preço acima do concorrente
56,32,29,Reativação,2025-02-04,Proposta enviada,50,89503.26,,,
57,34,10,Indicação,2025-07-11,Fechado ganho,100,47554.78,2025-09-12,63,
58,34,10,Feira de beleza,2025-10-10,Fechado perdido,0,59687.90,2025-11-11,32,Pediu exclusividade de marca
59,35,8,Indicação,2026-06-07,Negociação,75,12101.18,,,
60,36,11,Feira de beleza,2026-03-15,Fechado perdido,0,87917.29,2026-03-27,12,Prazo de entrega
61,36,11,WhatsApp,2024-11-28,Negociação,75,44104.82,,,
62,37,1,Feira de beleza,2026-06-13,Fechado perdido,0,24914.06,2026-08-15,63,Preço acima do concorrente
63,37,1,Feira de beleza,2026-05-10,Fechado ganho,100,70546.50,2026-05-16,6,
64,37,1,Inbound site,2026-05-21,Negociação,75,53925.00,,,
65,37,1,Prospecção ativa,2026-05-10,Fechado ganho,100,89056.45,2026-06-19,40,
66,38,13,Reativação,2026-06-18,Fechado perdido,0,11358.98,2026-08-15,58,Preço acima do concorrente
67,39,28,Prospecção ativa,2026-08-30,Prospecção,10,27927.36,,,
68,39,28,WhatsApp,2026-03-19,Qualificação,25,9775.99,,,
69,40,41,Instagram,2026-08-19,Proposta enviada,50,49289.13,,,
70,41,31,Indicação,2025-05-16,Fechado ganho,100,70726.43,2025-07-30,75,
71,42,16,Reativação,2025-08-05,Qualificação,25,72680.47,,,
72,43,35,Reativação,2026-01-03,Proposta enviada,50,8790.73,,,
73,44,24,Indicação,2026-01-13,Negociação,75,46626.87,,,
74,44,24,Reativação,2024-11-27,Fechado ganho,100,26221.05,2024-12-31,34,
75,44,24,Reativação,2025-12-15,Fechado perdido,0,66681.17,2026-02-24,71,Mix de fragrâncias não atende
76,44,24,Feira de beleza,2024-09-11,Fechado ganho,100,29980.71,2024-10-22,41,
77,45,29,Prospecção ativa,2025-06-05,Fechado ganho,100,52625.07,2025-06-11,6,
78,45,29,Instagram,2026-03-14,Qualificação,25,22971.23,,,
79,45,29,Reativação,2024-11-23,Fechado ganho,100,64936.77,2025-01-14,52,
80,46,24,Prospecção ativa,2026-08-13,Proposta enviada,50,11181.82,,,
81,46,24,WhatsApp,2024-12-29,Negociação,75,57271.46,,,
82,46,24,Reativação,2025-01-06,Qualificação,25,37344.77,,,
83,46,24,Indicação,2024-09-06,Proposta enviada,50,93973.27,,,
84,47,24,Inbound site,2026-05-13,Prospecção,10,82264.45,,,
85,47,24,Indicação,2026-08-01,Proposta enviada,50,67762.98,,,
86,48,10,Inbound site,2025-11-12,Qualificação,25,91336.30,,,
87,49,22,Prospecção ativa,2025-08-21,Qualificação,25,23571.33,,,
88,49,22,Indicação,2024-11-24,Prospecção,10,27296.99,,,
89,49,22,Prospecção ativa,2025-09-18,Qualificação,25,49584.64,,,
90,49,22,Instagram,2026-03-07,Fechado ganho,100,69881.15,2026-04-18,42,
91,51,24,Indicação,2026-06-28,Fechado ganho,100,72112.58,2026-08-31,64,
92,51,24,WhatsApp,2026-08-07,Qualificação,25,14472.83,,,
93,51,24,Prospecção ativa,2026-08-13,Negociação,75,128451.43,,,
94,51,16,Feira de beleza,2026-08-29,Negociação,75,82924.93,,,
95,51,24,WhatsApp,2026-08-19,Negociação,75,48586.04,,,
96,51,16,Indicação,2026-08-25,Proposta enviada,50,62918.82,,,
97,52,33,Reativação,2024-09-28,Fechado ganho,100,7405.52,2024-10-05,7,
98,52,33,Indicação,2025-06-06,Fechado ganho,100,53876.89,2025-08-13,68,
99,52,33,Prospecção ativa,2026-04-25,Proposta enviada,50,35216.87,,,
100,53,36,Feira de beleza,2026-07-01,Proposta enviada,50,26653.76,,,
101,53,36,Instagram,2026-01-28,Fechado ganho,100,4747.49,2026-03-18,49,
102,54,2,Indicação,2026-02-04,Proposta enviada,50,61770.91,,,
103,54,2,Indicação,2025-09-17,Prospecção,10,20113.90,,,
104,54,2,Prospecção ativa,2025-05-07,Qualificação,25,17634.24,,,
105,54,2,Instagram,2025-01-12,Qualificação,25,76734.44,,,
106,55,20,Reativação,2025-06-01,Prospecção,10,15234.71,,,
107,55,20,Instagram,2025-10-24,Negociação,75,51666.86,,,
108,56,41,Prospecção ativa,2025-04-10,Fechado perdido,0,43704.87,2025-05-20,40,Sem contato
109,56,41,Inbound site,2025-10-11,Negociação,75,69653.96,,,
110,57,4,Prospecção ativa,2024-10-12,Fechado perdido,0,8909.52,2024-10-23,11,Fechou com concorrente
111,57,15,Prospecção ativa,2026-02-13,Prospecção,10,25442.22,,,
112,57,15,Inbound site,2026-03-30,Proposta enviada,50,35241.56,,,
113,57,4,Feira de beleza,2024-09-01,Proposta enviada,50,28582.04,,,
114,60,12,WhatsApp,2026-03-30,Fechado perdido,0,10697.27,2026-05-29,60,Sem verba no momento
115,60,24,Prospecção ativa,2025-11-12,Fechado perdido,0,41401.76,2026-01-02,51,Preço acima do concorrente
116,60,12,Inbound site,2026-06-06,Fechado perdido,0,3013.49,2026-06-10,4,Sem contato
117,63,2,Prospecção ativa,2025-04-25,Negociação,75,88239.70,,,
118,63,19,Reativação,2026-04-28,Fechado ganho,100,82636.94,2026-05-18,20,
119,63,2,WhatsApp,2024-11-02,Prospecção,10,30847.46,,,
120,65,24,Instagram,2025-05-02,Fechado perdido,0,59924.84,2025-06-30,59,Sem verba no momento
121,65,24,Feira de beleza,2026-04-13,Qualificação,25,5951.52,,,
122,65,24,Prospecção ativa,2025-12-25,Negociação,75,88723.57,,,
123,65,24,Instagram,2024-12-27,Qualificação,25,55459.73,,,
124,65,24,Reativação,2025-02-16,Qualificação,25,2628.74,,,
125,65,24,Reativação,2026-08-01,Fechado perdido,0,26546.19,2026-08-23,22,Prazo de entrega
126,66,16,Prospecção ativa,2024-11-18,Fechado ganho,100,63947.48,2025-01-18,61,
127,66,16,Indicação,2026-04-26,Fechado perdido,0,69332.90,2026-06-28,63,Mix de fragrâncias não atende
128,67,27,Inbound site,2026-06-23,Fechado ganho,100,75014.97,2026-08-02,40,
129,69,7,Reativação,2025-09-15,Qualificação,25,66119.17,,,
130,69,6,Instagram,2024-10-17,Negociação,75,115745.58,,,
131,69,7,Reativação,2026-01-06,Fechado ganho,100,27527.19,2026-03-01,54,
132,69,7,Reativação,2025-05-17,Proposta enviada,50,139987.81,,,
133,70,6,Prospecção ativa,2026-01-22,Proposta enviada,50,30624.08,,,
134,70,6,Feira de beleza,2024-11-15,Proposta enviada,50,9307.17,,,
135,72,11,Inbound site,2026-05-06,Qualificação,25,36202.45,,,
136,72,15,Feira de beleza,2025-05-17,Proposta enviada,50,38957.52,,,
137,73,16,Indicação,2025-01-27,Qualificação,25,60805.14,,,
138,73,16,Reativação,2026-04-05,Negociação,75,85972.62,,,
139,74,20,Feira de beleza,2025-08-23,Fechado ganho,100,77597.23,2025-09-27,35,
140,74,20,Indicação,2025-04-30,Fechado perdido,0,67080.60,2025-05-24,24,Prazo de entrega
141,76,17,Indicação,2025-08-07,Proposta enviada,50,37141.50,,,
142,76,17,Instagram,2025-07-25,Fechado perdido,0,35446.93,2025-08-01,7,Prazo de entrega
143,76,17,Reativação,2024-12-11,Qualificação,25,5966.22,,,
144,76,17,Feira de beleza,2026-07-24,Proposta enviada,50,34003.65,,,
145,77,28,Indicação,2026-03-09,Fechado ganho,100,90623.92,2026-05-22,74,
146,78,22,Feira de beleza,2025-10-12,Negociação,75,151906.85,,,
147,79,9,Feira de beleza,2025-12-02,Fechado ganho,100,27239.12,2025-12-23,21,
148,80,20,Inbound site,2025-07-24,Fechado ganho,100,14281.84,2025-09-07,45,
149,80,20,Inbound site,2026-08-16,Negociação,75,42921.60,,,
150,82,38,Indicação,2026-03-10,Prospecção,10,32029.76,,,
151,82,33,Inbound site,2024-09-04,Negociação,75,33573.30,,,
152,82,33,Indicação,2025-01-08,Proposta enviada,50,84966.71,,,
153,83,25,Prospecção ativa,2026-06-03,Fechado ganho,100,10788.51,2026-07-24,51,
154,84,11,Feira de beleza,2026-06-08,Prospecção,10,10289.35,,,
155,85,15,Indicação,2025-09-22,Fechado perdido,0,53755.53,2025-11-14,53,Pediu exclusividade de marca
156,85,15,Prospecção ativa,2025-11-25,Fechado ganho,100,57765.32,2026-01-22,58,
157,86,41,Prospecção ativa,2026-06-18,Proposta enviada,50,6439.63,,,
158,87,18,Indicação,2025-10-02,Prospecção,10,40755.99,,,
159,87,18,Feira de beleza,2025-03-30,Fechado ganho,100,27498.15,2025-04-30,31,
160,87,18,WhatsApp,2026-07-12,Prospecção,10,54809.04,,,
161,88,35,Reativação,2024-11-19,Proposta enviada,50,4478.65,,,
162,89,14,Instagram,2026-03-04,Qualificação,25,60412.10,,,
163,89,14,Prospecção ativa,2025-04-24,Qualificação,25,57552.11,,,
164,89,14,Reativação,2025-02-25,Proposta enviada,50,25724.43,,,
165,90,4,Prospecção ativa,2026-02-01,Qualificação,25,78850.54,,,
166,90,4,WhatsApp,2026-04-27,Fechado ganho,100,34798.20,2026-06-07,41,
167,91,38,Reativação,2025-09-19,Qualificação,25,84798.95,,,
168,91,38,Instagram,2025-10-11,Fechado ganho,100,45103.08,2025-11-17,37,
169,92,4,WhatsApp,2025-06-13,Prospecção,10,20629.40,,,
170,93,1,Feira de beleza,2025-02-13,Fechado ganho,100,8245.99,2025-03-28,43,
171,93,1,Instagram,2025-12-14,Proposta enviada,50,15780.45,,,
172,93,1,Prospecção ativa,2025-08-20,Fechado perdido,0,92487.80,2025-09-20,31,Sem verba no momento
173,94,23,Feira de beleza,2026-08-02,Qualificação,25,91829.62,,,
174,95,23,Feira de beleza,2025-08-09,Fechado ganho,100,9173.46,2025-10-19,71,
175,95,23,Inbound site,2026-03-23,Fechado perdido,0,7972.41,2026-05-24,62,Fechou com concorrente
176,95,23,WhatsApp,2025-01-20,Fechado perdido,0,71882.56,2025-03-04,43,Sem contato
177,96,34,Inbound site,2026-06-03,Fechado ganho,100,73656.88,2026-07-09,36,
178,97,5,Feira de beleza,2025-06-10,Qualificação,25,92692.55,,,
179,97,5,WhatsApp,2025-09-08,Qualificação,25,49665.24,,,
180,98,37,Instagram,2025-10-30,Fechado ganho,100,62168.80,2025-12-23,54,
181,99,35,Reativação,2026-08-11,Fechado ganho,100,62926.38,2026-08-22,11,
182,99,35,Instagram,2026-07-17,Proposta enviada,50,43682.80,,,
183,99,35,Inbound site,2026-04-10,Fechado ganho,100,62081.90,2026-05-31,51,
184,100,5,Feira de beleza,2026-04-01,Prospecção,10,4097.79,,,
185,103,4,WhatsApp,2025-02-26,Negociação,75,24207.20,,,
186,103,4,Feira de beleza,2024-09-04,Fechado ganho,100,41657.81,2024-11-12,69,
187,103,4,Feira de beleza,2025-12-27,Fechado ganho,100,45148.55,2026-02-15,50,
188,103,4,Reativação,2025-11-26,Prospecção,10,22162.21,,,
189,103,4,Instagram,2025-01-22,Fechado ganho,100,42275.11,2025-02-02,11,
190,103,4,Indicação,2024-12-20,Fechado perdido,0,22256.33,2025-01-13,24,Mix de fragrâncias não atende
191,104,11,Inbound site,2026-06-23,Fechado ganho,100,73765.68,2026-07-28,35,
192,105,42,Reativação,2025-11-18,Prospecção,10,57359.48,,,
193,105,42,Instagram,2026-06-06,Qualificação,25,3030.65,,,
194,106,18,Prospecção ativa,2025-05-28,Fechado ganho,100,77622.38,2025-07-31,64,
195,107,39,WhatsApp,2025-09-06,Fechado ganho,100,32127.99,2025-11-08,63,
196,107,39,WhatsApp,2025-11-03,Fechado ganho,100,10638.51,2025-11-14,11,
197,107,39,Feira de beleza,2025-01-15,Prospecção,10,27184.31,,,
198,107,39,Feira de beleza,2024-09-08,Negociação,75,12575.92,,,
199,108,6,Prospecção ativa,2025-03-26,Negociação,75,81154.13,,,
200,108,6,Reativação,2026-02-25,Negociação,75,42793.37,,,
201,108,6,Indicação,2026-02-15,Fechado ganho,100,25707.80,2026-02-20,5,
202,109,11,Reativação,2024-09-20,Prospecção,10,103821.21,,,
203,109,11,Instagram,2025-07-17,Prospecção,10,112923.52,,,
204,109,11,Reativação,2025-10-21,Proposta enviada,50,117439.13,,,
205,110,35,Instagram,2026-01-31,Qualificação,25,13054.73,,,
206,110,35,Reativação,2025-08-14,Fechado perdido,0,17071.00,2025-08-22,8,Fechou com concorrente
207,110,35,Instagram,2024-10-31,Proposta enviada,50,23691.78,,,
208,111,4,WhatsApp,2025-07-20,Fechado ganho,100,6879.15,2025-09-07,49,
209,111,4,WhatsApp,2025-05-07,Proposta enviada,50,94548.45,,,
210,112,27,Indicação,2026-01-13,Proposta enviada,50,79547.86,,,
211,112,27,Feira de beleza,2026-03-02,Fechado ganho,100,92945.09,2026-04-30,59,
212,112,27,Feira de beleza,2025-11-07,Fechado perdido,0,82928.40,2026-01-05,59,Prazo de entrega
213,112,27,Reativação,2025-10-31,Proposta enviada,50,66567.20,,,
214,112,27,Indicação,2026-06-30,Proposta enviada,50,30320.31,,,
215,112,27,Prospecção ativa,2026-01-12,Prospecção,10,89721.98,,,
216,113,34,Prospecção ativa,2026-08-13,Qualificação,25,29889.49,,,
217,113,34,WhatsApp,2026-01-07,Negociação,75,89978.08,,,
218,114,8,WhatsApp,2025-01-22,Fechado ganho,100,50937.82,2025-04-05,73,
219,115,21,WhatsApp,2025-12-11,Fechado perdido,0,75708.65,2026-01-17,37,Prazo de entrega
220,115,21,WhatsApp,2026-04-18,Fechado ganho,100,80687.59,2026-05-13,25,
221,115,21,Instagram,2026-01-16,Fechado perdido,0,59782.71,2026-01-19,3,Sem contato
222,115,21,Inbound site,2026-03-06,Fechado perdido,0,79621.93,2026-04-07,32,Sem verba no momento
223,115,21,Instagram,2025-12-15,Qualificação,25,37441.62,,,
224,115,21,Indicação,2026-05-05,Negociação,75,6967.34,,,
225,116,30,Reativação,2025-12-17,Qualificação,25,33014.91,,,
226,116,30,Instagram,2025-11-16,Fechado perdido,0,21853.24,2025-12-31,45,Já compra de outro importador
227,117,38,WhatsApp,2025-03-01,Fechado perdido,0,32427.69,2025-03-13,12,Mix de fragrâncias não atende
228,117,18,Inbound site,2026-06-30,Negociação,75,47536.38,,,
229,117,18,Inbound site,2026-07-24,Qualificação,25,84862.09,,,
230,118,26,Prospecção ativa,2026-06-22,Qualificação,25,62980.02,,,
231,118,26,Reativação,2026-07-17,Qualificação,25,71751.53,,,
232,119,42,Prospecção ativa,2025-07-04,Proposta enviada,50,7679.26,,,
233,122,38,Inbound site,2025-05-19,Fechado ganho,100,76826.83,2025-05-23,4,
234,122,38,Feira de beleza,2026-01-08,Qualificação,25,27613.80,,,
235,123,34,WhatsApp,2026-06-28,Negociação,75,7042.30,,,
236,124,37,Prospecção ativa,2026-08-27,Negociação,75,42283.00,,,
237,125,33,Instagram,2026-05-13,Negociação,75,9122.11,,,
238,125,33,Reativação,2026-05-24,Fechado ganho,100,20455.25,2026-06-13,20,
239,126,25,WhatsApp,2026-04-24,Fechado ganho,100,64739.13,2026-05-25,31,
240,126,25,Prospecção ativa,2026-07-11,Negociação,75,42438.85,,,
241,126,25,Reativação,2025-09-02,Fechado perdido,0,14272.84,2025-09-06,4,Preço acima do concorrente
242,126,25,Inbound site,2026-02-04,Prospecção,10,43698.45,,,
243,128,21,Feira de beleza,2025-08-28,Proposta enviada,50,20431.09,,,
244,128,21,Indicação,2026-04-18,Negociação,75,59281.77,,,
245,129,26,Instagram,2026-04-17,Proposta enviada,50,14635.38,,,
246,131,40,Feira de beleza,2026-05-15,Prospecção,10,7526.03,,,
247,133,12,Reativação,2025-01-02,Negociação,75,51209.44,,,
248,136,11,Feira de beleza,2024-12-25,Fechado ganho,100,84636.47,2025-02-06,43,
249,136,11,Reativação,2026-03-13,Proposta enviada,50,22103.70,,,
250,136,11,Reativação,2026-05-19,Fechado ganho,100,77751.23,2026-07-30,72,
251,137,39,Indicação,2025-10-17,Qualificação,25,4375.43,,,
252,137,39,Prospecção ativa,2024-11-16,Fechado ganho,100,87297.44,2025-01-21,66,
253,137,12,Indicação,2026-08-10,Negociação,75,3860.71,,,
254,138,12,Reativação,2026-03-24,Fechado perdido,0,27509.54,2026-05-09,46,Pediu exclusividade de marca
255,138,12,Instagram,2026-02-18,Proposta enviada,50,72884.72,,,
256,139,8,Feira de beleza,2024-10-15,Qualificação,25,54988.25,,,
257,140,40,Prospecção ativa,2025-06-25,Fechado perdido,0,28065.03,2025-08-18,54,Fechou com concorrente
258,140,40,Reativação,2026-01-23,Negociação,75,119362.98,,,
259,140,40,Prospecção ativa,2025-09-05,Proposta enviada,50,168623.08,,,
260,140,40,Prospecção ativa,2025-08-25,Negociação,75,82762.17,,,
261,140,40,Inbound site,2025-09-03,Fechado ganho,100,16017.89,2025-09-25,22,
262,140,40,Feira de beleza,2026-05-03,Qualificação,25,103179.83,,,
263,141,36,Feira de beleza,2025-04-14,Fechado perdido,0,54979.05,2025-06-10,57,Já compra de outro importador
264,142,2,Prospecção ativa,2025-05-20,Proposta enviada,50,71027.40,,,
265,143,26,WhatsApp,2025-03-30,Prospecção,10,14951.69,,,
266,144,27,Feira de beleza,2025-02-22,Fechado ganho,100,150630.71,2025-04-09,46,
267,146,4,Feira de beleza,2025-07-02,Qualificação,25,26261.86,,,
268,147,1,Indicação,2026-04-03,Qualificação,25,76961.03,,,
269,148,14,Prospecção ativa,2024-11-14,Proposta enviada,50,71546.48,,,
270,149,7,Inbound site,2025-04-17,Fechado perdido,0,66065.13,2025-05-09,22,Pediu exclusividade de marca
271,151,8,Feira de beleza,2026-06-15,Proposta enviada,50,29488.99,,,
272,151,8,Prospecção ativa,2026-01-08,Fechado ganho,100,23108.08,2026-02-22,45,
273,151,8,Instagram,2025-09-26,Fechado ganho,100,33817.70,2025-11-16,51,
274,151,8,Reativação,2026-03-09,Fechado ganho,100,7033.49,2026-03-16,7,
275,151,8,Feira de beleza,2026-07-01,Fechado perdido,0,6666.66,2026-07-31,30,Preço acima do concorrente
276,151,8,Prospecção ativa,2026-03-17,Prospecção,10,28940.70,,,
277,152,31,Indicação,2025-11-19,Prospecção,10,58934.52,,,
278,152,31,Reativação,2026-04-30,Qualificação,25,37826.95,,,
279,153,14,WhatsApp,2024-10-12,Fechado ganho,100,88927.90,2024-10-20,8,
280,153,14,WhatsApp,2025-10-10,Prospecção,10,42867.57,,,
281,153,14,Inbound site,2026-08-12,Prospecção,10,22374.77,,,
282,154,20,Indicação,2025-02-22,Qualificação,25,53453.07,,,
283,154,20,Inbound site,2026-02-08,Fechado perdido,0,33098.71,2026-04-09,60,Já compra de outro importador
284,154,20,Reativação,2025-10-18,Qualificação,25,49191.18,,,
285,155,18,Feira de beleza,2025-12-07,Proposta enviada,50,84578.42,,,
286,157,26,Prospecção ativa,2025-10-08,Fechado ganho,100,39011.71,2025-12-17,70,
287,160,1,Reativação,2026-04-25,Prospecção,10,7040.69,,,
288,161,5,Inbound site,2026-04-27,Prospecção,10,58049.30,,,
289,161,5,Indicação,2025-09-26,Negociação,75,86435.48,,,
290,161,5,Reativação,2026-01-29,Proposta enviada,50,85410.89,,,
291,161,5,WhatsApp,2025-07-15,Negociação,75,20031.57,,,
292,161,5,Indicação,2025-06-12,Negociação,75,70173.46,,,
293,161,5,Feira de beleza,2025-10-17,Fechado perdido,0,7859.02,2025-11-19,33,Prazo de entrega
294,162,9,Reativação,2026-07-16,Fechado ganho,100,54781.94,2026-08-28,43,
295,162,9,WhatsApp,2026-02-16,Fechado ganho,100,115544.16,2026-05-02,75,
296,162,9,Indicação,2026-04-15,Fechado ganho,100,107467.50,2026-05-05,20,
297,162,9,Inbound site,2026-08-10,Negociação,75,130463.73,,,
298,163,21,Inbound site,2025-12-01,Qualificação,25,12979.18,,,
299,164,17,Feira de beleza,2026-08-31,Qualificação,25,17374.59,,,
300,164,17,Inbound site,2025-05-07,Prospecção,10,64178.30,,,
301,165,8,Indicação,2026-04-19,Fechado ganho,100,87617.95,2026-07-03,75,
302,165,8,Instagram,2026-06-29,Prospecção,10,43237.43,,,
303,165,8,Inbound site,2026-03-14,Qualificação,25,38536.75,,,
304,165,8,Prospecção ativa,2026-04-04,Prospecção,10,71953.20,,,
305,166,1,Feira de beleza,2026-01-29,Fechado perdido,0,14929.07,2026-02-03,5,Fechou com concorrente
306,167,42,Indicação,2026-07-10,Negociação,75,84608.37,,,
307,168,3,Indicação,2026-01-24,Proposta enviada,50,10208.55,,,
308,168,3,Prospecção ativa,2026-07-29,Prospecção,10,26396.73,,,
309,170,5,WhatsApp,2026-03-16,Fechado perdido,0,19347.95,2026-04-25,40,Mix de fragrâncias não atende
310,170,5,WhatsApp,2025-02-08,Fechado ganho,100,53746.77,2025-03-02,22,
311,170,5,Instagram,2026-04-26,Fechado ganho,100,38821.93,2026-06-17,52,
312,171,9,Reativação,2025-01-21,Prospecção,10,23214.45,,,
313,171,9,WhatsApp,2026-07-15,Fechado ganho,100,92377.47,2026-08-13,29,
314,172,40,Inbound site,2026-04-29,Fechado ganho,100,21026.90,2026-05-05,6,
315,172,40,Indicação,2024-12-26,Negociação,75,49880.45,,,
316,173,12,Prospecção ativa,2026-06-12,Fechado perdido,0,33512.92,2026-08-25,74,Sem contato
317,173,12,Instagram,2026-05-14,Fechado perdido,0,80463.02,2026-05-23,9,Sem contato
318,174,18,WhatsApp,2025-11-11,Fechado perdido,0,44623.84,2025-11-29,18,Pediu exclusividade de marca
319,175,19,Instagram,2026-07-05,Fechado perdido,0,33033.35,2026-08-11,37,Sem contato
320,175,41,Prospecção ativa,2025-02-23,Fechado perdido,0,47541.58,2025-03-08,13,Mix de fragrâncias não atende
321,175,41,Prospecção ativa,2024-10-12,Proposta enviada,50,51131.89,,,
322,175,41,Inbound site,2026-02-25,Fechado ganho,100,66898.18,2026-03-31,34,
323,177,6,Feira de beleza,2025-07-05,Fechado ganho,100,76204.93,2025-09-01,58,
324,178,16,Feira de beleza,2025-12-31,Fechado ganho,100,36478.33,2026-01-24,24,
325,178,16,Reativação,2025-10-09,Fechado ganho,100,7092.59,2025-10-28,19,
326,179,10,Instagram,2026-08-20,Negociação,75,85410.76,,,
327,179,10,WhatsApp,2025-06-06,Fechado perdido,0,40207.73,2025-07-15,39,Mix de fragrâncias não atende
328,179,10,Prospecção ativa,2026-06-23,Negociação,75,73240.77,,,
329,179,10,Indicação,2025-05-29,Proposta enviada,50,23108.50,,,
330,180,9,Feira de beleza,2026-06-12,Proposta enviada,50,32037.42,,,
331,180,9,Prospecção ativa,2026-06-24,Negociação,75,18243.02,,,
332,181,18,Prospecção ativa,2025-10-15,Fechado ganho,100,42772.60,2025-11-09,25,
333,183,28,Reativação,2026-06-04,Qualificação,25,20951.27,,,
334,183,14,Indicação,2026-05-04,Fechado perdido,0,72204.36,2026-06-23,50,Prazo de entrega
335,183,28,Instagram,2026-07-10,Prospecção,10,38363.28,,,
336,184,2,Indicação,2026-01-16,Fechado ganho,100,98463.42,2026-01-28,12,
337,184,2,Inbound site,2026-02-21,Negociação,75,9448.61,,,
338,184,2,Feira de beleza,2026-01-31,Fechado ganho,100,41551.39,2026-03-08,36,
339,185,38,Feira de beleza,2025-07-05,Proposta enviada,50,58127.40,,,
340,186,8,Reativação,2024-12-08,Qualificação,25,60573.21,,,
341,187,27,Prospecção ativa,2026-08-04,Qualificação,25,38132.22,,,
342,187,27,Instagram,2025-04-26,Qualificação,25,135813.97,,,
343,188,33,Reativação,2025-02-18,Qualificação,25,81504.12,,,
344,188,33,Prospecção ativa,2026-03-04,Proposta enviada,50,66169.60,,,
345,188,33,Inbound site,2026-07-03,Fechado ganho,100,81011.47,2026-07-18,15,
346,189,25,Reativação,2026-08-20,Proposta enviada,50,92047.51,,,
347,191,33,Instagram,2026-07-19,Proposta enviada,50,51911.53,,,
348,191,33,Prospecção ativa,2025-09-16,Fechado ganho,100,73494.84,2025-10-26,40,
349,192,22,Instagram,2026-05-08,Prospecção,10,8494.80,,,
350,192,22,Reativação,2025-12-07,Qualificação,25,69600.88,,,
351,192,22,Instagram,2024-10-15,Proposta enviada,50,87769.96,,,
352,193,9,Inbound site,2025-01-19,Fechado ganho,100,85150.73,2025-02-27,39,
353,193,9,WhatsApp,2025-08-20,Qualificação,25,29119.49,,,
354,194,33,Inbound site,2024-11-01,Fechado ganho,100,22184.23,2025-01-05,65,
355,195,16,Reativação,2025-10-16,Negociação,75,20252.19,,,
356,195,16,Reativação,2026-05-22,Fechado ganho,100,80433.50,2026-05-25,3,
357,195,16,Instagram,2024-11-03,Proposta enviada,50,67428.49,,,
358,196,34,Prospecção ativa,2024-09-11,Negociação,75,89177.30,,,
359,196,34,Reativação,2025-10-06,Prospecção,10,44891.73,,,
360,196,34,WhatsApp,2024-09-12,Fechado perdido,0,48237.39,2024-11-18,67,Preço acima do concorrente
361,197,21,Instagram,2026-07-14,Prospecção,10,50285.91,,,
362,197,21,Inbound site,2025-02-22,Fechado perdido,0,47266.80,2025-05-06,73,Fechou com concorrente
363,197,21,WhatsApp,2025-02-21,Qualificação,25,10509.56,,,
364,198,16,Feira de beleza,2025-01-17,Qualificação,25,66437.92,,,
365,198,16,Prospecção ativa,2025-05-20,Fechado ganho,100,16724.38,2025-07-22,63,
366,198,16,Inbound site,2025-04-07,Proposta enviada,50,92212.43,,,
367,198,16,Instagram,2026-04-23,Qualificação,25,84413.86,,,
368,199,1,WhatsApp,2025-02-26,Prospecção,10,26116.28,,,
369,199,1,Reativação,2026-01-21,Fechado perdido,0,3626.72,2026-02-21,31,Fechou com concorrente
370,199,1,Prospecção ativa,2026-05-14,Proposta enviada,50,34646.92,,,
371,199,1,Reativação,2025-05-26,Fechado perdido,0,13108.25,2025-07-27,62,Pediu exclusividade de marca
372,199,1,Feira de beleza,2025-06-15,Proposta enviada,50,72521.48,,,
373,199,1,Indicação,2026-06-17,Prospecção,10,57092.18,,,
374,201,19,Feira de beleza,2026-06-01,Prospecção,10,92820.57,,,
375,201,19,WhatsApp,2025-02-24,Proposta enviada,50,83107.19,,,
376,201,19,Inbound site,2024-12-02,Qualificação,25,26697.08,,,
377,202,13,Instagram,2026-03-17,Fechado ganho,100,84866.50,2026-05-15,59,
378,202,13,Feira de beleza,2026-02-14,Qualificação,25,73051.65,,,
379,202,13,Feira de beleza,2025-12-22,Fechado ganho,100,42513.80,2026-01-20,29,
380,204,15,Indicação,2026-01-13,Fechado ganho,100,8903.02,2026-01-21,8,
381,205,7,Reativação,2026-07-12,Fechado perdido,0,63253.60,2026-08-01,20,Preço acima do concorrente
382,205,7,Indicação,2025-11-21,Proposta enviada,50,30565.38,,,
383,205,7,Inbound site,2026-08-08,Prospecção,10,91681.49,,,
384,206,35,Indicação,2026-04-01,Proposta enviada,50,58617.19,,,
385,206,35,Prospecção ativa,2026-04-25,Proposta enviada,50,3714.38,,,
386,207,40,Inbound site,2025-09-08,Fechado ganho,100,43264.09,2025-11-03,56,
387,207,40,Feira de beleza,2025-06-17,Qualificação,25,71810.20,,,
388,208,30,Instagram,2026-08-03,Negociação,75,32206.95,,,
389,209,16,Inbound site,2025-07-04,Prospecção,10,72907.57,,,
390,209,16,Feira de beleza,2026-05-30,Proposta enviada,50,31122.57,,,
391,209,16,WhatsApp,2024-10-10,Fechado perdido,0,15366.81,2024-12-17,68,Fechou com concorrente
392,210,41,Prospecção ativa,2025-04-21,Fechado ganho,100,65870.17,2025-07-02,72,
393,211,42,Inbound site,2025-01-04,Fechado ganho,100,20584.86,2025-02-21,48,
394,211,42,Instagram,2024-11-28,Negociação,75,20258.10,,,
395,213,42,Instagram,2025-06-05,Negociação,75,17186.96,,,
396,213,42,Instagram,2025-04-20,Prospecção,10,26484.02,,,
397,213,42,Feira de beleza,2025-07-11,Qualificação,25,23303.18,,,
398,213,42,Instagram,2025-01-18,Qualificação,25,37155.63,,,
399,214,41,Indicação,2024-09-07,Negociação,75,38854.67,,,
400,214,41,Inbound site,2025-02-23,Fechado ganho,100,37261.38,2025-03-01,6,
401,215,13,Inbound site,2025-08-09,Fechado perdido,0,52636.29,2025-10-10,62,Sem contato
402,215,13,Feira de beleza,2025-01-30,Fechado perdido,0,20599.76,2025-04-10,70,Já compra de outro importador
403,216,21,WhatsApp,2026-08-05,Prospecção,10,45631.20,,,
404,216,21,Prospecção ativa,2026-07-22,Proposta enviada,50,34353.35,,,
405,216,21,Instagram,2026-08-13,Negociação,75,15233.95,,,
406,217,26,Inbound site,2025-01-24,Qualificação,25,40502.36,,,
407,218,34,WhatsApp,2026-02-14,Qualificação,25,93796.58,,,
408,220,34,WhatsApp,2025-07-26,Prospecção,10,65098.05,,,
409,220,34,Feira de beleza,2026-08-28,Negociação,75,82077.93,,,
410,221,11,Reativação,2025-10-13,Proposta enviada,50,30122.24,,,
411,221,11,Inbound site,2025-09-12,Fechado ganho,100,86539.48,2025-10-27,45,
412,221,11,Instagram,2025-09-12,Negociação,75,17036.72,,,
413,221,11,Prospecção ativa,2025-11-17,Negociação,75,6257.61,,,
414,222,18,Inbound site,2025-04-17,Fechado ganho,100,20327.24,2025-04-29,12,
415,223,6,Feira de beleza,2025-02-19,Fechado ganho,100,59054.27,2025-03-14,23,
416,223,6,Prospecção ativa,2025-03-22,Fechado ganho,100,21477.39,2025-04-12,21,
417,225,35,WhatsApp,2025-04-26,Qualificação,25,30249.45,,,
418,225,35,Indicação,2025-03-28,Proposta enviada,50,89605.85,,,
419,226,17,Prospecção ativa,2026-01-23,Prospecção,10,5488.76,,,
420,226,17,Feira de beleza,2025-09-12,Fechado ganho,100,94926.69,2025-09-29,17,
421,226,17,Prospecção ativa,2025-06-11,Negociação,75,17086.54,,,
422,227,36,Inbound site,2025-11-20,Qualificação,25,102621.49,,,
423,228,42,Indicação,2025-06-07,Fechado perdido,0,12931.28,2025-06-27,20,Já compra de outro importador
424,228,42,WhatsApp,2025-10-23,Fechado ganho,100,148850.65,2025-12-18,56,
425,230,25,Prospecção ativa,2025-12-20,Fechado ganho,100,91283.35,2026-02-10,52,
426,230,25,Prospecção ativa,2025-02-03,Fechado ganho,100,58457.69,2025-03-25,50,
427,230,25,Reativação,2025-12-01,Prospecção,10,74655.06,,,
428,230,25,Indicação,2026-03-09,Negociação,75,107797.38,,,
429,231,11,Indicação,2026-08-11,Qualificação,25,15596.32,,,
430,231,11,Reativação,2026-01-21,Proposta enviada,50,34758.57,,,
431,231,11,Prospecção ativa,2026-01-30,Negociação,75,25618.32,,,
432,232,33,Prospecção ativa,2026-08-23,Negociação,75,90617.34,,,
433,232,33,Prospecção ativa,2025-05-10,Proposta enviada,50,30324.59,,,
434,234,27,WhatsApp,2025-09-03,Proposta enviada,50,62521.42,,,
435,235,4,Instagram,2025-08-24,Qualificação,25,16562.25,,,
436,236,15,Indicação,2025-08-25,Qualificação,25,85649.60,,,
437,237,32,Prospecção ativa,2025-03-04,Proposta enviada,50,90266.61,,,
438,237,32,Inbound site,2025-04-20,Fechado perdido,0,80204.50,2025-06-15,56,Sem verba no momento
439,238,20,Instagram,2026-03-07,Fechado ganho,100,15913.56,2026-05-10,64,
440,239,22,Instagram,2025-09-01,Proposta enviada,50,17166.91,,,
441,240,6,Indicação,2025-01-11,Fechado perdido,0,73536.30,2025-01-30,19,Sem contato
442,240,6,WhatsApp,2025-01-02,Proposta enviada,50,32099.09,,,
443,241,12,Prospecção ativa,2024-10-10,Fechado ganho,100,73846.65,2024-10-25,15,
444,241,12,WhatsApp,2026-05-05,Fechado ganho,100,30545.67,2026-05-10,5,
445,243,20,WhatsApp,2025-04-23,Negociação,75,49075.11,,,
446,243,20,Inbound site,2025-07-12,Qualificação,25,92654.10,,,
447,243,20,Reativação,2026-02-24,Fechado perdido,0,55648.44,2026-03-13,17,Já compra de outro importador
448,243,20,WhatsApp,2026-05-07,Proposta enviada,50,15929.34,,,
449,244,39,Indicação,2025-10-25,Fechado ganho,100,66154.37,2025-11-02,8,
450,244,39,Reativação,2024-10-03,Negociação,75,52773.66,,,
451,245,15,Instagram,2025-09-10,Proposta enviada,50,73964.36,,,
452,245,15,Inbound site,2025-07-20,Qualificação,25,90789.06,,,
453,245,15,Instagram,2025-10-30,Fechado perdido,0,16557.85,2025-11-20,21,Preço acima do concorrente
454,245,15,Inbound site,2026-06-08,Fechado perdido,0,49613.28,2026-07-09,31,Prazo de entrega
455,245,15,Indicação,2025-06-09,Fechado ganho,100,26656.41,2025-08-11,63,
456,245,15,Inbound site,2024-09-08,Negociação,75,78576.24,,,
457,246,36,WhatsApp,2025-08-30,Proposta enviada,50,79458.11,,,
458,246,36,WhatsApp,2024-10-13,Negociação,75,19923.62,,,
459,247,5,Instagram,2026-08-10,Prospecção,10,46110.95,,,
460,247,5,Indicação,2026-01-29,Proposta enviada,50,69923.12,,,
461,247,5,Prospecção ativa,2026-07-25,Fechado ganho,100,46737.24,2026-08-24,30,
462,249,8,Inbound site,2026-08-26,Negociação,75,10282.78,,,
463,250,23,Prospecção ativa,2025-02-24,Qualificação,25,49238.55,,,
464,250,20,Inbound site,2025-09-14,Proposta enviada,50,54126.77,,,
465,251,11,Instagram,2026-02-05,Negociação,75,84981.20,,,
466,251,11,Indicação,2025-05-30,Fechado ganho,100,20827.54,2025-08-03,65,
467,251,11,WhatsApp,2026-04-09,Prospecção,10,80406.63,,,
468,251,11,Indicação,2026-07-31,Negociação,75,78053.13,,,
469,252,7,Inbound site,2026-06-15,Prospecção,10,39946.21,,,
470,252,7,Reativação,2026-07-01,Fechado perdido,0,66892.83,2026-08-27,57,Sem contato
471,252,7,WhatsApp,2026-06-06,Qualificação,25,33952.47,,,
472,252,7,Feira de beleza,2025-08-12,Qualificação,25,24106.27,,,
473,254,3,Indicação,2026-04-05,Fechado ganho,100,104518.18,2026-04-18,13,
474,254,3,Inbound site,2025-07-09,Qualificação,25,111324.72,,,
475,254,3,Inbound site,2026-01-05,Negociação,75,67116.65,,,
476,256,22,Feira de beleza,2025-08-24,Qualificação,25,31808.73,,,
477,256,22,Prospecção ativa,2026-05-19,Fechado ganho,100,60929.07,2026-07-24,66,
478,256,22,Inbound site,2025-05-19,Qualificação,25,89195.74,,,
479,257,38,Feira de beleza,2026-05-24,Fechado ganho,100,17255.75,2026-07-09,46,
480,258,10,Instagram,2026-08-20,Qualificação,25,73539.06,,,
481,258,10,Inbound site,2025-07-28,Fechado ganho,100,33543.58,2025-09-30,64,
482,259,19,WhatsApp,2026-05-23,Prospecção,10,83871.43,,,
483,259,19,WhatsApp,2026-08-16,Prospecção,10,81867.26,,,
484,260,23,Inbound site,2024-12-20,Fechado ganho,100,79402.32,2025-01-22,33,
485,261,24,Reativação,2025-01-12,Proposta enviada,50,56825.69,,,
486,261,24,Prospecção ativa,2025-07-21,Negociação,75,63799.03,,,
487,261,24,Inbound site,2025-02-02,Negociação,75,4056.71,,,
488,262,11,Indicação,2026-08-19,Qualificação,25,38309.93,,,
489,262,11,Instagram,2026-07-31,Qualificação,25,68854.01,,,
490,263,27,Reativação,2025-03-09,Proposta enviada,50,48826.83,,,
491,264,21,Inbound site,2026-01-19,Fechado ganho,100,15685.51,2026-02-03,15,
492,264,21,Instagram,2025-07-10,Proposta enviada,50,2885.08,,,
493,264,21,Inbound site,2024-09-05,Qualificação,25,36104.35,,,
494,265,17,Inbound site,2026-06-15,Proposta enviada,50,61741.87,,,
495,265,17,Reativação,2024-12-02,Fechado ganho,100,54681.48,2024-12-14,12,
496,266,32,Reativação,2025-11-05,Prospecção,10,92267.23,,,
497,266,24,Inbound site,2026-01-25,Qualificação,25,53096.67,,,
498,266,24,Reativação,2025-12-31,Fechado ganho,100,31839.75,2026-02-22,53,
499,266,32,Reativação,2025-11-19,Prospecção,10,77966.80,,,
500,267,3,Indicação,2024-10-28,Fechado ganho,100,13324.24,2024-11-03,6,
501,267,25,Inbound site,2026-06-25,Fechado ganho,100,59767.97,2026-07-29,34,
502,267,25,Prospecção ativa,2026-07-16,Proposta enviada,50,86688.61,,,
503,268,28,Indicação,2025-05-12,Qualificação,25,105937.16,,,
504,268,28,Inbound site,2026-08-20,Prospecção,10,88278.36,,,
505,268,28,Reativação,2025-07-16,Fechado ganho,100,74884.99,2025-09-28,74,
506,269,34,Instagram,2026-08-07,Prospecção,10,79023.25,,,
507,270,38,WhatsApp,2026-05-20,Prospecção,10,122287.60,,,
508,272,28,WhatsApp,2024-11-09,Fechado ganho,100,85233.47,2025-01-05,57,
509,272,28,Inbound site,2026-08-21,Negociação,75,57978.11,,,
510,272,28,WhatsApp,2025-09-16,Qualificação,25,5029.36,,,
511,272,28,Feira de beleza,2024-10-21,Fechado ganho,100,9147.30,2025-01-03,74,
512,274,30,Prospecção ativa,2025-07-24,Fechado ganho,100,12595.22,2025-09-30,68,
513,275,29,Indicação,2024-10-12,Fechado ganho,100,77741.42,2024-12-18,67,
514,275,29,Inbound site,2025-06-09,Proposta enviada,50,79512.65,,,
515,275,29,Instagram,2025-04-26,Fechado perdido,0,28343.80,2025-06-03,38,Já compra de outro importador
516,275,29,Feira de beleza,2025-09-10,Qualificação,25,94392.76,,,
517,276,23,Instagram,2026-05-20,Fechado ganho,100,19465.27,2026-06-27,38,
518,277,29,WhatsApp,2026-04-01,Fechado perdido,0,74812.00,2026-05-12,41,Sem contato
519,277,29,Instagram,2026-04-29,Qualificação,25,16618.33,,,
520,278,20,Instagram,2026-05-27,Fechado ganho,100,70333.64,2026-06-02,6,
521,279,7,Indicação,2025-06-02,Qualificação,25,38396.69,,,
522,279,7,Reativação,2024-09-16,Negociação,75,23016.45,,,
523,280,39,Inbound site,2025-03-23,Prospecção,10,58324.68,,,
524,280,25,Indicação,2026-04-03,Negociação,75,11896.21,,,
525,280,39,Instagram,2025-10-28,Qualificação,25,66105.70,,,
526,282,6,Reativação,2026-04-02,Qualificação,25,71896.23,,,
527,282,6,Reativação,2025-08-15,Fechado perdido,0,47413.06,2025-10-21,67,Sem contato
528,282,6,Prospecção ativa,2025-10-18,Fechado ganho,100,68108.73,2025-12-22,65,
529,282,6,Indicação,2025-03-24,Prospecção,10,70310.65,,,
530,282,6,Prospecção ativa,2026-03-20,Fechado ganho,100,44404.26,2026-05-15,56,
531,282,6,Indicação,2025-01-12,Fechado perdido,0,3100.96,2025-02-26,45,Já compra de outro importador
532,283,9,Feira de beleza,2026-01-05,Prospecção,10,7907.23,,,
533,283,23,Prospecção ativa,2025-08-02,Qualificação,25,31610.66,,,
534,283,23,Reativação,2025-07-31,Fechado ganho,100,86243.60,2025-10-05,66,
535,284,39,Instagram,2025-10-24,Negociação,75,92472.19,,,
536,284,39,Prospecção ativa,2026-07-11,Prospecção,10,30414.38,,,
537,284,39,Reativação,2025-02-11,Negociação,75,32475.89,,,
538,284,39,Indicação,2026-06-24,Fechado ganho,100,52217.77,2026-08-18,55,
539,286,37,Reativação,2025-05-02,Fechado perdido,0,40498.70,2025-05-08,6,Prazo de entrega
540,287,35,WhatsApp,2026-05-18,Negociação,75,18458.11,,,
541,288,38,Instagram,2025-07-28,Prospecção,10,67008.09,,,
542,289,39,Feira de beleza,2025-10-09,Fechado perdido,0,22421.14,2025-11-11,33,Preço acima do concorrente
543,290,41,WhatsApp,2025-07-30,Fechado ganho,100,64443.26,2025-08-22,23,
544,292,34,Feira de beleza,2026-06-14,Fechado ganho,100,18020.99,2026-07-23,39,
545,292,7,Feira de beleza,2025-09-12,Fechado perdido,0,69182.48,2025-09-30,18,Sem contato
546,292,34,Instagram,2026-08-27,Negociação,75,7312.35,,,
547,293,25,Reativação,2026-02-19,Prospecção,10,56419.31,,,
548,293,31,Feira de beleza,2026-05-15,Fechado ganho,100,60022.78,2026-05-22,7,
549,293,31,WhatsApp,2026-05-17,Fechado ganho,100,46826.97,2026-07-17,61,
550,294,5,Feira de beleza,2025-11-27,Fechado ganho,100,13190.94,2025-12-07,10,
551,294,5,Prospecção ativa,2025-07-12,Proposta enviada,50,44498.39,,,
552,295,34,WhatsApp,2025-06-21,Fechado perdido,0,59103.64,2025-07-09,18,Mix de fragrâncias não atende
553,295,34,Reativação,2025-03-28,Fechado ganho,100,49910.13,2025-04-02,5,
554,295,34,Indicação,2025-02-25,Proposta enviada,50,82471.58,,,
555,295,34,WhatsApp,2024-10-02,Fechado perdido,0,92653.44,2024-11-20,49,Sem verba no momento
556,296,17,WhatsApp,2025-01-28,Prospecção,10,39742.30,,,
557,297,30,Indicação,2026-03-06,Negociação,75,24363.55,,,
558,297,30,Inbound site,2025-05-29,Prospecção,10,60982.30,,,
559,297,30,Instagram,2024-11-10,Prospecção,10,17396.15,,,
560,298,36,Feira de beleza,2024-12-28,Proposta enviada,50,62966.09,,,
561,298,36,Reativação,2025-05-24,Prospecção,10,167340.05,,,
562,299,41,Inbound site,2024-09-01,Negociação,75,12275.79,,,
563,299,41,Inbound site,2026-07-04,Proposta enviada,50,51299.00,,,
564,300,29,Instagram,2024-12-06,Fechado ganho,100,31621.06,2024-12-27,21,
565,301,23,Feira de beleza,2025-05-01,Fechado ganho,100,36547.90,2025-05-13,12,
566,301,23,Feira de beleza,2025-11-16,Fechado perdido,0,36322.72,2025-12-06,20,Sem contato
567,301,23,Reativação,2024-11-16,Negociação,75,85008.96,,,
568,302,14,Indicação,2025-10-02,Proposta enviada,50,78164.54,,,
569,303,7,Prospecção ativa,2024-10-02,Negociação,75,27944.13,,,
570,303,27,Reativação,2026-06-30,Negociação,75,32073.52,,,
571,305,12,Instagram,2026-08-27,Negociação,75,68516.73,,,
572,305,12,Reativação,2025-10-06,Prospecção,10,55243.79,,,
573,305,12,Indicação,2025-08-21,Fechado ganho,100,82647.54,2025-11-02,73,
574,305,12,Indicação,2026-07-29,Negociação,75,70242.72,,,
575,306,35,WhatsApp,2026-06-24,Fechado perdido,0,86863.09,2026-07-04,10,Sem contato
576,307,25,Reativação,2026-04-17,Negociação,75,48252.44,,,
577,307,25,WhatsApp,2026-08-25,Negociação,75,6229.18,,,
578,308,30,Reativação,2026-08-12,Negociação,75,9649.68,,,
579,309,1,Inbound site,2025-08-23,Proposta enviada,50,44996.35,,,
580,309,1,Inbound site,2025-04-26,Proposta enviada,50,59657.13,,,
581,309,1,Feira de beleza,2025-09-26,Fechado ganho,100,90130.90,2025-11-22,57,
582,310,18,WhatsApp,2025-09-06,Fechado ganho,100,69442.45,2025-10-15,39,
583,310,18,Inbound site,2025-05-14,Negociação,75,27925.69,,,
584,310,18,Prospecção ativa,2025-11-03,Prospecção,10,8695.48,,,
585,310,18,Inbound site,2025-04-06,Qualificação,25,48670.64,,,
586,312,24,Inbound site,2026-08-16,Qualificação,25,33236.85,,,
587,312,24,Prospecção ativa,2026-03-19,Fechado ganho,100,45493.06,2026-04-28,40,
588,313,15,Reativação,2025-07-12,Qualificação,25,84509.14,,,
589,315,1,Inbound site,2025-04-08,Fechado ganho,100,71890.29,2025-04-27,19,
590,315,1,Prospecção ativa,2025-09-29,Fechado ganho,100,129657.79,2025-10-27,28,
591,315,1,Reativação,2026-02-20,Proposta enviada,50,159355.48,,,
592,315,1,Prospecção ativa,2025-06-20,Negociação,75,155497.59,,,
593,316,32,Indicação,2025-11-26,Fechado ganho,100,14768.20,2026-01-19,54,
594,316,32,Feira de beleza,2025-07-30,Proposta enviada,50,75121.48,,,
595,316,32,Reativação,2026-06-16,Qualificação,25,68296.89,,,
596,316,32,Indicação,2026-02-28,Qualificação,25,23798.54,,,
597,316,32,WhatsApp,2025-12-19,Prospecção,10,30675.62,,,
598,316,32,WhatsApp,2025-09-28,Fechado ganho,100,32908.35,2025-11-02,35,
599,317,18,WhatsApp,2025-06-01,Proposta enviada,50,107287.85,,,
600,318,33,Feira de beleza,2026-04-18,Qualificação,25,93913.23,,,
601,318,33,Instagram,2026-06-10,Fechado perdido,0,91662.78,2026-06-30,20,Mix de fragrâncias não atende
602,318,33,Inbound site,2026-03-04,Proposta enviada,50,7289.70,,,
603,319,5,Prospecção ativa,2026-08-12,Qualificação,25,50157.48,,,
604,319,5,Reativação,2025-10-11,Prospecção,10,55557.90,,,
605,322,16,Instagram,2025-03-17,Negociação,75,6958.02,,,
606,324,34,Indicação,2025-10-08,Qualificação,25,45617.26,,,
607,324,34,Reativação,2026-07-01,Fechado ganho,100,81044.63,2026-08-11,41,
608,324,34,Inbound site,2025-07-25,Proposta enviada,50,38140.12,,,
609,325,23,WhatsApp,2026-04-18,Negociação,75,36176.64,,,
610,326,14,Feira de beleza,2026-06-15,Fechado perdido,0,25237.11,2026-08-16,62,Fechou com concorrente
611,326,14,Reativação,2025-01-17,Proposta enviada,50,77790.71,,,
612,327,40,Reativação,2024-09-11,Fechado perdido,0,75414.80,2024-11-01,51,Mix de fragrâncias não atende
613,328,42,Reativação,2026-08-01,Prospecção,10,18336.04,,,
614,328,42,Inbound site,2026-07-14,Qualificação,25,25912.08,,,
615,328,42,Reativação,2026-08-18,Fechado ganho,100,59688.48,2026-08-28,10,
616,329,40,Instagram,2025-04-12,Fechado ganho,100,48132.09,2025-04-21,9,
617,330,31,Prospecção ativa,2025-05-31,Fechado perdido,0,80837.45,2025-07-07,37,Sem contato
618,330,17,Feira de beleza,2026-02-02,Negociação,75,75052.31,,,
619,330,31,Instagram,2025-05-02,Qualificação,25,15208.66,,,
620,330,31,Inbound site,2024-11-27,Qualificação,25,48729.28,,,
621,331,7,Instagram,2024-09-22,Negociação,75,52380.31,,,
622,331,7,Instagram,2026-06-16,Prospecção,10,77630.38,,,
623,332,28,WhatsApp,2024-12-24,Fechado ganho,100,20101.38,2025-02-01,39,
624,333,18,Feira de beleza,2026-07-30,Negociação,75,80986.46,,,
625,333,18,Feira de beleza,2026-05-15,Fechado ganho,100,36897.23,2026-07-11,57,
626,333,18,Feira de beleza,2025-12-14,Prospecção,10,94587.71,,,
627,333,18,Indicação,2026-08-09,Qualificação,25,103622.26,,,
628,334,40,Instagram,2026-07-17,Qualificação,25,56301.36,,,
629,334,40,WhatsApp,2026-08-07,Qualificação,25,50530.56,,,
630,334,40,Reativação,2025-09-13,Proposta enviada,50,41684.89,,,
631,335,22,Indicação,2024-11-17,Negociação,75,50684.58,,,
632,335,22,Indicação,2025-04-30,Fechado perdido,0,92693.01,2025-05-18,18,Já compra de outro importador
633,336,42,Reativação,2025-04-26,Negociação,75,23583.32,,,
634,336,42,Indicação,2025-08-23,Fechado ganho,100,58605.26,2025-09-16,24,
635,336,42,Instagram,2024-10-03,Qualificação,25,39399.12,,,
636,337,2,Instagram,2026-08-28,Negociação,75,11915.82,,,
637,337,2,Prospecção ativa,2026-04-04,Prospecção,10,80631.89,,,
638,338,17,Indicação,2026-02-06,Proposta enviada,50,6933.15,,,
639,338,17,Indicação,2026-02-26,Fechado ganho,100,46021.97,2026-04-14,47,
640,339,14,Indicação,2026-01-17,Fechado ganho,100,48192.34,2026-03-18,60,
641,339,14,WhatsApp,2026-07-30,Qualificação,25,47534.54,,,
642,340,35,Feira de beleza,2025-01-05,Fechado ganho,100,48577.60,2025-03-01,55,
643,340,35,WhatsApp,2025-06-11,Prospecção,10,93788.60,,,
644,341,22,Inbound site,2025-07-10,Fechado perdido,0,66074.02,2025-08-01,22,Preço acima do concorrente
645,343,3,Feira de beleza,2024-12-02,Proposta enviada,50,53418.75,,,
646,344,29,Inbound site,2024-12-08,Qualificação,25,75393.03,,,
647,345,2,Reativação,2026-05-30,Qualificação,25,38255.63,,,
648,345,2,Instagram,2026-08-27,Negociação,75,37350.27,,,
649,346,17,Feira de beleza,2026-01-06,Proposta enviada,50,17623.45,,,
650,346,17,Prospecção ativa,2026-05-23,Prospecção,10,88472.83,,,
651,346,17,Instagram,2024-09-06,Qualificação,25,11763.62,,,
652,346,17,Instagram,2025-07-13,Negociação,75,68253.39,,,
653,347,24,Prospecção ativa,2024-11-21,Proposta enviada,50,57491.86,,,
654,347,24,Instagram,2025-07-08,Fechado ganho,100,76151.58,2025-07-24,16,
655,348,3,Prospecção ativa,2025-09-18,Fechado perdido,0,93167.74,2025-11-10,53,Sem contato
656,348,3,Instagram,2025-03-02,Proposta enviada,50,132648.53,,,
657,348,3,Reativação,2025-07-31,Proposta enviada,50,94687.15,,,
658,349,30,Indicação,2025-01-11,Fechado perdido,0,16976.56,2025-03-18,66,Preço acima do concorrente
659,350,31,Instagram,2026-01-30,Negociação,75,151401.35,,,
660,351,18,Indicação,2024-10-10,Fechado ganho,100,92159.66,2024-10-27,17,
661,353,10,Reativação,2025-05-02,Prospecção,10,38154.51,,,
662,353,10,Instagram,2026-07-25,Fechado perdido,0,47889.74,2026-07-29,4,Já compra de outro importador
663,353,10,Prospecção ativa,2026-07-27,Negociação,75,75910.34,,,
664,353,10,Feira de beleza,2025-10-01,Fechado ganho,100,47744.33,2025-12-14,74,
665,354,39,Instagram,2025-11-09,Qualificação,25,39520.88,,,
666,354,16,Inbound site,2024-10-28,Prospecção,10,72134.23,,,
667,354,39,Indicação,2025-11-13,Proposta enviada,50,73094.14,,,
668,354,39,WhatsApp,2025-06-21,Proposta enviada,50,67372.65,,,
669,354,39,Reativação,2025-07-31,Fechado perdido,0,18363.13,2025-10-14,75,Fechou com concorrente
670,354,39,Indicação,2025-10-04,Qualificação,25,92081.35,,,
671,355,19,Prospecção ativa,2025-04-04,Negociação,75,28480.96,,,
672,356,34,Reativação,2025-03-20,Qualificação,25,42836.71,,,
673,357,35,Feira de beleza,2026-03-07,Fechado ganho,100,15429.22,2026-03-27,20,
674,357,35,Feira de beleza,2025-12-21,Fechado perdido,0,59900.06,2026-02-01,42,Mix de fragrâncias não atende
675,358,23,Reativação,2025-10-12,Proposta enviada,50,37196.29,,,
676,358,23,Feira de beleza,2024-09-15,Fechado perdido,0,52882.32,2024-10-25,40,Pediu exclusividade de marca
677,358,23,WhatsApp,2026-01-17,Proposta enviada,50,4100.76,,,
678,358,23,Indicação,2026-04-16,Negociação,75,31552.31,,,
679,359,30,Reativação,2026-04-15,Fechado perdido,0,37121.01,2026-06-09,55,Preço acima do concorrente
680,359,30,Prospecção ativa,2025-11-03,Proposta enviada,50,86352.21,,,
681,360,7,Prospecção ativa,2026-07-07,Qualificação,25,19428.12,,,
682,361,12,Prospecção ativa,2025-11-01,Negociação,75,44538.51,,,
683,361,12,Instagram,2025-11-18,Fechado perdido,0,69470.85,2026-01-01,44,Fechou com concorrente
684,362,28,Reativação,2025-09-10,Fechado ganho,100,37382.57,2025-09-13,3,
685,363,41,WhatsApp,2025-09-17,Negociação,75,131935.90,,,
686,363,41,Feira de beleza,2025-08-09,Proposta enviada,50,25423.17,,,
687,363,41,Indicação,2025-05-01,Prospecção,10,47319.91,,,
688,364,29,Instagram,2025-06-22,Proposta enviada,50,84951.36,,,
689,365,33,Reativação,2026-04-11,Fechado ganho,100,75931.22,2026-04-16,5,
690,366,34,Prospecção ativa,2026-07-09,Negociação,75,47284.05,,,
691,366,34,Indicação,2026-08-04,Negociação,75,14380.82,,,
692,366,34,Feira de beleza,2026-06-16,Fechado perdido,0,42531.61,2026-07-04,18,Mix de fragrâncias não atende
693,366,34,Indicação,2025-01-11,Qualificação,25,84172.06,,,
694,366,34,Inbound site,2025-08-09,Proposta enviada,50,40990.29,,,
695,366,34,Prospecção ativa,2025-05-05,Fechado ganho,100,30273.21,2025-07-13,69,
696,367,17,Prospecção ativa,2025-10-05,Fechado ganho,100,20193.26,2025-10-15,10,
697,368,10,Inbound site,2024-11-20,Qualificação,25,82950.15,,,
698,369,19,Reativação,2025-08-31,Fechado ganho,100,86077.64,2025-11-13,74,
699,369,19,Reativação,2025-05-09,Fechado ganho,100,29907.78,2025-06-03,25,
700,369,19,Prospecção ativa,2025-07-05,Proposta enviada,50,72021.20,,,
701,369,19,Reativação,2025-04-05,Negociação,75,24786.74,,,
702,370,30,WhatsApp,2025-12-29,Fechado perdido,0,42834.78,2026-03-12,73,Preço acima do concorrente
703,370,30,Reativação,2024-12-13,Qualificação,25,32939.39,,,
704,372,28,Indicação,2026-03-14,Proposta enviada,50,86114.34,,,
705,372,28,Indicação,2025-09-11,Prospecção,10,45018.77,,,
706,372,36,Reativação,2025-01-17,Proposta enviada,50,88292.91,,,
707,373,23,Reativação,2025-09-09,Fechado ganho,100,59313.86,2025-10-04,25,
708,374,10,Reativação,2025-04-20,Qualificação,25,57722.51,,,
709,374,10,Indicação,2025-01-19,Fechado ganho,100,24272.19,2025-02-17,29,
710,374,13,Instagram,2026-07-20,Fechado ganho,100,78861.86,2026-08-25,36,
711,374,10,Reativação,2024-10-28,Proposta enviada,50,168314.84,,,
712,375,35,Prospecção ativa,2026-07-09,Negociação,75,59283.49,,,
713,377,23,Instagram,2025-05-13,Prospecção,10,39558.91,,,
714,377,8,Reativação,2026-06-05,Qualificação,25,10627.10,,,
715,378,26,Prospecção ativa,2024-11-02,Fechado ganho,100,20171.20,2024-11-29,27,
716,378,26,Indicação,2026-06-25,Negociação,75,89728.93,,,
717,378,26,Prospecção ativa,2025-04-23,Fechado ganho,100,78693.77,2025-05-05,12,
718,379,5,Prospecção ativa,2026-05-11,Fechado ganho,100,46402.03,2026-07-05,55,
719,379,5,Prospecção ativa,2026-07-28,Negociação,75,64129.60,,,
720,379,5,Inbound site,2026-05-15,Proposta enviada,50,14857.35,,,
721,381,19,Indicação,2025-10-29,Qualificação,25,81508.42,,,
722,382,20,Inbound site,2024-11-26,Qualificação,25,78717.93,,,
723,382,20,Reativação,2025-04-03,Proposta enviada,50,4711.54,,,
724,384,14,Feira de beleza,2025-12-18,Negociação,75,55226.20,,,
725,385,13,Reativação,2025-10-24,Qualificação,25,69660.15,,,
726,385,13,WhatsApp,2025-02-02,Negociação,75,92751.61,,,
727,386,16,WhatsApp,2026-02-09,Negociação,75,57543.93,,,
728,386,23,Reativação,2025-07-14,Proposta enviada,50,14943.63,,,
729,386,23,Reativação,2025-05-12,Fechado perdido,0,87456.17,2025-07-23,72,Sem verba no momento
730,386,23,Prospecção ativa,2025-10-20,Proposta enviada,50,76486.03,,,
731,387,24,Instagram,2025-04-19,Qualificação,25,19522.99,,,
732,388,30,Indicação,2025-11-13,Negociação,75,14984.78,,,
733,390,36,Indicação,2025-03-10,Negociação,75,43532.18,,,
734,391,21,Instagram,2026-01-06,Prospecção,10,26739.67,,,
735,392,30,Indicação,2024-12-05,Fechado perdido,0,39212.53,2024-12-16,11,Prazo de entrega
736,394,37,Instagram,2025-03-29,Prospecção,10,78649.16,,,
737,394,37,Feira de beleza,2026-02-07,Negociação,75,148120.92,,,
738,395,42,Indicação,2025-09-09,Fechado perdido,0,54835.38,2025-10-06,27,Preço acima do concorrente
739,395,42,WhatsApp,2026-05-15,Fechado perdido,0,8939.60,2026-05-26,11,Fechou com concorrente
740,396,33,Instagram,2026-05-29,Prospecção,10,94294.01,,,
741,396,33,Reativação,2025-01-29,Prospecção,10,32152.01,,,
742,396,33,Instagram,2025-06-25,Prospecção,10,75800.93,,,
743,398,7,Feira de beleza,2025-06-18,Fechado perdido,0,7245.02,2025-08-01,44,Sem contato
744,399,31,Indicação,2026-05-02,Fechado ganho,100,72603.57,2026-07-10,69,
745,399,31,Feira de beleza,2026-04-04,Fechado ganho,100,58362.92,2026-04-10,6,
746,400,8,Reativação,2026-02-07,Fechado perdido,0,115242.71,2026-03-18,39,Sem contato
747,400,8,Prospecção ativa,2025-06-25,Fechado ganho,100,155180.22,2025-08-21,57,
748,401,17,Indicação,2024-10-05,Qualificação,25,7558.27,,,
749,401,17,Prospecção ativa,2025-04-01,Fechado ganho,100,59751.28,2025-05-20,49,
750,401,17,Instagram,2025-06-05,Fechado ganho,100,23843.19,2025-06-25,20,
751,401,17,Inbound site,2024-10-23,Prospecção,10,19331.88,,,
752,401,17,Indicação,2025-09-06,Proposta enviada,50,15575.48,,,
753,401,17,Instagram,2025-02-09,Fechado perdido,0,75677.12,2025-04-01,51,Sem verba no momento
754,402,6,Reativação,2025-03-19,Qualificação,25,45831.12,,,
755,402,6,Prospecção ativa,2026-07-13,Proposta enviada,50,74423.40,,,
756,404,8,Prospecção ativa,2025-02-17,Fechado ganho,100,38169.01,2025-04-22,64,
757,404,8,Prospecção ativa,2026-08-13,Negociação,75,15276.20,,,
758,404,8,Indicação,2025-05-27,Fechado ganho,100,70797.19,2025-06-12,16,
759,405,36,Instagram,2026-08-16,Proposta enviada,50,68131.95,,,
760,405,36,WhatsApp,2026-06-25,Negociação,75,56055.11,,,
761,405,36,Feira de beleza,2026-08-13,Negociação,75,19217.46,,,
762,406,33,Feira de beleza,2026-08-21,Qualificação,25,62708.94,,,
763,407,8,Feira de beleza,2026-02-12,Qualificação,25,84575.39,,,
764,407,8,Feira de beleza,2025-03-26,Proposta enviada,50,115686.26,,,
765,407,8,WhatsApp,2026-08-20,Negociação,75,8200.51,,,
766,408,38,Prospecção ativa,2026-08-25,Negociação,75,12620.17,,,
767,408,38,Reativação,2025-01-08,Qualificação,25,44405.13,,,
768,408,38,Inbound site,2026-08-27,Negociação,75,63866.36,,,
769,409,1,Feira de beleza,2026-03-17,Prospecção,10,87266.14,,,
770,409,1,Indicação,2024-11-15,Negociação,75,49825.91,,,
771,410,1,Instagram,2025-08-24,Prospecção,10,22712.86,,,
772,410,1,Prospecção ativa,2025-11-23,Proposta enviada,50,42333.26,,,
773,411,4,Prospecção ativa,2025-05-28,Qualificação,25,17331.54,,,
774,411,4,WhatsApp,2025-01-12,Qualificação,25,94268.92,,,
775,411,38,Prospecção ativa,2025-09-26,Fechado ganho,100,76578.51,2025-10-21,25,
776,411,38,Reativação,2026-01-17,Fechado ganho,100,43868.82,2026-03-16,58,
777,412,39,Instagram,2026-01-24,Qualificação,25,27008.65,,,
778,413,38,Instagram,2025-11-17,Fechado ganho,100,67224.23,2026-01-05,49,
779,413,38,Indicação,2025-07-28,Qualificação,25,57624.58,,,
780,413,38,WhatsApp,2025-08-24,Fechado ganho,100,72360.26,2025-09-17,24,
781,413,38,Feira de beleza,2025-07-17,Proposta enviada,50,54765.20,,,
782,414,37,Prospecção ativa,2026-02-13,Fechado perdido,0,92028.47,2026-04-13,59,Sem contato
783,414,37,Indicação,2026-04-08,Proposta enviada,50,124967.82,,,
784,415,36,Inbound site,2026-04-18,Prospecção,10,103771.54,,,
785,415,36,Feira de beleza,2025-10-22,Proposta enviada,50,73977.57,,,
786,417,14,Prospecção ativa,2024-11-23,Fechado ganho,100,33563.04,2024-12-23,30,
787,419,29,Feira de beleza,2026-06-06,Negociação,75,13737.06,,,
788,419,29,Indicação,2025-11-22,Fechado ganho,100,43678.74,2025-12-11,19,
789,419,29,Instagram,2026-02-06,Proposta enviada,50,27077.51,,,
790,420,5,Instagram,2026-01-18,Fechado ganho,100,75711.21,2026-01-23,5,
791,420,5,Prospecção ativa,2025-12-07,Negociação,75,71455.56,,,
792,420,5,Inbound site,2024-09-03,Fechado ganho,100,94978.35,2024-10-05,32,
793,421,30,Reativação,2026-02-27,Fechado ganho,100,75262.17,2026-05-11,73,
794,421,30,Inbound site,2026-04-25,Fechado perdido,0,60646.19,2026-05-23,28,Sem verba no momento
795,421,30,Prospecção ativa,2025-12-07,Proposta enviada,50,33743.49,,,
796,422,4,Prospecção ativa,2025-07-22,Prospecção,10,52357.81,,,
797,422,4,WhatsApp,2025-11-16,Fechado perdido,0,70375.69,2025-12-20,34,Sem contato
798,423,24,Instagram,2024-12-26,Fechado perdido,0,72191.08,2025-01-13,18,Prazo de entrega
799,423,24,Indicação,2025-06-07,Prospecção,10,75020.26,,,
800,423,24,Indicação,2026-06-05,Prospecção,10,128003.74,,,
801,423,24,Instagram,2024-12-12,Fechado ganho,100,119624.49,2024-12-19,7,
802,423,24,Inbound site,2025-12-26,Qualificação,25,51536.50,,,
803,423,24,Instagram,2025-07-09,Fechado ganho,100,75776.75,2025-07-24,15,
804,424,41,Reativação,2025-06-01,Prospecção,10,8943.51,,,
805,425,11,Reativação,2026-07-07,Negociação,75,77572.92,,,
806,425,11,WhatsApp,2025-10-17,Fechado ganho,100,79757.19,2025-11-15,29,
807,425,11,Indicação,2026-07-12,Prospecção,10,58338.70,,,
808,425,11,Inbound site,2025-05-28,Negociação,75,70270.73,,,
809,425,11,Instagram,2025-04-26,Proposta enviada,50,4532.63,,,
810,425,11,Feira de beleza,2026-08-04,Negociação,75,41495.85,,,
811,426,11,Indicação,2025-05-18,Negociação,75,31253.26,,,
812,426,11,WhatsApp,2026-08-02,Prospecção,10,57662.89,,,
813,427,26,Prospecção ativa,2025-12-09,Qualificação,25,76823.20,,,
814,427,26,Inbound site,2025-11-18,Fechado perdido,0,9208.44,2025-11-21,3,Já compra de outro importador
815,428,38,Prospecção ativa,2025-12-03,Negociação,75,65574.84,,,
816,428,38,Instagram,2026-05-28,Negociação,75,92938.34,,,
817,431,10,Feira de beleza,2025-07-25,Negociação,75,13140.90,,,
818,431,10,Prospecção ativa,2025-12-13,Fechado perdido,0,84981.82,2025-12-30,17,Sem contato
819,431,10,Indicação,2024-12-17,Fechado perdido,0,13213.97,2025-01-11,25,Sem verba no momento
820,432,32,Prospecção ativa,2025-05-15,Negociação,75,7949.51,,,
821,432,32,Prospecção ativa,2024-09-25,Proposta enviada,50,8172.45,,,
822,432,32,Indicação,2024-09-19,Prospecção,10,33603.98,,,
823,432,32,Reativação,2025-08-25,Prospecção,10,87347.39,,,
824,433,33,Inbound site,2026-04-10,Qualificação,25,63412.73,,,
825,434,20,Instagram,2026-06-25,Prospecção,10,86917.83,,,
826,434,20,Indicação,2026-06-24,Fechado perdido,0,92555.03,2026-08-30,67,Sem contato
827,436,33,Feira de beleza,2025-02-27,Qualificação,25,21102.00,,,
828,436,16,WhatsApp,2025-06-28,Fechado perdido,0,78077.92,2025-08-13,46,Pediu exclusividade de marca
829,436,33,Instagram,2025-05-11,Fechado perdido,0,2917.50,2025-06-07,27,Mix de fragrâncias não atende
830,436,16,Indicação,2025-09-15,Negociação,75,39494.14,,,
831,436,16,WhatsApp,2026-06-29,Fechado ganho,100,25568.96,2026-07-04,5,
832,436,16,Instagram,2026-06-20,Proposta enviada,50,15524.59,,,
833,437,5,Inbound site,2026-07-11,Fechado ganho,100,95320.28,2026-08-13,33,
834,437,5,Prospecção ativa,2026-02-03,Fechado ganho,100,63509.26,2026-03-09,34,
835,437,5,Inbound site,2025-05-16,Negociação,75,44846.42,,,
836,437,5,Instagram,2025-07-04,Proposta enviada,50,80113.43,,,
837,440,9,Prospecção ativa,2024-09-05,Prospecção,10,70306.22,,,
838,441,12,Instagram,2025-04-01,Negociação,75,33122.89,,,
839,442,27,Feira de beleza,2024-09-18,Negociação,75,84535.92,,,
840,442,27,Inbound site,2025-01-06,Negociação,75,31951.65,,,
841,442,27,WhatsApp,2025-02-23,Proposta enviada,50,79639.90,,,
842,443,13,Feira de beleza,2025-08-27,Qualificação,25,73525.81,,,
843,443,13,Feira de beleza,2024-09-09,Fechado ganho,100,4436.51,2024-10-08,29,
844,444,19,Prospecção ativa,2026-02-14,Prospecção,10,27243.27,,,
845,449,35,Prospecção ativa,2025-02-03,Fechado perdido,0,28880.72,2025-03-18,43,Prazo de entrega
846,449,35,WhatsApp,2024-12-11,Fechado ganho,100,82193.14,2024-12-30,19,
847,449,35,Indicação,2025-11-11,Fechado ganho,100,61143.39,2025-12-10,29,
848,450,42,Reativação,2025-02-17,Prospecção,10,139292.68,,,
849,451,17,Feira de beleza,2024-12-24,Fechado ganho,100,39155.11,2025-02-26,64,
850,451,17,Inbound site,2025-05-14,Fechado perdido,0,35187.93,2025-07-12,59,Preço acima do concorrente
851,452,20,Instagram,2026-01-03,Qualificação,25,86550.24,,,
852,452,20,Instagram,2025-05-29,Qualificação,25,72149.46,,,
853,452,20,Inbound site,2025-10-15,Fechado perdido,0,23128.20,2025-12-23,69,Preço acima do concorrente
854,452,20,Instagram,2025-07-31,Prospecção,10,3019.96,,,
855,453,25,WhatsApp,2025-12-11,Fechado ganho,100,81381.46,2026-02-18,69,
856,454,20,Feira de beleza,2025-04-01,Proposta enviada,50,78505.45,,,
857,456,13,Inbound site,2024-09-09,Negociação,75,88297.77,,,
858,456,13,Reativação,2025-08-31,Fechado ganho,100,38661.12,2025-09-22,22,
859,456,13,Instagram,2025-08-16,Fechado ganho,100,90278.18,2025-09-11,26,
860,456,13,Inbound site,2026-07-04,Fechado ganho,100,18799.82,2026-07-17,13,
861,457,36,Instagram,2026-08-31,Prospecção,10,13582.85,,,
862,457,32,WhatsApp,2025-10-23,Negociação,75,44578.66,,,
863,457,32,Inbound site,2026-01-09,Proposta enviada,50,6692.93,,,
864,458,42,Instagram,2026-01-20,Prospecção,10,93349.79,,,
865,458,42,WhatsApp,2025-12-27,Fechado ganho,100,34912.57,2026-01-06,10,
866,458,42,Inbound site,2025-12-31,Fechado perdido,0,81190.33,2026-01-28,28,Já compra de outro importador
867,458,42,WhatsApp,2026-05-25,Prospecção,10,55643.86,,,
868,461,4,Prospecção ativa,2025-10-09,Proposta enviada,50,13945.54,,,
869,462,28,Instagram,2025-03-29,Qualificação,25,29621.70,,,
870,462,28,Prospecção ativa,2026-01-12,Proposta enviada,50,26623.71,,,
871,462,28,Reativação,2026-04-19,Prospecção,10,24517.74,,,
872,463,26,Prospecção ativa,2026-03-22,Fechado perdido,0,89127.09,2026-04-24,33,Mix de fragrâncias não atende
873,463,26,Reativação,2024-09-06,Negociação,75,20061.56,,,
874,463,26,Prospecção ativa,2026-01-25,Fechado ganho,100,62975.88,2026-03-29,63,
875,464,3,Prospecção ativa,2026-02-20,Fechado perdido,0,34311.16,2026-03-02,10,Pediu exclusividade de marca
876,465,2,Inbound site,2025-03-07,Negociação,75,87444.31,,,
877,466,26,Reativação,2025-02-26,Fechado ganho,100,42468.19,2025-04-10,43,
878,467,6,Indicação,2025-10-06,Fechado ganho,100,65976.54,2025-10-26,20,
879,467,6,WhatsApp,2024-10-21,Qualificação,25,41672.81,,,
880,468,3,Instagram,2026-07-05,Fechado ganho,100,72133.61,2026-08-27,53,
881,468,3,Reativação,2026-07-02,Fechado ganho,100,82507.19,2026-07-20,18,
882,470,21,Prospecção ativa,2024-11-28,Fechado ganho,100,67064.28,2024-12-01,3,
883,470,21,Indicação,2025-12-12,Fechado perdido,0,67681.24,2025-12-26,14,Pediu exclusividade de marca
884,470,21,Inbound site,2025-12-31,Proposta enviada,50,19373.05,,,
885,471,20,Feira de beleza,2024-12-22,Qualificação,25,88291.86,,,
886,471,20,Prospecção ativa,2025-11-01,Proposta enviada,50,78014.84,,,
887,471,20,Feira de beleza,2025-12-21,Prospecção,10,73243.39,,,
888,471,20,Feira de beleza,2025-06-25,Fechado perdido,0,46349.51,2025-08-12,48,Sem verba no momento
889,471,20,Reativação,2026-02-23,Fechado ganho,100,13253.32,2026-04-26,62,
890,471,20,WhatsApp,2026-01-31,Fechado perdido,0,45233.69,2026-03-15,43,Preço acima do concorrente
891,472,6,Prospecção ativa,2024-10-07,Prospecção,10,36680.51,,,
892,472,33,Instagram,2025-02-26,Negociação,75,75235.34,,,
893,473,15,Feira de beleza,2024-10-25,Prospecção,10,31075.10,,,
894,473,15,WhatsApp,2025-04-23,Fechado ganho,100,67446.65,2025-05-01,8,
895,474,38,Prospecção ativa,2025-12-15,Negociação,75,64546.52,,,
896,475,38,Prospecção ativa,2026-02-19,Proposta enviada,50,69894.75,,,
897,475,38,Indicação,2026-06-07,Qualificação,25,41983.24,,,
898,475,38,Reativação,2025-04-07,Qualificação,25,23272.53,,,
899,477,4,WhatsApp,2025-02-01,Qualificação,25,28672.79,,,
900,477,4,Instagram,2025-03-30,Fechado ganho,100,58853.97,2025-04-25,26,
901,477,4,Feira de beleza,2025-01-21,Fechado ganho,100,167217.76,2025-03-24,62,
902,478,35,Indicação,2026-05-29,Negociação,75,51583.65,,,
903,479,29,WhatsApp,2025-07-21,Fechado ganho,100,34347.22,2025-08-01,11,
904,479,29,Reativação,2025-04-03,Proposta enviada,50,51407.09,,,
905,479,29,Instagram,2025-02-19,Qualificação,25,67704.92,,,
906,479,29,Feira de beleza,2025-12-02,Negociação,75,68531.46,,,
907,480,24,Prospecção ativa,2026-06-25,Qualificação,25,89804.74,,,
908,480,24,Inbound site,2025-09-24,Fechado perdido,0,80089.66,2025-11-19,56,Pediu exclusividade de marca
909,480,24,Feira de beleza,2025-10-17,Fechado ganho,100,18358.71,2025-11-13,27,
910,480,24,Reativação,2026-06-04,Qualificação,25,81501.15,,,
911,480,24,Prospecção ativa,2026-01-26,Fechado perdido,0,60260.62,2026-03-13,46,Preço acima do concorrente
912,480,24,Indicação,2026-03-25,Qualificação,25,50586.37,,,
913,481,33,WhatsApp,2024-09-21,Fechado perdido,0,15037.85,2024-12-01,71,Preço acima do concorrente
914,481,33,Reativação,2025-01-27,Fechado perdido,0,56830.34,2025-02-08,12,Sem contato
915,481,33,Instagram,2025-10-27,Negociação,75,16254.88,,,
916,482,21,Instagram,2026-07-30,Prospecção,10,62583.84,,,
917,483,41,Instagram,2025-05-17,Qualificação,25,74272.21,,,
918,483,41,Inbound site,2024-10-05,Qualificação,25,37555.77,,,
919,483,41,Reativação,2025-07-09,Fechado ganho,100,75905.09,2025-07-14,5,
920,485,30,Prospecção ativa,2025-01-07,Prospecção,10,22158.85,,,
921,485,30,Feira de beleza,2025-04-27,Qualificação,25,57014.10,,,
922,485,30,Reativação,2025-09-09,Qualificação,25,16017.29,,,
923,485,30,Inbound site,2025-06-07,Fechado ganho,100,88322.19,2025-08-02,56,
924,486,38,Inbound site,2026-02-16,Proposta enviada,50,85294.92,,,
925,486,38,Feira de beleza,2024-10-23,Fechado ganho,100,33707.09,2024-12-29,67,
926,487,4,Reativação,2025-01-24,Negociação,75,73901.17,,,
927,487,4,Prospecção ativa,2025-09-24,Proposta enviada,50,54246.85,,,
928,487,4,Prospecção ativa,2025-07-24,Fechado ganho,100,6373.19,2025-09-23,61,
929,488,15,Instagram,2024-12-05,Negociação,75,28900.97,,,
930,489,16,WhatsApp,2026-04-12,Fechado ganho,100,87091.44,2026-05-22,40,
931,489,16,Feira de beleza,2026-06-30,Qualificação,25,55956.02,,,
932,491,27,Reativação,2025-07-27,Fechado perdido,0,61701.80,2025-08-08,12,Sem contato
933,491,27,Inbound site,2025-11-07,Prospecção,10,28158.63,,,
934,492,6,Prospecção ativa,2025-04-13,Qualificação,25,123491.72,,,
935,496,16,Inbound site,2025-04-10,Fechado ganho,100,46477.98,2025-06-14,65,
936,497,3,Indicação,2026-07-08,Fechado perdido,0,33687.16,2026-08-28,51,Prazo de entrega
937,499,17,Feira de beleza,2025-09-02,Negociação,75,89550.65,,,
938,499,17,Feira de beleza,2025-12-21,Proposta enviada,50,6114.54,,,
939,499,26,Reativação,2024-12-26,Negociação,75,93086.95,,,
940,499,17,Prospecção ativa,2025-12-07,Proposta enviada,50,9218.40,,,
941,500,2,Inbound site,2025-04-05,Fechado perdido,0,72360.83,2025-05-30,55,Mix de fragrâncias não atende
942,500,2,Inbound site,2025-07-25,Prospecção,10,80073.10,,,
943,501,28,Prospecção ativa,2026-06-09,Fechado ganho,100,14796.84,2026-06-23,14,
944,501,28,WhatsApp,2026-02-26,Qualificação,25,39228.07,,,
945,502,15,Instagram,2026-01-15,Fechado ganho,100,22468.66,2026-02-25,41,
946,502,15,Inbound site,2025-02-23,Fechado perdido,0,32834.79,2025-04-28,64,Sem contato
947,503,30,Indicação,2025-03-12,Prospecção,10,9101.46,,,
948,503,30,WhatsApp,2024-12-14,Qualificação,25,23582.96,,,
949,503,30,Reativação,2025-10-03,Fechado ganho,100,30402.03,2025-11-10,38,
950,504,26,WhatsApp,2025-11-10,Prospecção,10,80235.73,,,
951,504,26,Prospecção ativa,2025-03-01,Fechado ganho,100,58613.12,2025-03-09,8,
952,504,26,Indicação,2025-08-03,Qualificação,25,67313.85,,,
953,505,31,Prospecção ativa,2024-11-27,Prospecção,10,67760.20,,,
954,505,31,Inbound site,2025-03-20,Proposta enviada,50,46531.12,,,
955,506,27,Indicação,2025-06-22,Negociação,75,25735.80,,,
956,506,27,Inbound site,2026-06-07,Fechado ganho,100,89613.26,2026-07-15,38,
957,507,3,WhatsApp,2026-04-25,Fechado ganho,100,9908.65,2026-05-30,35,
958,507,25,Indicação,2025-04-11,Qualificação,25,16809.55,,,
959,507,3,Feira de beleza,2026-08-13,Qualificação,25,67832.40,,,
960,509,30,Inbound site,2025-03-04,Prospecção,10,35382.07,,,
961,511,37,Inbound site,2025-07-10,Fechado perdido,0,75756.27,2025-07-25,15,Sem contato
962,511,37,Indicação,2025-10-01,Negociação,75,54728.89,,,
963,511,37,Reativação,2025-03-24,Negociação,75,29410.03,,,
964,512,35,Inbound site,2024-10-17,Prospecção,10,66444.47,,,
965,512,35,Reativação,2025-07-28,Fechado ganho,100,67811.23,2025-09-05,39,
966,512,35,Inbound site,2025-07-15,Qualificação,25,116118.98,,,
967,512,35,Inbound site,2024-11-25,Negociação,75,162400.47,,,
968,513,21,Feira de beleza,2026-04-23,Negociação,75,59036.80,,,
969,513,21,WhatsApp,2025-11-09,Negociação,75,65582.03,,,
970,513,21,Indicação,2026-06-24,Proposta enviada,50,90169.60,,,
971,514,1,Prospecção ativa,2026-04-22,Fechado ganho,100,33391.77,2026-06-21,60,
972,514,1,Reativação,2026-05-28,Negociação,75,53611.21,,,
973,514,17,Prospecção ativa,2026-08-28,Negociação,75,3053.18,,,
974,514,1,Prospecção ativa,2026-04-14,Fechado ganho,100,25258.76,2026-06-05,52,
975,515,37,Prospecção ativa,2025-07-02,Negociação,75,21061.82,,,
976,515,37,Indicação,2025-04-15,Fechado ganho,100,84295.72,2025-05-05,20,
977,515,37,Indicação,2024-09-02,Qualificação,25,52672.19,,,
978,516,29,Instagram,2025-04-04,Qualificação,25,30818.04,,,
979,516,29,Indicação,2025-07-19,Fechado ganho,100,76892.75,2025-08-06,18,
980,516,29,Prospecção ativa,2024-10-08,Negociação,75,75137.16,,,
981,516,29,Prospecção ativa,2025-12-28,Negociação,75,50533.49,,,
982,516,29,WhatsApp,2025-07-29,Prospecção,10,55029.93,,,
983,516,29,Feira de beleza,2026-04-14,Qualificação,25,74001.03,,,
984,517,24,Instagram,2024-12-23,Fechado ganho,100,61292.88,2025-01-09,17,
985,517,24,Reativação,2026-06-01,Fechado perdido,0,73605.20,2026-06-19,18,Mix de fragrâncias não atende
986,518,17,Instagram,2026-07-21,Negociação,75,56856.43,,,
987,518,8,Instagram,2024-12-28,Prospecção,10,44012.88,,,
988,519,19,WhatsApp,2026-02-02,Fechado ganho,100,5905.36,2026-04-03,60,
989,519,19,Prospecção ativa,2025-01-02,Negociação,75,25567.14,,,
990,520,2,Inbound site,2026-07-12,Negociação,75,8767.06,,,
991,521,19,Feira de beleza,2026-02-03,Negociação,75,61011.39,,,
992,521,21,Instagram,2026-07-06,Qualificação,25,94690.17,,,
993,522,41,Indicação,2025-04-18,Fechado ganho,100,49750.54,2025-06-13,56,
994,522,41,Inbound site,2024-11-05,Proposta enviada,50,3587.92,,,
995,523,13,Inbound site,2025-07-26,Fechado ganho,100,165710.28,2025-08-21,26,
996,523,13,Instagram,2026-03-03,Prospecção,10,34028.48,,,
997,523,13,Prospecção ativa,2026-01-17,Fechado perdido,0,132610.88,2026-01-30,13,Preço acima do concorrente
998,524,8,Inbound site,2026-08-21,Negociação,75,2506.89,,,
999,524,8,Indicação,2026-05-27,Fechado ganho,100,20797.12,2026-07-13,47,
1000,524,8,Feira de beleza,2026-06-03,Prospecção,10,80356.36,,,
1001,525,4,Prospecção ativa,2024-11-18,Fechado ganho,100,53754.80,2024-12-16,28,
1002,525,4,Instagram,2025-02-24,Qualificação,25,89842.98,,,
1003,525,4,Prospecção ativa,2024-09-28,Qualificação,25,5027.24,,,
1004,525,25,Indicação,2026-03-02,Prospecção,10,87138.80,,,
1005,526,1,Feira de beleza,2026-08-17,Prospecção,10,80258.74,,,
1006,526,1,Reativação,2026-05-14,Qualificação,25,15269.35,,,
1007,528,6,Reativação,2024-12-30,Fechado ganho,100,60477.22,2025-03-03,63,
1008,529,27,Instagram,2025-01-07,Fechado ganho,100,90463.08,2025-02-28,52,
1009,529,3,Indicação,2025-12-06,Negociação,75,13921.35,,,
1010,529,27,Instagram,2025-05-29,Negociação,75,32481.48,,,
1011,529,3,WhatsApp,2026-08-24,Negociação,75,12731.68,,,
1012,530,40,Reativação,2024-11-22,Fechado ganho,100,87085.04,2025-01-17,56,
1013,530,40,Instagram,2025-10-18,Fechado ganho,100,74829.61,2025-10-21,3,
1014,532,6,Prospecção ativa,2026-04-14,Fechado ganho,100,74335.80,2026-06-26,73,
1015,532,6,Instagram,2024-09-25,Fechado ganho,100,57868.71,2024-09-30,5,
1016,533,20,Reativação,2024-09-18,Qualificação,25,93419.96,,,
1017,533,20,Indicação,2025-03-23,Fechado perdido,0,79049.29,2025-05-24,62,Preço acima do concorrente
1018,534,4,Inbound site,2024-12-20,Fechado ganho,100,90448.62,2025-02-20,62,
1019,534,20,Indicação,2026-01-04,Prospecção,10,39692.85,,,
1020,535,41,Inbound site,2025-08-31,Qualificação,25,31713.35,,,
1021,535,41,Reativação,2025-03-02,Prospecção,10,65746.40,,,
1022,535,41,Reativação,2025-03-03,Fechado ganho,100,63280.08,2025-03-10,7,
1023,537,9,Feira de beleza,2025-03-01,Negociação,75,33093.59,,,
1024,537,9,Inbound site,2024-12-12,Fechado ganho,100,59869.15,2025-01-12,31,
1025,537,24,Indicação,2026-04-28,Proposta enviada,50,71051.02,,,
1026,538,38,WhatsApp,2025-07-09,Fechado ganho,100,9823.83,2025-08-09,31,
1027,539,6,Prospecção ativa,2026-06-04,Prospecção,10,60671.12,,,
1028,539,6,Indicação,2025-09-14,Negociação,75,27599.49,,,
1029,539,6,Indicação,2026-08-27,Qualificação,25,66777.40,,,
1030,539,6,Reativação,2026-06-11,Fechado ganho,100,13095.55,2026-08-09,59,
1031,540,31,Feira de beleza,2025-12-20,Fechado ganho,100,19443.88,2026-02-08,50,
1032,540,31,Prospecção ativa,2025-07-14,Proposta enviada,50,17850.19,,,
1033,540,31,Reativação,2026-07-21,Proposta enviada,50,65464.88,,,
1034,540,31,Prospecção ativa,2025-05-14,Qualificação,25,19153.57,,,
1035,540,31,Inbound site,2025-03-17,Qualificação,25,27257.06,,,
1036,540,31,Prospecção ativa,2025-10-21,Negociação,75,76415.73,,,
1037,541,37,WhatsApp,2026-04-10,Fechado ganho,100,49168.78,2026-06-10,61,
1038,541,37,WhatsApp,2025-04-19,Fechado perdido,0,61161.79,2025-05-30,41,Prazo de entrega
1039,541,37,Feira de beleza,2025-05-22,Fechado perdido,0,131230.42,2025-06-09,18,Sem contato
1040,542,13,Feira de beleza,2026-08-09,Qualificação,25,28337.08,,,
1041,543,29,WhatsApp,2026-01-15,Fechado ganho,100,65610.41,2026-03-07,51,
1042,543,29,Reativação,2024-12-08,Fechado ganho,100,31684.25,2025-02-13,67,
1043,543,29,Inbound site,2024-09-12,Negociação,75,21237.25,,,
1044,544,34,WhatsApp,2026-06-21,Prospecção,10,83560.93,,,
1045,544,34,Reativação,2026-05-27,Fechado perdido,0,69629.74,2026-06-12,16,Sem verba no momento
1046,544,34,Feira de beleza,2026-05-17,Prospecção,10,88712.55,,,
1047,545,22,Indicação,2025-10-15,Fechado ganho,100,25666.49,2025-12-12,58,
1048,546,29,WhatsApp,2026-07-31,Proposta enviada,50,10066.15,,,
1049,546,29,Inbound site,2026-08-08,Qualificação,25,30265.28,,,
1050,548,40,Inbound site,2025-07-02,Qualificação,25,65302.72,,,
1051,548,40,WhatsApp,2026-03-14,Proposta enviada,50,26503.60,,,
1052,548,40,Inbound site,2025-07-21,Prospecção,10,81280.37,,,
1053,549,35,Inbound site,2025-08-24,Fechado ganho,100,38136.59,2025-09-25,32,
1054,549,5,Inbound site,2026-05-10,Proposta enviada,50,60168.67,,,
1055,550,32,Inbound site,2026-06-04,Proposta enviada,50,63513.90,,,
1056,550,32,Indicação,2026-03-29,Fechado perdido,0,67940.58,2026-05-06,38,Sem verba no momento
1057,550,32,WhatsApp,2025-12-14,Negociação,75,72971.23,,,
1058,550,32,Prospecção ativa,2026-01-25,Fechado ganho,100,75444.23,2026-03-31,65,
1059,552,12,Reativação,2025-06-20,Negociação,75,36067.11,,,
1060,552,12,Indicação,2025-09-29,Prospecção,10,63478.05,,,
1061,552,12,Prospecção ativa,2026-03-22,Prospecção,10,62945.81,,,
1062,552,12,WhatsApp,2025-02-25,Prospecção,10,30347.96,,,
1063,552,12,Inbound site,2024-09-09,Proposta enviada,50,89736.78,,,
1064,552,12,Indicação,2026-08-15,Prospecção,10,72254.39,,,
1065,553,21,Instagram,2026-05-17,Prospecção,10,83383.52,,,
1066,553,21,Inbound site,2025-12-22,Proposta enviada,50,36723.42,,,
1067,553,21,Feira de beleza,2025-12-06,Qualificação,25,51841.33,,,
1068,554,33,Inbound site,2026-08-17,Prospecção,10,48040.04,,,
1069,554,33,Indicação,2024-09-19,Fechado ganho,100,61349.85,2024-10-12,23,
1070,555,14,Inbound site,2026-06-17,Fechado ganho,100,56465.37,2026-07-29,42,
1071,555,14,Instagram,2026-06-03,Prospecção,10,25383.83,,,
1072,555,14,Inbound site,2026-07-01,Qualificação,25,3200.53,,,
1073,555,14,Prospecção ativa,2026-01-23,Qualificação,25,85836.75,,,
1074,557,6,Feira de beleza,2025-12-05,Fechado perdido,0,76691.38,2025-12-10,5,Fechou com concorrente
1075,557,6,Prospecção ativa,2026-06-29,Proposta enviada,50,62824.18,,,
1076,557,6,Prospecção ativa,2025-01-08,Negociação,75,27079.16,,,
1077,557,6,Indicação,2026-05-03,Proposta enviada,50,44429.90,,,
1078,557,6,Feira de beleza,2025-04-17,Qualificação,25,40984.54,,,
1079,557,6,Reativação,2025-06-10,Proposta enviada,50,51955.83,,,
1080,558,8,Prospecção ativa,2024-11-08,Fechado ganho,100,31888.67,2024-11-27,19,
1081,559,7,Reativação,2025-01-26,Proposta enviada,50,138515.58,,,
1082,560,12,Feira de beleza,2026-05-03,Prospecção,10,65122.08,,,
1083,560,12,Inbound site,2024-09-28,Negociação,75,11466.08,,,
1084,561,11,Indicação,2025-11-12,Fechado perdido,0,71510.06,2025-11-19,7,Prazo de entrega
1085,561,11,Instagram,2026-08-27,Qualificação,25,71346.08,,,
1086,561,11,Prospecção ativa,2025-04-22,Fechado perdido,0,37828.06,2025-06-26,65,Já compra de outro importador
1087,561,11,Inbound site,2025-06-10,Negociação,75,51568.50,,,
1088,562,17,Indicação,2025-03-04,Fechado perdido,0,81398.05,2025-05-01,58,Mix de fragrâncias não atende
1089,562,17,Prospecção ativa,2026-02-09,Negociação,75,59270.60,,,
1090,563,19,Inbound site,2026-03-17,Qualificação,25,48440.04,,,
1091,563,19,Indicação,2026-08-24,Negociação,75,23861.82,,,
1092,563,30,Reativação,2024-11-10,Proposta enviada,50,73469.28,,,
1093,563,30,Reativação,2024-12-19,Fechado perdido,0,57180.86,2024-12-25,6,Sem verba no momento
1094,564,16,Instagram,2024-09-30,Fechado ganho,100,61424.26,2024-10-04,4,
1095,565,21,Inbound site,2026-04-07,Fechado ganho,100,67149.73,2026-06-20,74,
1096,565,21,Inbound site,2025-08-12,Prospecção,10,50367.82,,,
1097,565,21,Indicação,2025-06-12,Fechado perdido,0,13022.95,2025-06-21,9,Prazo de entrega
1098,566,23,Feira de beleza,2025-01-10,Prospecção,10,126512.69,,,
1099,566,23,Feira de beleza,2026-06-29,Proposta enviada,50,108404.46,,,
1100,567,19,Reativação,2025-01-28,Fechado ganho,100,30911.33,2025-03-04,35,
1101,567,19,Prospecção ativa,2025-03-15,Fechado perdido,0,62292.03,2025-04-10,26,Fechou com concorrente
1102,567,19,Instagram,2026-05-11,Fechado ganho,100,81302.04,2026-07-07,57,
1103,568,14,Inbound site,2026-08-10,Negociação,75,61946.68,,,
1104,568,14,WhatsApp,2026-06-26,Proposta enviada,50,93126.00,,,
1105,568,14,Reativação,2026-08-10,Prospecção,10,89172.85,,,
1106,569,33,Feira de beleza,2026-07-28,Fechado ganho,100,56773.72,2026-08-13,16,
1107,569,12,Prospecção ativa,2026-06-27,Fechado perdido,0,71766.18,2026-07-06,9,Sem verba no momento
1108,570,42,Prospecção ativa,2025-10-01,Fechado ganho,100,22350.54,2025-10-27,26,
1109,570,42,Feira de beleza,2025-10-10,Fechado ganho,100,17108.32,2025-11-09,30,
1110,570,42,Indicação,2025-07-11,Fechado perdido,0,42824.53,2025-09-24,75,Mix de fragrâncias não atende
1111,570,42,Indicação,2026-07-25,Negociação,75,84274.02,,,
1112,570,42,Reativação,2025-07-13,Prospecção,10,7367.50,,,
1113,570,42,Reativação,2025-09-09,Proposta enviada,50,74582.13,,,
1114,571,2,Indicação,2025-08-12,Proposta enviada,50,34411.47,,,
1115,571,2,Prospecção ativa,2025-02-12,Proposta enviada,50,63967.36,,,
1116,571,2,WhatsApp,2026-08-22,Proposta enviada,50,23421.44,,,
1117,572,2,Feira de beleza,2026-04-24,Fechado ganho,100,66686.33,2026-06-28,65,
1118,572,2,Instagram,2026-01-03,Negociação,75,77338.64,,,
1119,572,2,WhatsApp,2026-04-30,Qualificação,25,53064.28,,,
1120,572,2,Indicação,2026-01-06,Fechado ganho,100,11364.59,2026-01-16,10,
1121,573,38,Prospecção ativa,2026-04-28,Qualificação,25,19042.32,,,
1122,573,38,Indicação,2026-03-14,Fechado ganho,100,70523.90,2026-04-12,29,
1123,573,38,Reativação,2026-06-25,Proposta enviada,50,36046.82,,,
1124,573,38,Indicação,2026-05-03,Fechado perdido,0,38530.47,2026-05-27,24,Prazo de entrega
1125,574,39,Prospecção ativa,2026-01-02,Fechado ganho,100,13146.45,2026-01-09,7,
1126,574,39,Instagram,2025-05-29,Fechado ganho,100,69884.16,2025-08-12,75,
1127,575,4,Inbound site,2024-11-10,Fechado perdido,0,6168.37,2024-11-18,8,Sem contato
1128,575,4,Prospecção ativa,2024-09-04,Fechado perdido,0,52793.92,2024-09-08,4,Pediu exclusividade de marca
1129,575,4,WhatsApp,2025-08-01,Fechado perdido,0,75053.21,2025-10-15,75,Sem verba no momento
1130,576,6,Feira de beleza,2026-06-23,Fechado ganho,100,43283.23,2026-08-06,44,
1131,576,6,Prospecção ativa,2026-08-29,Prospecção,10,62147.03,,,
1132,578,38,Indicação,2025-06-02,Proposta enviada,50,18366.65,,,
1133,578,38,Instagram,2025-02-09,Qualificação,25,9404.30,,,
1134,578,38,Inbound site,2025-08-11,Prospecção,10,55446.58,,,
1135,579,7,Instagram,2025-09-12,Fechado ganho,100,27031.16,2025-10-23,41,
1136,580,3,Inbound site,2025-11-15,Negociação,75,15399.63,,,
1137,581,33,Instagram,2025-06-21,Fechado perdido,0,91163.42,2025-07-22,31,Mix de fragrâncias não atende
1138,581,33,Reativação,2026-02-08,Fechado perdido,0,5682.69,2026-04-17,68,Preço acima do concorrente
1139,581,33,Inbound site,2025-10-24,Prospecção,10,43790.26,,,
1140,582,21,Reativação,2026-03-20,Proposta enviada,50,16959.71,,,
1141,582,21,WhatsApp,2025-10-16,Fechado ganho,100,91378.23,2025-10-20,4,
1142,582,21,WhatsApp,2026-03-21,Fechado ganho,100,38813.37,2026-04-29,39,
1143,582,21,Indicação,2026-08-24,Negociação,75,8157.01,,,
1144,583,14,Indicação,2025-07-02,Proposta enviada,50,81642.71,,,
1145,583,14,Feira de beleza,2026-07-27,Prospecção,10,26071.25,,,
1146,585,31,Inbound site,2026-02-22,Fechado ganho,100,36714.41,2026-03-08,14,
1147,585,31,Feira de beleza,2025-10-04,Fechado ganho,100,82334.37,2025-12-07,64,
1148,586,38,Indicação,2026-01-11,Qualificação,25,53255.69,,,
1149,586,38,Reativação,2025-02-03,Proposta enviada,50,29749.15,,,
1150,586,38,Reativação,2024-10-25,Qualificação,25,3879.00,,,
1151,587,23,Reativação,2026-07-03,Qualificação,25,20302.21,,,
1152,587,23,Prospecção ativa,2026-02-24,Fechado perdido,0,44880.75,2026-03-31,35,Mix de fragrâncias não atende
1153,587,23,Prospecção ativa,2026-04-16,Fechado perdido,0,79092.81,2026-05-10,24,Pediu exclusividade de marca
1154,588,1,Indicação,2026-04-08,Negociação,75,8923.79,,,
1155,591,21,Instagram,2026-05-14,Proposta enviada,50,93873.93,,,
1156,591,21,Instagram,2026-05-23,Prospecção,10,30177.89,,,
1157,591,21,Indicação,2026-07-30,Negociação,75,7522.35,,,
1158,591,21,Prospecção ativa,2026-08-26,Negociação,75,68987.48,,,
1159,592,32,Feira de beleza,2025-12-06,Fechado ganho,100,30587.57,2026-01-16,41,
1160,592,32,Instagram,2025-08-28,Fechado ganho,100,69467.73,2025-09-15,18,
1161,592,32,Prospecção ativa,2025-10-14,Prospecção,10,5628.24,,,
1162,592,32,WhatsApp,2025-07-06,Fechado ganho,100,65244.36,2025-07-19,13,
1163,593,3,Indicação,2025-04-23,Proposta enviada,50,56309.12,,,
1164,593,3,Inbound site,2025-09-01,Fechado ganho,100,73496.48,2025-09-16,15,
1165,593,3,Feira de beleza,2025-02-11,Proposta enviada,50,92248.20,,,
1166,593,3,Inbound site,2025-07-13,Fechado ganho,100,16340.49,2025-08-21,39,
1167,594,1,Feira de beleza,2026-06-14,Fechado ganho,100,79807.50,2026-08-21,68,
1168,594,1,Inbound site,2026-02-04,Qualificação,25,50951.08,,,
1169,595,38,Inbound site,2025-01-04,Negociação,75,15736.08,,,
1170,595,38,Inbound site,2025-02-08,Fechado perdido,0,90467.78,2025-03-06,26,Preço acima do concorrente
1171,595,38,Instagram,2025-01-04,Negociação,75,31092.51,,,
1172,596,27,Instagram,2025-06-14,Fechado ganho,100,5196.89,2025-07-06,22,
1173,597,7,WhatsApp,2025-04-24,Qualificação,25,84939.63,,,
1174,598,11,WhatsApp,2025-01-23,Qualificação,25,10393.55,,,
1175,599,10,WhatsApp,2026-04-16,Fechado ganho,100,77948.51,2026-06-12,57,
1176,599,10,Feira de beleza,2026-08-30,Qualificação,25,74295.39,,,
1177,600,15,Instagram,2024-10-31,Fechado perdido,0,169206.42,2024-12-29,59,Pediu exclusividade de marca
1178,600,15,Indicação,2025-11-01,Proposta enviada,50,9037.59,,,
1179,600,15,Prospecção ativa,2025-04-29,Fechado ganho,100,89497.12,2025-05-22,23,
1180,600,15,Prospecção ativa,2026-01-22,Fechado perdido,0,164794.74,2026-03-28,65,Fechou com concorrente
1181,601,24,Indicação,2025-02-27,Proposta enviada,50,21845.37,,,
1182,601,24,Reativação,2026-03-10,Fechado ganho,100,47094.49,2026-05-22,73,
1183,601,24,Indicação,2026-08-01,Negociação,75,58274.58,,,
1184,602,29,WhatsApp,2024-12-06,Negociação,75,60604.88,,,
1185,602,29,Indicação,2024-10-28,Fechado perdido,0,46503.14,2024-11-29,32,Sem verba no momento
1186,603,29,Instagram,2026-06-13,Proposta enviada,50,55184.37,,,
1187,603,29,Inbound site,2026-05-13,Fechado ganho,100,56208.57,2026-07-07,55,
1188,604,19,Inbound site,2025-11-28,Fechado ganho,100,54968.68,2025-12-29,31,
1189,605,13,Reativação,2025-09-04,Prospecção,10,82644.37,,,
1190,605,13,Inbound site,2026-08-31,Proposta enviada,50,13000.49,,,
1191,605,13,Inbound site,2025-07-20,Negociação,75,93962.50,,,
1192,605,13,Reativação,2026-01-27,Qualificação,25,22572.16,,,
1193,606,33,Indicação,2026-08-21,Proposta enviada,50,19886.13,,,
1194,607,29,Inbound site,2025-12-01,Negociação,75,72721.12,,,
1195,608,2,Reativação,2024-11-04,Fechado ganho,100,59006.66,2024-12-31,57,
1196,608,2,Instagram,2026-03-31,Proposta enviada,50,90704.86,,,
1197,608,2,Feira de beleza,2025-11-11,Negociação,75,71661.32,,,
1198,609,20,Reativação,2025-05-27,Proposta enviada,50,67641.72,,,
1199,609,20,Inbound site,2026-04-27,Negociação,75,136821.67,,,
1200,609,20,Prospecção ativa,2024-11-02,Fechado ganho,100,18803.91,2024-12-28,56,
1201,611,14,Prospecção ativa,2025-08-12,Proposta enviada,50,37179.92,,,
1202,612,21,Inbound site,2024-11-10,Qualificação,25,67287.68,,,
1203,613,2,Instagram,2024-10-06,Proposta enviada,50,4417.57,,,
1204,614,7,Prospecção ativa,2025-04-18,Fechado perdido,0,63962.84,2025-06-25,68,Pediu exclusividade de marca
1205,614,7,Reativação,2025-04-15,Negociação,75,90898.04,,,
1206,614,7,Reativação,2025-11-23,Fechado perdido,0,57697.01,2025-12-12,19,Preço acima do concorrente
1207,615,8,Indicação,2024-12-18,Fechado ganho,100,64030.82,2025-01-22,35,
1208,615,8,Prospecção ativa,2025-11-25,Prospecção,10,27249.24,,,
1209,615,8,Feira de beleza,2025-04-15,Proposta enviada,50,93199.30,,,
1210,615,8,Inbound site,2025-02-16,Prospecção,10,62132.44,,,
1211,616,18,Reativação,2025-06-24,Fechado perdido,0,92554.06,2025-09-07,75,Sem contato
1212,616,18,WhatsApp,2026-04-06,Prospecção,10,44085.75,,,
1213,616,18,Inbound site,2026-02-21,Prospecção,10,70874.47,,,
1214,617,33,WhatsApp,2026-08-10,Fechado ganho,100,19323.22,2026-08-18,8,
1215,617,33,Instagram,2026-08-05,Proposta enviada,50,166559.40,,,
1216,617,18,Instagram,2026-07-02,Qualificação,25,127858.42,,,
1217,618,6,Indicação,2025-06-03,Fechado ganho,100,158690.81,2025-07-04,31,
1218,619,36,Reativação,2025-12-23,Prospecção,10,17056.57,,,
1219,619,36,Inbound site,2025-12-20,Fechado ganho,100,48773.79,2026-01-03,14,
1220,620,35,Prospecção ativa,2025-07-27,Negociação,75,84237.08,,,
1221,621,1,Feira de beleza,2025-12-30,Fechado ganho,100,57216.48,2026-01-21,22,
1222,622,35,Indicação,2025-08-18,Negociação,75,26584.72,,,
1223,622,35,Reativação,2025-12-04,Fechado ganho,100,36384.20,2025-12-12,8,
1224,623,4,Indicação,2026-03-16,Fechado ganho,100,87535.82,2026-04-06,21,
1225,623,4,WhatsApp,2025-04-29,Prospecção,10,25288.12,,,
1226,624,24,Reativação,2025-05-24,Fechado ganho,100,23144.39,2025-06-09,16,
1227,624,24,Feira de beleza,2025-10-19,Fechado ganho,100,44899.62,2025-12-06,48,
1228,624,24,Indicação,2025-07-18,Proposta enviada,50,74568.82,,,
1229,624,24,Indicação,2025-01-05,Negociação,75,86390.28,,,
1230,624,24,Prospecção ativa,2025-05-17,Fechado ganho,100,59676.05,2025-07-27,71,
1231,624,24,Indicação,2025-01-16,Fechado ganho,100,63419.30,2025-02-06,21,
1232,625,15,Reativação,2025-04-27,Fechado ganho,100,86223.56,2025-05-10,13,
1233,625,15,Prospecção ativa,2025-03-17,Negociação,75,78656.61,,,
1234,625,15,Instagram,2024-12-17,Fechado ganho,100,41868.38,2025-01-29,43,
1235,625,15,WhatsApp,2026-05-19,Fechado perdido,0,55367.35,2026-07-07,49,Fechou com concorrente
1236,625,15,Feira de beleza,2024-09-08,Prospecção,10,50068.23,,,
1237,625,15,Reativação,2025-05-02,Fechado ganho,100,36328.04,2025-06-26,55,
1238,626,7,Indicação,2026-01-25,Proposta enviada,50,74408.22,,,
1239,627,4,WhatsApp,2026-03-21,Negociação,75,16721.00,,,
1240,627,4,Inbound site,2026-03-02,Fechado perdido,0,49073.05,2026-05-06,65,Fechou com concorrente
1241,629,9,Instagram,2025-04-05,Prospecção,10,157667.90,,,
1242,630,36,Inbound site,2026-08-25,Qualificação,25,15868.39,,,
1243,630,36,Indicação,2026-04-08,Qualificação,25,87114.63,,,
1244,630,36,WhatsApp,2026-04-30,Fechado perdido,0,94824.70,2026-06-03,34,Pediu exclusividade de marca
1245,630,36,Reativação,2025-10-28,Proposta enviada,50,15828.21,,,
1246,631,26,Inbound site,2026-08-10,Proposta enviada,50,21712.45,,,
1247,632,10,Feira de beleza,2024-11-09,Proposta enviada,50,34034.34,,,
1248,632,10,Indicação,2026-03-09,Fechado perdido,0,75807.31,2026-05-09,61,Sem verba no momento
1249,633,31,Instagram,2024-11-26,Prospecção,10,13540.75,,,
1250,633,31,Reativação,2024-11-25,Negociação,75,61462.94,,,
1251,633,31,Reativação,2025-05-05,Proposta enviada,50,34750.72,,,
1252,633,31,Instagram,2026-06-11,Fechado perdido,0,46215.72,2026-06-30,19,Sem verba no momento
1253,633,31,Instagram,2025-09-06,Fechado perdido,0,63409.60,2025-10-04,28,Sem verba no momento
1254,633,31,Feira de beleza,2025-12-03,Fechado ganho,100,74048.94,2026-02-16,75,
1255,634,17,Prospecção ativa,2024-12-02,Fechado ganho,100,4505.23,2024-12-27,25,
1256,635,2,Inbound site,2025-06-06,Prospecção,10,98003.56,,,
1257,635,2,Feira de beleza,2025-08-01,Qualificação,25,50131.00,,,
1258,637,39,Reativação,2026-05-21,Negociação,75,36353.36,,,
1259,638,40,Inbound site,2026-08-22,Negociação,75,43051.99,,,
1260,638,40,WhatsApp,2026-03-03,Qualificação,25,41383.71,,,
1261,639,39,Indicação,2025-08-31,Prospecção,10,84415.36,,,
1262,639,39,Reativação,2024-11-03,Fechado ganho,100,55278.39,2025-01-13,71,
1263,640,38,Feira de beleza,2024-10-16,Prospecção,10,35625.09,,,
1264,640,38,WhatsApp,2025-09-29,Fechado ganho,100,22388.44,2025-11-20,52,
1265,641,15,Feira de beleza,2026-08-30,Prospecção,10,25358.31,,,
1266,642,25,WhatsApp,2025-01-05,Fechado ganho,100,30384.36,2025-02-08,34,
1267,642,26,Indicação,2026-07-10,Prospecção,10,30212.52,,,
1268,642,25,Feira de beleza,2025-11-26,Qualificação,25,39526.32,,,
1269,642,25,Prospecção ativa,2025-06-27,Negociação,75,73645.44,,,
1270,642,25,Inbound site,2025-11-23,Fechado perdido,0,40063.46,2026-01-16,54,Já compra de outro importador
1271,642,25,Instagram,2025-04-17,Negociação,75,7342.97,,,
1272,643,37,Reativação,2026-06-08,Proposta enviada,50,30156.14,,,
1273,643,37,Instagram,2024-12-26,Qualificação,25,60474.58,,,
1274,643,37,Inbound site,2025-11-30,Fechado perdido,0,83182.63,2026-01-16,47,Sem verba no momento
1275,644,27,Prospecção ativa,2026-02-19,Fechado ganho,100,63079.05,2026-04-07,47,
1276,645,36,Prospecção ativa,2025-10-27,Proposta enviada,50,6981.97,,,
1277,645,36,WhatsApp,2026-03-10,Qualificação,25,66927.14,,,
1278,645,36,Inbound site,2026-08-13,Negociação,75,28607.07,,,
1279,646,5,Indicação,2026-03-24,Proposta enviada,50,57361.72,,,
1280,646,5,Inbound site,2025-07-09,Prospecção,10,112110.60,,,
1281,646,5,Instagram,2025-01-18,Proposta enviada,50,113747.05,,,
1282,647,40,Instagram,2024-12-07,Qualificação,25,38315.08,,,
1283,647,40,Prospecção ativa,2025-12-15,Proposta enviada,50,90572.85,,,
1284,648,27,Instagram,2025-01-24,Qualificação,25,52614.99,,,
1285,648,27,WhatsApp,2026-04-01,Fechado perdido,0,19797.61,2026-05-22,51,Fechou com concorrente
1286,648,27,Reativação,2025-02-17,Negociação,75,50992.73,,,
1287,650,41,Inbound site,2024-11-08,Fechado perdido,0,65567.30,2024-12-03,25,Já compra de outro importador
1288,650,41,Reativação,2024-09-08,Prospecção,10,75305.43,,,
1289,650,41,Indicação,2025-01-10,Qualificação,25,47373.15,,,
1290,651,28,Indicação,2025-01-14,Fechado ganho,100,47494.97,2025-02-14,31,
1291,652,41,Reativação,2026-01-01,Fechado ganho,100,36534.59,2026-01-10,9,
1292,652,41,WhatsApp,2025-05-21,Qualificação,25,48227.64,,,
1293,653,2,WhatsApp,2026-03-27,Proposta enviada,50,49078.95,,,
1294,653,2,Prospecção ativa,2025-11-03,Negociação,75,90260.60,,,
1295,653,2,Instagram,2026-08-14,Negociação,75,94791.31,,,
1296,655,23,Instagram,2024-09-23,Fechado ganho,100,52058.51,2024-09-30,7,
1297,655,23,WhatsApp,2026-01-01,Proposta enviada,50,11678.39,,,
1298,656,33,Prospecção ativa,2025-07-01,Fechado perdido,0,22895.96,2025-08-02,32,Sem contato
1299,657,5,Inbound site,2025-08-11,Fechado perdido,0,145426.15,2025-09-13,33,Fechou com concorrente
1300,657,5,Prospecção ativa,2026-04-08,Qualificação,25,99203.18,,,
1301,658,41,Inbound site,2025-01-03,Fechado ganho,100,44909.28,2025-01-25,22,
1302,658,41,Inbound site,2025-05-15,Proposta enviada,50,78920.01,,,
1303,658,41,Prospecção ativa,2025-01-04,Fechado ganho,100,13570.41,2025-02-17,44,
1304,658,41,Reativação,2025-08-01,Negociação,75,30283.34,,,
1305,659,16,Inbound site,2025-09-09,Prospecção,10,55027.11,,,
1306,659,16,Instagram,2026-05-14,Proposta enviada,50,88106.17,,,
1307,659,16,Instagram,2026-04-02,Fechado perdido,0,8993.14,2026-05-13,41,Sem verba no momento
1308,661,14,Prospecção ativa,2026-02-21,Proposta enviada,50,47063.74,,,
1309,662,21,Reativação,2024-10-02,Fechado perdido,0,8491.02,2024-10-16,14,Prazo de entrega
1310,662,21,Prospecção ativa,2025-12-21,Proposta enviada,50,7255.54,,,
1311,663,9,Inbound site,2026-06-20,Fechado ganho,100,46515.27,2026-07-26,36,
1312,663,9,WhatsApp,2026-01-15,Prospecção,10,94635.87,,,
1313,663,9,Feira de beleza,2026-05-18,Prospecção,10,19287.67,,,
1314,663,9,WhatsApp,2026-07-28,Negociação,75,42364.60,,,
1315,663,9,WhatsApp,2026-03-19,Fechado ganho,100,67448.75,2026-06-01,74,
1316,663,23,Feira de beleza,2025-08-03,Negociação,75,81864.04,,,
1317,664,30,WhatsApp,2025-04-11,Negociação,75,9282.41,,,
1318,664,30,Prospecção ativa,2025-07-27,Proposta enviada,50,4076.59,,,
1319,665,33,Indicação,2026-04-20,Qualificação,25,14187.55,,,
1320,667,27,Inbound site,2024-10-06,Proposta enviada,50,74330.19,,,
1321,667,27,Reativação,2026-08-22,Negociação,75,92614.99,,,
1322,667,27,Inbound site,2025-08-08,Negociação,75,22085.72,,,
1323,668,40,Instagram,2025-10-01,Proposta enviada,50,14915.54,,,
1324,669,12,Reativação,2024-09-29,Fechado perdido,0,35390.81,2024-10-04,5,Sem verba no momento
1325,670,2,Feira de beleza,2024-10-09,Fechado perdido,0,28707.29,2024-12-02,54,Pediu exclusividade de marca
1326,670,2,Inbound site,2026-01-17,Qualificação,25,45716.29,,,
1327,670,2,Feira de beleza,2025-09-03,Fechado perdido,0,44858.41,2025-10-10,37,Prazo de entrega
1328,671,27,Feira de beleza,2025-08-15,Negociação,75,21581.08,,,
1329,671,27,Feira de beleza,2025-03-29,Proposta enviada,50,41848.09,,,
1330,671,27,Indicação,2025-07-13,Fechado ganho,100,32188.65,2025-09-08,57,
1331,671,10,Reativação,2025-12-06,Fechado ganho,100,24328.15,2026-01-21,46,
1332,671,10,Reativação,2025-11-07,Negociação,75,84007.50,,,
1333,671,10,Feira de beleza,2026-06-03,Fechado ganho,100,16457.35,2026-06-13,10,
1334,672,18,Instagram,2026-03-05,Negociação,75,39074.56,,,
1335,672,42,Inbound site,2025-07-30,Qualificação,25,19814.65,,,
1336,672,42,Prospecção ativa,2025-05-22,Fechado perdido,0,2751.48,2025-07-22,61,Pediu exclusividade de marca
1337,673,26,Instagram,2025-05-12,Qualificação,25,40518.08,,,
1338,674,26,Feira de beleza,2025-10-18,Fechado perdido,0,56467.04,2025-11-30,43,Fechou com concorrente
1339,674,26,Instagram,2025-12-24,Fechado ganho,100,31434.76,2026-02-18,56,
1340,675,24,Indicação,2025-06-28,Negociação,75,75336.55,,,
1341,675,24,Prospecção ativa,2026-07-22,Negociação,75,26780.20,,,
1342,676,3,Feira de beleza,2025-10-15,Qualificação,25,3957.80,,,
1343,678,40,Feira de beleza,2026-07-05,Prospecção,10,92371.41,,,
1344,680,6,Feira de beleza,2026-01-10,Proposta enviada,50,29556.25,,,
1345,680,6,Indicação,2025-05-17,Qualificação,25,6959.34,,,
1346,681,37,WhatsApp,2025-03-01,Proposta enviada,50,163100.39,,,
1347,682,35,Feira de beleza,2025-12-19,Qualificação,25,43033.47,,,
1348,683,32,WhatsApp,2024-10-11,Proposta enviada,50,79101.27,,,
1349,683,32,Reativação,2025-01-26,Qualificação,25,40055.73,,,
1350,683,32,Reativação,2026-02-04,Fechado ganho,100,10229.48,2026-02-28,24,
1351,683,32,Reativação,2026-05-18,Proposta enviada,50,36116.22,,,
1352,683,32,Prospecção ativa,2025-03-05,Fechado ganho,100,21517.42,2025-03-31,26,
1353,683,32,Reativação,2025-11-03,Proposta enviada,50,15745.35,,,
1354,684,3,Instagram,2024-11-10,Qualificação,25,109657.72,,,
1355,684,3,Instagram,2026-01-10,Qualificação,25,77396.82,,,
1356,686,27,Indicação,2026-08-01,Negociação,75,48060.52,,,
1357,686,27,Reativação,2026-06-01,Fechado ganho,100,13422.89,2026-06-28,27,
1358,686,27,Inbound site,2026-01-16,Qualificação,25,70704.40,,,
1359,687,2,WhatsApp,2026-07-16,Negociação,75,35202.20,,,
1360,687,2,Prospecção ativa,2026-03-27,Fechado ganho,100,33030.66,2026-04-26,30,
1361,687,2,Prospecção ativa,2026-04-13,Fechado ganho,100,49425.50,2026-05-28,45,
1362,688,5,WhatsApp,2026-02-25,Fechado ganho,100,71913.07,2026-05-04,68,
1363,690,36,Indicação,2024-10-05,Fechado perdido,0,97864.39,2024-11-24,50,Sem verba no momento
1364,690,36,Instagram,2025-10-06,Proposta enviada,50,100617.27,,,
1365,690,36,Prospecção ativa,2024-10-29,Fechado perdido,0,122335.33,2024-11-05,7,Já compra de outro importador
1366,691,36,Reativação,2024-11-25,Proposta enviada,50,91986.65,,,
1367,691,36,Indicação,2025-06-06,Fechado ganho,100,9636.74,2025-08-10,65,
1368,692,10,Prospecção ativa,2025-08-24,Fechado ganho,100,54660.56,2025-10-25,62,
1369,693,25,Indicação,2025-10-21,Fechado perdido,0,23322.83,2025-10-31,10,Sem verba no momento
1370,693,25,Feira de beleza,2026-04-08,Fechado perdido,0,91155.62,2026-05-02,24,Preço acima do concorrente
1371,693,25,Instagram,2026-05-13,Fechado perdido,0,51650.84,2026-05-27,14,Sem verba no momento
1372,694,4,WhatsApp,2026-07-24,Fechado ganho,100,36456.26,2026-08-25,32,
1373,695,19,Reativação,2025-04-09,Proposta enviada,50,44544.39,,,
1374,697,15,Prospecção ativa,2024-10-23,Proposta enviada,50,51369.96,,,
1375,698,33,Feira de beleza,2026-05-07,Proposta enviada,50,64066.49,,,
1376,699,6,Indicação,2025-12-11,Fechado perdido,0,21855.06,2025-12-14,3,Fechou com concorrente
1377,699,6,Reativação,2025-09-19,Qualificação,25,23080.85,,,
1378,700,41,Inbound site,2025-09-27,Qualificação,25,10106.86,,,
1379,700,41,Inbound site,2026-01-04,Qualificação,25,60726.03,,,
1380,700,41,Prospecção ativa,2025-08-14,Qualificação,25,37860.63,,,
1381,701,10,Prospecção ativa,2026-08-14,Qualificação,25,94667.93,,,
1382,701,38,Reativação,2026-06-21,Proposta enviada,50,22327.72,,,
1383,701,38,Inbound site,2026-07-07,Negociação,75,93241.58,,,
1384,702,29,WhatsApp,2026-03-26,Qualificação,25,63114.01,,,
1385,702,29,WhatsApp,2026-05-22,Qualificação,25,80372.44,,,
1386,703,42,Feira de beleza,2025-12-08,Fechado perdido,0,82327.19,2026-02-13,67,Prazo de entrega
1387,703,42,Prospecção ativa,2025-10-19,Fechado ganho,100,8177.39,2025-12-20,62,
1388,703,42,Instagram,2025-10-30,Negociação,75,7501.30,,,
1389,703,42,Indicação,2026-06-17,Fechado ganho,100,76048.84,2026-08-20,64,
1390,704,24,Reativação,2024-10-31,Fechado ganho,100,135538.94,2025-01-05,66,
1391,704,24,Instagram,2025-08-10,Fechado ganho,100,91614.49,2025-09-13,34,
1392,704,24,Indicação,2026-08-28,Negociação,75,149154.22,,,
1393,705,32,Indicação,2025-02-15,Fechado perdido,0,8861.33,2025-03-05,18,Sem verba no momento
1394,707,18,Indicação,2025-09-27,Proposta enviada,50,90268.68,,,
1395,708,17,Reativação,2026-01-09,Fechado ganho,100,30085.72,2026-03-14,64,
1396,708,17,Indicação,2025-05-12,Prospecção,10,60870.83,,,
1397,709,1,WhatsApp,2026-05-13,Negociação,75,72384.94,,,
1398,709,1,Instagram,2025-12-15,Proposta enviada,50,17614.55,,,
1399,710,11,Inbound site,2025-10-30,Qualificação,25,17024.01,,,
1400,711,12,Feira de beleza,2026-03-20,Proposta enviada,50,23931.00,,,
1401,711,12,Instagram,2025-05-02,Negociação,75,71119.57,,,
1402,711,12,WhatsApp,2024-11-20,Fechado ganho,100,13234.35,2024-12-11,21,
1403,711,12,Inbound site,2025-03-03,Fechado ganho,100,67955.77,2025-05-06,64,
1404,711,12,Prospecção ativa,2025-02-23,Fechado ganho,100,22982.18,2025-03-04,9,
1405,711,12,Prospecção ativa,2024-10-12,Qualificação,25,47454.72,,,
1406,712,6,Reativação,2025-11-13,Prospecção,10,31821.88,,,
1407,713,27,Prospecção ativa,2026-07-27,Prospecção,10,71220.87,,,
1408,713,27,WhatsApp,2025-11-26,Prospecção,10,10882.01,,,
1409,713,34,Inbound site,2024-10-02,Fechado perdido,0,79812.14,2024-10-07,5,Preço acima do concorrente
1410,714,1,WhatsApp,2026-04-01,Fechado ganho,100,37704.42,2026-05-19,48,
1411,714,1,WhatsApp,2026-08-21,Negociação,75,80237.55,,,
1412,715,31,Feira de beleza,2025-08-07,Fechado ganho,100,83406.70,2025-09-28,52,
1413,715,31,Instagram,2025-12-15,Fechado perdido,0,88905.48,2026-01-21,37,Fechou com concorrente
1414,715,31,Prospecção ativa,2025-05-17,Fechado ganho,100,64927.52,2025-05-30,13,
1415,715,31,Reativação,2024-09-25,Qualificação,25,80787.55,,,
1416,715,31,Inbound site,2026-06-21,Fechado ganho,100,84853.01,2026-08-02,42,
1417,715,31,Inbound site,2024-11-14,Prospecção,10,33520.58,,,
1418,716,11,WhatsApp,2025-12-09,Fechado perdido,0,42510.90,2025-12-15,6,Prazo de entrega
1419,716,11,Instagram,2026-07-31,Qualificação,25,70862.28,,,
1420,716,11,Inbound site,2026-01-29,Qualificação,25,82262.39,,,
1421,717,40,Feira de beleza,2024-09-06,Negociação,75,66801.96,,,
1422,718,28,Indicação,2025-01-26,Fechado perdido,0,121467.11,2025-03-31,64,Já compra de outro importador
1423,719,34,Prospecção ativa,2026-07-22,Fechado perdido,0,7881.41,2026-08-18,27,Preço acima do concorrente
1424,719,34,Inbound site,2026-07-20,Negociação,75,64307.92,,,
1425,720,7,Inbound site,2025-10-11,Fechado ganho,100,44250.38,2025-11-21,41,
1426,721,40,Inbound site,2026-07-08,Negociação,75,39946.82,,,
1427,721,40,Inbound site,2026-07-26,Qualificação,25,78100.88,,,
1428,722,26,Instagram,2025-05-04,Negociação,75,46882.03,,,
1429,722,26,Feira de beleza,2025-05-02,Fechado ganho,100,37883.91,2025-05-18,16,
1430,722,26,Indicação,2025-07-19,Negociação,75,67167.14,,,
1431,722,26,WhatsApp,2025-11-06,Qualificação,25,81871.18,,,
1432,723,3,WhatsApp,2026-06-30,Qualificação,25,63875.39,,,
1433,724,34,Instagram,2025-06-19,Negociação,75,76621.61,,,
1434,725,33,Reativação,2026-02-23,Qualificação,25,68322.94,,,
1435,725,33,Feira de beleza,2026-02-04,Fechado ganho,100,24257.48,2026-04-20,75,
1436,726,11,WhatsApp,2025-04-27,Qualificação,25,35226.10,,,
1437,726,11,Instagram,2024-09-02,Fechado ganho,100,68418.66,2024-11-11,70,
1438,728,29,Feira de beleza,2026-04-05,Fechado ganho,100,150695.88,2026-04-13,8,
1439,729,19,WhatsApp,2026-03-04,Proposta enviada,50,82298.07,,,
1440,729,19,Inbound site,2024-09-15,Prospecção,10,8857.91,,,
1441,731,41,Indicação,2025-08-09,Qualificação,25,36091.14,,,
1442,732,5,Indicação,2026-01-18,Prospecção,10,10983.38,,,
1443,732,5,Reativação,2026-01-05,Qualificação,25,11767.00,,,
1444,734,25,Indicação,2026-07-25,Negociação,75,30806.67,,,
1445,734,25,Feira de beleza,2026-01-13,Fechado ganho,100,91691.69,2026-03-01,47,
1446,734,25,Indicação,2025-01-09,Prospecção,10,19659.01,,,
1447,735,12,Reativação,2026-06-05,Fechado ganho,100,82334.74,2026-07-18,43,
1448,735,12,Reativação,2026-01-07,Fechado ganho,100,52133.66,2026-02-09,33,
1449,735,12,Prospecção ativa,2026-04-29,Prospecção,10,25834.00,,,
1450,735,12,Prospecção ativa,2026-01-24,Negociação,75,9396.36,,,
1451,735,12,Instagram,2025-09-27,Fechado perdido,0,89933.66,2025-12-03,67,Sem verba no momento
1452,735,12,Reativação,2026-07-06,Proposta enviada,50,12532.87,,,
1453,736,37,Reativação,2025-05-29,Negociação,75,24445.00,,,
1454,736,28,Instagram,2026-06-22,Negociação,75,52349.86,,,
1455,736,37,Instagram,2024-09-26,Prospecção,10,4218.17,,,
1456,737,23,Instagram,2025-11-15,Fechado perdido,0,6181.87,2026-01-02,48,Fechou com concorrente
1457,737,23,WhatsApp,2025-11-18,Proposta enviada,50,46767.01,,,
1458,738,22,Indicação,2025-03-23,Proposta enviada,50,7098.45,,,
1459,738,22,WhatsApp,2025-03-10,Fechado ganho,100,75403.17,2025-03-14,4,
1460,739,17,Prospecção ativa,2025-04-09,Negociação,75,3448.57,,,
1461,739,17,Prospecção ativa,2025-11-08,Qualificação,25,54375.86,,,
1462,740,24,Instagram,2025-05-03,Fechado perdido,0,71677.58,2025-07-17,75,Sem contato
1463,741,33,Feira de beleza,2025-10-24,Proposta enviada,50,93915.51,,,
1464,742,39,Reativação,2026-05-22,Prospecção,10,3473.42,,,
1465,742,39,WhatsApp,2025-12-13,Qualificação,25,28964.21,,,
1466,743,39,Instagram,2025-10-13,Proposta enviada,50,77403.14,,,
1467,743,39,Prospecção ativa,2026-04-07,Qualificação,25,68004.02,,,
1468,744,15,Indicação,2026-02-28,Fechado ganho,100,93251.73,2026-04-28,59,
1469,746,3,Indicação,2026-06-05,Prospecção,10,53402.23,,,
1470,747,33,Reativação,2025-10-17,Prospecção,10,68592.17,,,
1471,749,24,Feira de beleza,2026-07-03,Qualificação,25,50997.60,,,
1472,749,24,Instagram,2026-02-14,Fechado ganho,100,34277.68,2026-03-18,32,
1473,750,14,Indicação,2026-06-08,Fechado ganho,100,75405.13,2026-07-29,51,
1474,750,14,Indicação,2024-10-03,Qualificação,25,14052.08,,,
1475,750,14,WhatsApp,2025-12-17,Qualificação,25,61808.02,,,
1476,751,33,Indicação,2025-03-03,Proposta enviada,50,48678.94,,,
1477,752,28,Instagram,2026-07-23,Qualificação,25,128600.05,,,
1478,753,39,Feira de beleza,2025-01-24,Fechado perdido,0,73655.07,2025-02-17,24,Pediu exclusividade de marca
1479,754,24,Prospecção ativa,2026-04-02,Prospecção,10,83785.95,,,
1480,754,24,WhatsApp,2024-12-14,Fechado ganho,100,91197.66,2025-01-15,32,
1481,755,33,Inbound site,2026-07-13,Negociação,75,60891.54,,,
1482,757,22,Instagram,2025-05-02,Negociação,75,55809.75,,,
1483,758,25,Feira de beleza,2026-05-01,Fechado ganho,100,28510.67,2026-05-24,23,
1484,759,31,Reativação,2025-10-10,Fechado ganho,100,75219.87,2025-10-29,19,
1485,760,24,Reativação,2026-02-09,Fechado ganho,100,63623.23,2026-02-22,13,
1486,760,24,Indicação,2026-07-03,Negociação,75,44698.24,,,
1487,760,24,Prospecção ativa,2025-02-14,Negociação,75,27373.15,,,
1488,760,24,Prospecção ativa,2025-08-21,Proposta enviada,50,50826.15,,,
1489,761,9,Instagram,2026-01-15,Prospecção,10,77059.96,,,
1490,761,9,Inbound site,2025-04-09,Negociação,75,53993.91,,,
1491,761,9,Instagram,2025-05-31,Fechado ganho,100,10438.39,2025-08-10,71,
1492,762,3,Instagram,2025-06-06,Prospecção,10,112620.03,,,
1493,762,3,Indicação,2025-06-10,Fechado ganho,100,94680.05,2025-07-11,31,
1494,762,3,Reativação,2025-04-25,Proposta enviada,50,120230.67,,,
1495,763,23,Inbound site,2025-11-02,Negociação,75,73326.39,,,
1496,763,23,WhatsApp,2025-04-14,Fechado ganho,100,38369.86,2025-05-03,19,
1497,763,23,Instagram,2024-12-25,Prospecção,10,30415.75,,,
1498,764,7,Reativação,2025-10-11,Proposta enviada,50,58654.45,,,
1499,765,16,Prospecção ativa,2026-02-23,Fechado ganho,100,87391.42,2026-03-07,12,
1500,765,16,WhatsApp,2024-12-02,Proposta enviada,50,53035.81,,,
1501,766,37,Reativação,2025-03-19,Prospecção,10,37395.16,,,
1502,766,37,Inbound site,2024-12-11,Fechado perdido,0,79403.61,2025-01-15,35,Mix de fragrâncias não atende
1503,766,37,Feira de beleza,2025-06-03,Prospecção,10,30261.22,,,
1504,769,3,Inbound site,2025-12-25,Fechado ganho,100,61630.77,2026-01-16,22,
1505,769,3,Feira de beleza,2026-07-02,Prospecção,10,78691.29,,,
1506,769,3,Inbound site,2025-03-10,Prospecção,10,77265.55,,,
1507,769,3,Instagram,2025-06-17,Fechado perdido,0,10840.36,2025-08-14,58,Já compra de outro importador
1508,769,3,WhatsApp,2024-09-17,Qualificação,25,73177.95,,,
1509,769,3,Prospecção ativa,2025-01-14,Fechado perdido,0,13802.45,2025-01-19,5,Mix de fragrâncias não atende
1510,770,20,Reativação,2026-03-26,Fechado ganho,100,9038.92,2026-06-05,71,
1511,770,20,Instagram,2024-11-20,Fechado ganho,100,18051.18,2025-01-01,42,
1512,770,20,Reativação,2025-08-06,Fechado ganho,100,15565.74,2025-08-18,12,
1513,772,23,Prospecção ativa,2024-09-08,Proposta enviada,50,59681.90,,,
1514,772,23,WhatsApp,2026-06-10,Fechado perdido,0,28358.40,2026-07-20,40,Sem contato
1515,772,23,Inbound site,2025-08-01,Fechado ganho,100,90466.19,2025-08-29,28,
1516,773,1,Prospecção ativa,2025-05-14,Prospecção,10,93107.27,,,
1517,773,1,Inbound site,2025-11-05,Proposta enviada,50,85735.99,,,
1518,774,32,Feira de beleza,2024-11-26,Fechado ganho,100,7646.37,2024-12-12,16,
1519,774,28,Indicação,2024-09-23,Fechado ganho,100,28170.20,2024-10-01,8,
1520,774,32,Feira de beleza,2025-06-04,Proposta enviada,50,53936.07,,,
1521,775,42,Instagram,2026-08-02,Qualificação,25,92653.76,,,
1522,775,42,Instagram,2026-05-20,Fechado ganho,100,4298.82,2026-07-29,70,
1523,777,25,Indicação,2026-07-01,Negociação,75,70006.91,,,
1524,778,18,Reativação,2024-09-28,Fechado ganho,100,93459.49,2024-10-02,4,
1525,779,6,Prospecção ativa,2026-07-24,Proposta enviada,50,11690.95,,,
1526,779,6,Reativação,2026-06-17,Qualificação,25,79771.38,,,
1527,779,6,Feira de beleza,2026-07-15,Fechado ganho,100,28810.24,2026-08-24,40,
1528,779,6,Inbound site,2026-05-31,Qualificação,25,53541.53,,,
1529,779,6,Instagram,2026-07-08,Negociação,75,15227.49,,,
1530,779,6,Indicação,2026-07-15,Negociação,75,83063.65,,,
1531,780,28,WhatsApp,2025-10-06,Fechado ganho,100,87539.75,2025-10-14,8,
1532,781,33,Feira de beleza,2026-02-12,Fechado perdido,0,14407.72,2026-03-30,46,Preço acima do concorrente
1533,781,33,Instagram,2025-01-16,Qualificação,25,6056.88,,,
1534,781,33,Prospecção ativa,2024-09-21,Negociação,75,7838.06,,,
1535,781,33,Feira de beleza,2026-08-02,Proposta enviada,50,81625.84,,,
1536,782,39,Reativação,2026-08-19,Negociação,75,69203.27,,,
1537,782,39,Feira de beleza,2024-12-19,Fechado ganho,100,104015.96,2025-01-18,30,
1538,783,13,Prospecção ativa,2026-04-27,Negociação,75,27137.66,,,
1539,783,13,Indicação,2025-04-12,Proposta enviada,50,10121.54,,,
1540,783,13,Indicação,2025-08-17,Fechado perdido,0,80407.03,2025-09-03,17,Fechou com concorrente
1541,784,2,WhatsApp,2026-06-12,Negociação,75,28490.45,,,
1542,784,2,Indicação,2026-05-13,Proposta enviada,50,52006.83,,,
1543,784,2,Reativação,2026-02-14,Negociação,75,82116.90,,,
1544,784,2,Inbound site,2026-07-19,Negociação,75,24515.73,,,
1545,785,17,Inbound site,2025-07-23,Fechado ganho,100,69189.16,2025-09-09,48,
1546,785,17,Prospecção ativa,2025-10-09,Prospecção,10,75856.82,,,
1547,785,17,Indicação,2024-11-09,Qualificação,25,62224.68,,,
1548,786,39,Inbound site,2026-08-18,Negociação,75,83949.51,,,
1549,787,16,WhatsApp,2026-07-09,Qualificação,25,65434.41,,,
1550,787,16,Instagram,2025-10-29,Fechado ganho,100,75156.57,2025-11-21,23,
1551,787,16,Reativação,2025-06-08,Fechado perdido,0,13474.48,2025-06-11,3,Sem verba no momento
1552,787,16,Inbound site,2026-06-29,Fechado perdido,0,26278.11,2026-07-26,27,Já compra de outro importador
1553,788,17,Instagram,2025-04-06,Proposta enviada,50,62326.82,,,
1554,789,29,Feira de beleza,2026-07-07,Proposta enviada,50,80594.60,,,
1555,790,2,Feira de beleza,2025-05-08,Proposta enviada,50,20613.02,,,
1556,790,2,Feira de beleza,2026-07-06,Proposta enviada,50,48689.93,,,
1557,791,13,WhatsApp,2026-01-04,Fechado perdido,0,53004.95,2026-03-03,58,Pediu exclusividade de marca
1558,791,13,Instagram,2026-05-03,Qualificação,25,57632.04,,,
1559,791,13,Indicação,2025-05-16,Fechado ganho,100,88286.20,2025-06-05,20,
1560,792,6,Indicação,2026-01-24,Prospecção,10,53111.01,,,
1561,792,6,Indicação,2025-09-03,Qualificação,25,22456.78,,,
1562,793,8,Instagram,2025-06-23,Fechado ganho,100,44821.57,2025-08-24,62,
1563,793,8,Feira de beleza,2025-03-26,Negociação,75,53576.32,,,
1564,793,8,Instagram,2025-10-20,Negociação,75,18728.34,,,
1565,793,8,Reativação,2026-01-18,Proposta enviada,50,14989.26,,,
1566,794,25,Feira de beleza,2026-08-20,Fechado ganho,100,53933.93,2026-08-29,9,
1567,794,25,Prospecção ativa,2026-02-21,Fechado perdido,0,45756.60,2026-02-26,5,Prazo de entrega
1568,795,28,Indicação,2026-05-06,Fechado perdido,0,73290.09,2026-05-28,22,Sem verba no momento
1569,796,25,Feira de beleza,2025-06-19,Fechado perdido,0,18314.58,2025-08-02,44,Mix de fragrâncias não atende
1570,796,25,Reativação,2025-04-21,Fechado ganho,100,82841.68,2025-04-30,9,
1571,796,25,Instagram,2026-02-19,Fechado ganho,100,55872.15,2026-04-05,45,
1572,796,25,Reativação,2026-03-11,Negociação,75,18013.86,,,
1573,797,6,Feira de beleza,2026-03-30,Negociação,75,17535.11,,,
1574,797,6,Inbound site,2026-01-23,Qualificação,25,7702.47,,,
1575,797,6,Instagram,2026-01-01,Fechado ganho,100,74250.55,2026-03-02,60,
1576,799,18,Inbound site,2026-06-11,Fechado perdido,0,74131.97,2026-08-09,59,Sem contato
1577,800,42,Feira de beleza,2025-06-12,Qualificação,25,55958.86,,,
1578,800,42,Inbound site,2026-02-14,Negociação,75,40250.27,,,
1579,800,42,Reativação,2024-11-23,Fechado ganho,100,57309.44,2025-01-03,41,
1580,800,42,Feira de beleza,2024-09-28,Fechado ganho,100,3612.61,2024-10-19,21,
1581,801,2,Inbound site,2026-05-03,Proposta enviada,50,60023.54,,,
1582,801,2,Feira de beleza,2026-06-11,Fechado ganho,100,69302.10,2026-06-17,6,
1583,801,2,Prospecção ativa,2025-04-23,Proposta enviada,50,60341.82,,,
1584,801,2,Feira de beleza,2025-11-22,Proposta enviada,50,80397.19,,,
1585,801,2,Feira de beleza,2026-07-06,Prospecção,10,14208.27,,,
1586,801,2,Prospecção ativa,2025-04-09,Prospecção,10,64551.04,,,
1587,803,20,Indicação,2026-05-19,Fechado ganho,100,75446.11,2026-07-11,53,
1588,804,1,Inbound site,2025-02-16,Fechado ganho,100,10776.27,2025-04-12,55,
1589,804,1,Instagram,2025-12-26,Fechado ganho,100,46888.52,2026-01-17,22,
1590,804,1,Inbound site,2025-09-30,Qualificação,25,37581.34,,,
1591,806,27,Feira de beleza,2025-04-15,Fechado ganho,100,81387.82,2025-05-04,19,
1592,807,1,Reativação,2025-11-22,Prospecção,10,45178.92,,,
1593,808,8,Reativação,2026-07-19,Prospecção,10,36253.04,,,
1594,808,8,Feira de beleza,2026-04-04,Qualificação,25,57969.81,,,
1595,810,25,Reativação,2024-11-17,Fechado ganho,100,61912.94,2024-12-14,27,
1596,810,25,Indicação,2025-04-28,Qualificação,25,45313.27,,,
1597,811,36,Reativação,2026-02-28,Fechado perdido,0,88310.84,2026-05-10,71,Sem verba no momento
1598,812,1,WhatsApp,2024-10-05,Negociação,75,31140.33,,,
1599,812,1,Prospecção ativa,2026-05-02,Qualificação,25,35104.29,,,
1600,812,1,Feira de beleza,2024-12-28,Negociação,75,78665.64,,,
1601,812,1,Instagram,2025-05-27,Negociação,75,52481.77,,,
1602,812,1,Feira de beleza,2025-03-03,Fechado ganho,100,71012.10,2025-04-02,30,
1603,812,1,Inbound site,2024-12-23,Fechado ganho,100,4218.88,2025-01-19,27,
1604,813,20,WhatsApp,2026-05-31,Fechado perdido,0,25643.22,2026-07-16,46,Já compra de outro importador
1605,813,20,Inbound site,2026-03-29,Fechado perdido,0,51119.60,2026-05-20,52,Sem verba no momento
1606,813,20,Inbound site,2026-06-19,Prospecção,10,19083.79,,,
1607,813,20,Inbound site,2025-11-29,Negociação,75,14210.01,,,
1608,814,11,Indicação,2026-08-24,Negociação,75,66288.34,,,
1609,814,11,Feira de beleza,2026-08-07,Negociação,75,37572.71,,,
1610,815,27,WhatsApp,2025-11-14,Fechado ganho,100,8002.95,2025-12-05,21,
1611,815,27,Prospecção ativa,2025-01-29,Prospecção,10,66956.29,,,
1612,816,27,WhatsApp,2025-11-02,Prospecção,10,75985.06,,,
1613,816,27,WhatsApp,2025-11-14,Fechado ganho,100,76769.35,2026-01-02,49,
1614,816,27,Feira de beleza,2025-08-11,Fechado ganho,100,90567.40,2025-10-23,73,
1615,817,18,Prospecção ativa,2026-06-26,Negociação,75,92119.84,,,
1616,817,18,Prospecção ativa,2026-01-23,Proposta enviada,50,73651.98,,,
1617,818,20,Indicação,2026-07-22,Prospecção,10,85837.50,,,
1618,819,41,Prospecção ativa,2025-01-15,Fechado ganho,100,61428.20,2025-03-17,61,
1619,820,3,Reativação,2024-09-02,Proposta enviada,50,44337.39,,,
1620,820,3,Instagram,2024-10-24,Qualificação,25,78549.38,,,
1621,821,38,Reativação,2024-09-04,Qualificação,25,91117.47,,,
1622,821,38,Inbound site,2024-12-31,Prospecção,10,9258.06,,,
1623,821,38,WhatsApp,2024-11-11,Fechado perdido,0,30537.22,2024-12-14,33,Pediu exclusividade de marca
1624,821,38,Prospecção ativa,2025-08-23,Negociação,75,54632.89,,,
1625,822,10,Indicação,2024-09-24,Fechado ganho,100,6717.70,2024-10-20,26,
1626,822,10,Indicação,2026-03-30,Fechado perdido,0,9011.45,2026-05-02,33,Sem contato
1627,822,10,Inbound site,2026-02-02,Prospecção,10,69930.59,,,
1628,822,10,WhatsApp,2025-02-15,Fechado perdido,0,19571.63,2025-03-23,36,Pediu exclusividade de marca
1629,823,11,Inbound site,2024-12-07,Fechado ganho,100,47433.77,2025-02-04,59,
1630,823,11,Reativação,2026-06-25,Fechado ganho,100,57763.70,2026-08-05,41,
1631,823,11,Feira de beleza,2026-01-12,Qualificação,25,51027.24,,,
1632,824,5,Indicação,2026-06-20,Proposta enviada,50,42327.81,,,
1633,824,5,Indicação,2026-05-16,Fechado perdido,0,88899.64,2026-06-26,41,Sem verba no momento
1634,826,21,Feira de beleza,2026-07-02,Fechado perdido,0,33769.38,2026-08-04,33,Pediu exclusividade de marca
1635,826,21,Reativação,2024-12-23,Proposta enviada,50,79163.07,,,
1636,827,2,Reativação,2025-01-17,Prospecção,10,58075.24,,,
1637,827,2,Instagram,2025-01-24,Fechado perdido,0,67631.07,2025-02-12,19,Pediu exclusividade de marca
1638,829,16,Feira de beleza,2026-02-18,Fechado ganho,100,64454.09,2026-04-23,64,
1639,830,14,Inbound site,2025-06-19,Qualificação,25,9498.92,,,
1640,832,13,Indicação,2025-06-17,Negociação,75,66129.96,,,
1641,832,13,Feira de beleza,2026-06-18,Qualificação,25,73442.67,,,
1642,832,13,Reativação,2025-07-08,Fechado ganho,100,157529.81,2025-07-22,14,
1643,832,13,Reativação,2025-05-22,Fechado ganho,100,12969.99,2025-07-10,49,
1644,833,30,Instagram,2025-12-02,Fechado ganho,100,48197.43,2026-01-08,37,
1645,834,31,Instagram,2026-01-12,Qualificação,25,78820.64,,,
1646,834,31,Inbound site,2025-02-12,Proposta enviada,50,7147.95,,,
1647,834,31,Feira de beleza,2026-04-25,Fechado perdido,0,8662.16,2026-05-08,13,Sem verba no momento
1648,835,6,Reativação,2025-08-10,Proposta enviada,50,70304.69,,,
1649,835,6,Indicação,2026-01-15,Proposta enviada,50,73610.39,,,
1650,835,6,Indicação,2025-10-29,Proposta enviada,50,86762.56,,,
1651,835,6,Reativação,2025-02-27,Fechado ganho,100,19116.51,2025-03-15,16,
1652,835,6,Prospecção ativa,2025-10-14,Proposta enviada,50,11946.75,,,
1653,835,6,Prospecção ativa,2025-10-28,Fechado ganho,100,2929.07,2025-12-26,59,
1654,836,28,Feira de beleza,2025-03-15,Fechado perdido,0,36748.20,2025-04-29,45,Preço acima do concorrente
1655,837,37,WhatsApp,2024-12-15,Negociação,75,25079.92,,,
1656,837,37,Feira de beleza,2025-08-13,Prospecção,10,59714.70,,,
1657,837,37,Feira de beleza,2026-02-28,Proposta enviada,50,68021.76,,,
1658,838,42,Prospecção ativa,2025-07-25,Fechado ganho,100,18239.31,2025-09-05,42,
1659,838,42,Feira de beleza,2026-03-08,Qualificação,25,61349.42,,,
1660,838,42,Instagram,2026-07-27,Fechado ganho,100,51044.69,2026-08-12,16,
1661,839,41,Indicação,2026-08-22,Qualificação,25,60501.70,,,
1662,839,41,WhatsApp,2026-06-07,Fechado ganho,100,57707.31,2026-06-27,20,
1663,840,18,Prospecção ativa,2025-11-17,Negociação,75,49621.12,,,
1664,840,18,Reativação,2024-11-18,Proposta enviada,50,85898.64,,,
1665,840,18,Prospecção ativa,2025-04-30,Fechado ganho,100,26228.55,2025-06-20,51,
1666,840,18,WhatsApp,2026-01-29,Negociação,75,90369.29,,,
1667,841,6,Prospecção ativa,2025-10-21,Fechado ganho,100,48678.86,2025-11-28,38,
1668,841,6,Prospecção ativa,2026-05-18,Fechado perdido,0,18366.59,2026-07-28,71,Prazo de entrega
1669,842,42,Inbound site,2026-04-13,Proposta enviada,50,14484.92,,,
1670,842,42,Inbound site,2025-07-15,Proposta enviada,50,85390.69,,,
1671,842,42,WhatsApp,2026-08-20,Qualificação,25,43520.22,,,
1672,843,15,Reativação,2025-08-30,Qualificação,25,59440.98,,,
1673,844,7,Feira de beleza,2025-10-18,Fechado perdido,0,47983.23,2025-12-27,70,Pediu exclusividade de marca
1674,845,21,Feira de beleza,2025-07-02,Fechado ganho,100,70008.99,2025-07-09,7,
1675,845,21,WhatsApp,2025-08-31,Fechado ganho,100,60225.14,2025-09-11,11,
1676,845,21,WhatsApp,2025-09-06,Proposta enviada,50,82105.19,,,
1677,845,21,Inbound site,2024-11-12,Qualificação,25,9955.37,,,
1678,845,21,Indicação,2025-02-20,Fechado ganho,100,92972.84,2025-04-06,45,
1679,845,21,Instagram,2025-08-21,Qualificação,25,82182.39,,,
1680,846,11,Reativação,2026-06-02,Proposta enviada,50,74037.64,,,
1681,846,11,Indicação,2025-11-06,Proposta enviada,50,39172.23,,,
1682,846,11,Prospecção ativa,2026-06-26,Negociação,75,45688.31,,,
1683,846,11,Prospecção ativa,2025-11-14,Fechado ganho,100,5025.41,2025-12-31,47,
1684,846,11,WhatsApp,2025-10-20,Qualificação,25,72944.12,,,
1685,846,11,Prospecção ativa,2025-10-07,Negociação,75,11578.36,,,
1686,847,41,Reativação,2025-03-28,Proposta enviada,50,49889.10,,,
1687,847,41,Feira de beleza,2026-05-12,Prospecção,10,19564.95,,,
1688,847,41,WhatsApp,2025-01-18,Qualificação,25,9492.09,,,
1689,847,41,Indicação,2025-03-23,Fechado ganho,100,67204.45,2025-04-30,38,
1690,848,5,Instagram,2025-09-14,Proposta enviada,50,47454.30,,,
1691,848,5,Indicação,2025-10-08,Fechado ganho,100,34256.27,2025-10-12,4,
1692,849,17,Reativação,2026-08-31,Prospecção,10,11111.65,,,
1693,854,7,WhatsApp,2026-05-07,Proposta enviada,50,5027.88,,,
1694,854,7,Prospecção ativa,2026-05-22,Fechado ganho,100,21180.64,2026-06-20,29,
1695,855,13,Indicação,2026-05-28,Proposta enviada,50,59273.49,,,
1696,855,13,Indicação,2024-09-01,Qualificação,25,24473.89,,,
1697,856,30,Indicação,2026-08-31,Prospecção,10,22011.06,,,
1698,856,30,Feira de beleza,2024-11-08,Proposta enviada,50,47289.55,,,
1699,856,30,Prospecção ativa,2025-10-15,Prospecção,10,33596.93,,,
1700,857,34,WhatsApp,2026-01-03,Fechado ganho,100,5170.60,2026-03-01,57,
1701,857,34,Instagram,2026-03-08,Qualificação,25,17288.20,,,
1702,857,34,Inbound site,2025-12-28,Prospecção,10,70452.53,,,
1703,857,34,Prospecção ativa,2026-01-28,Fechado ganho,100,68945.76,2026-04-09,71,
1704,858,41,Indicação,2026-06-21,Proposta enviada,50,30110.60,,,
1705,858,41,WhatsApp,2026-05-17,Fechado ganho,100,23614.26,2026-06-09,23,
1706,859,5,Reativação,2024-11-06,Proposta enviada,50,76552.26,,,
1707,859,5,Indicação,2025-10-25,Negociação,75,18682.53,,,
1708,859,5,Inbound site,2025-11-29,Prospecção,10,28970.28,,,
1709,859,5,Indicação,2025-08-21,Negociação,75,48612.12,,,
1710,859,5,Indicação,2025-02-03,Fechado perdido,0,54201.35,2025-04-16,72,Prazo de entrega
1711,859,5,Feira de beleza,2026-04-19,Fechado perdido,0,87624.76,2026-04-24,5,Sem verba no momento
1712,860,34,Feira de beleza,2026-02-03,Fechado ganho,100,52810.39,2026-02-28,25,
1713,860,34,Reativação,2026-01-10,Proposta enviada,50,19461.23,,,
1714,860,34,Inbound site,2026-06-22,Prospecção,10,5501.63,,,
1715,860,34,Instagram,2026-07-04,Qualificação,25,57526.33,,,
1716,861,40,Inbound site,2025-06-19,Fechado perdido,0,21966.58,2025-08-16,58,Pediu exclusividade de marca
1717,861,40,Feira de beleza,2025-09-08,Fechado ganho,100,50067.48,2025-10-30,52,
1718,861,40,Indicação,2026-05-18,Negociação,75,77557.26,,,
1719,862,29,Indicação,2025-12-19,Proposta enviada,50,137357.38,,,
1720,862,29,Prospecção ativa,2024-12-15,Proposta enviada,50,156849.15,,,
1721,862,29,Reativação,2025-12-22,Fechado ganho,100,68010.88,2026-01-06,15,
1722,863,7,Reativação,2026-08-04,Proposta enviada,50,23359.75,,,
1723,865,24,Inbound site,2025-06-26,Proposta enviada,50,91224.74,,,
1724,865,24,Prospecção ativa,2026-05-14,Prospecção,10,32402.39,,,
1725,865,24,Reativação,2026-01-31,Proposta enviada,50,43670.44,,,
1726,865,24,Reativação,2025-04-22,Proposta enviada,50,52599.99,,,
1727,865,24,Inbound site,2026-01-09,Qualificação,25,60016.51,,,
1728,865,24,Inbound site,2025-12-04,Prospecção,10,68910.39,,,
1729,866,20,WhatsApp,2026-04-03,Proposta enviada,50,101792.67,,,
1730,867,23,Feira de beleza,2026-04-20,Proposta enviada,50,76911.31,,,
1731,867,23,Inbound site,2025-02-26,Fechado ganho,100,40378.59,2025-03-19,21,
1732,868,21,WhatsApp,2025-06-01,Qualificação,25,81746.25,,,
1733,870,1,Reativação,2026-07-15,Proposta enviada,50,20837.47,,,
1734,870,1,Inbound site,2026-07-09,Fechado perdido,0,12734.73,2026-08-18,40,Prazo de entrega
1735,870,1,Indicação,2026-06-20,Qualificação,25,93186.74,,,
1736,871,10,Inbound site,2026-04-22,Fechado ganho,100,29322.93,2026-06-11,50,
1737,871,10,Instagram,2025-12-01,Prospecção,10,4032.23,,,
1738,872,23,Feira de beleza,2026-08-15,Negociação,75,21837.30,,,
1739,872,23,Instagram,2025-05-01,Negociação,75,19289.79,,,
1740,872,23,Indicação,2026-01-29,Fechado ganho,100,92988.27,2026-02-03,5,
1741,873,38,Feira de beleza,2024-12-16,Fechado ganho,100,4806.67,2025-01-15,30,
1742,874,21,Indicação,2025-05-09,Fechado ganho,100,133969.01,2025-06-14,36,
1743,874,21,Prospecção ativa,2026-03-03,Fechado ganho,100,125323.36,2026-05-03,61,
1744,874,21,Instagram,2025-03-03,Fechado perdido,0,147870.75,2025-05-01,59,Sem verba no momento
1745,874,21,Inbound site,2024-11-15,Fechado perdido,0,41988.70,2024-12-27,42,Preço acima do concorrente
1746,875,18,Instagram,2026-07-28,Proposta enviada,50,43457.11,,,
1747,877,1,Indicação,2024-10-27,Fechado ganho,100,3103.20,2024-11-28,32,
1748,877,1,WhatsApp,2025-08-04,Prospecção,10,64835.63,,,
1749,878,38,Reativação,2026-02-19,Proposta enviada,50,44597.49,,,
1750,879,9,Feira de beleza,2026-08-15,Prospecção,10,59123.30,,,
1751,880,8,Prospecção ativa,2026-02-14,Negociação,75,39945.48,,,
1752,880,8,Reativação,2025-11-09,Prospecção,10,40599.26,,,
1753,880,8,Indicação,2026-08-31,Qualificação,25,52931.39,,,
1754,881,20,Inbound site,2026-03-05,Fechado ganho,100,8907.01,2026-05-04,60,
1755,881,20,Reativação,2025-07-29,Qualificação,25,92233.06,,,
1756,881,20,Instagram,2024-10-11,Fechado ganho,100,7131.23,2024-12-06,56,
1757,881,20,Prospecção ativa,2024-12-14,Fechado perdido,0,30072.92,2025-01-19,36,Preço acima do concorrente
1758,882,38,Inbound site,2025-03-29,Fechado ganho,100,42777.23,2025-04-28,30,
1759,882,38,Indicação,2026-03-03,Fechado perdido,0,39227.69,2026-05-11,69,Fechou com concorrente
1760,882,38,WhatsApp,2025-05-31,Proposta enviada,50,46896.46,,,
1761,882,38,Instagram,2025-12-10,Fechado ganho,100,59034.52,2025-12-16,6,
1762,882,38,Prospecção ativa,2025-12-26,Qualificação,25,23070.68,,,
1763,882,38,WhatsApp,2025-11-06,Prospecção,10,53713.49,,,
1764,883,42,Reativação,2024-11-16,Fechado ganho,100,77312.25,2025-01-05,50,
1765,883,42,Reativação,2026-04-16,Fechado ganho,100,92554.38,2026-05-20,34,
1766,883,42,WhatsApp,2025-03-22,Prospecção,10,82472.94,,,
1767,883,42,Inbound site,2025-09-20,Qualificação,25,89199.87,,,
1768,883,42,Instagram,2025-05-17,Fechado perdido,0,46504.53,2025-06-19,33,Sem verba no momento
1769,883,42,Indicação,2025-05-23,Negociação,75,40456.02,,,
1770,884,33,Feira de beleza,2025-02-22,Proposta enviada,50,44731.72,,,
1771,884,33,Reativação,2025-05-26,Fechado perdido,0,27047.20,2025-07-11,46,Preço acima do concorrente
1772,885,16,Indicação,2025-05-22,Prospecção,10,31188.94,,,
1773,885,16,Feira de beleza,2026-04-19,Qualificação,25,86216.45,,,
1774,886,31,Prospecção ativa,2026-02-03,Qualificação,25,57639.05,,,
1775,887,9,Indicação,2026-08-20,Negociação,75,43917.29,,,
1776,887,9,Reativação,2026-03-15,Negociação,75,53700.71,,,
1777,887,9,Inbound site,2026-02-09,Qualificação,25,8038.07,,,
1778,888,22,Feira de beleza,2026-03-17,Proposta enviada,50,89321.52,,,
1779,889,15,Instagram,2026-03-17,Negociação,75,11449.73,,,
1780,889,15,Indicação,2026-05-28,Proposta enviada,50,47599.42,,,
1781,889,15,Indicação,2025-02-10,Negociação,75,22853.80,,,
1782,890,16,Feira de beleza,2025-08-08,Fechado ganho,100,10623.31,2025-09-05,28,
1783,890,16,Instagram,2026-05-06,Proposta enviada,50,32049.57,,,
1784,890,16,WhatsApp,2026-05-02,Fechado perdido,0,53795.57,2026-07-12,71,Sem verba no momento
1785,891,38,Inbound site,2026-06-15,Negociação,75,45760.37,,,
1786,891,38,Instagram,2025-02-27,Fechado perdido,0,39710.05,2025-03-21,22,Sem verba no momento
1787,892,3,Instagram,2025-03-08,Fechado ganho,100,62146.09,2025-03-13,5,
1788,893,39,Indicação,2026-05-21,Proposta enviada,50,53332.68,,,
1789,894,27,Inbound site,2025-05-24,Proposta enviada,50,39931.65,,,
1790,894,27,WhatsApp,2024-12-27,Fechado ganho,100,20781.20,2025-02-04,39,
1791,894,27,Feira de beleza,2025-10-05,Qualificação,25,49808.83,,,
1792,894,27,Indicação,2025-06-26,Fechado ganho,100,75034.45,2025-08-13,48,
1793,894,27,Feira de beleza,2025-04-10,Prospecção,10,69605.46,,,
1794,894,27,Indicação,2025-02-24,Fechado ganho,100,24433.87,2025-04-27,62,
1795,895,15,Prospecção ativa,2026-01-10,Prospecção,10,40767.61,,,
1796,895,15,Instagram,2026-03-16,Prospecção,10,51884.21,,,
1797,897,42,Reativação,2026-06-11,Negociação,75,15983.02,,,
1798,897,42,Indicação,2026-08-02,Negociação,75,64998.11,,,
1799,897,42,Prospecção ativa,2026-07-11,Negociação,75,94224.91,,,
1800,898,29,Inbound site,2026-01-10,Proposta enviada,50,81277.55,,,
1801,898,29,Prospecção ativa,2024-12-03,Negociação,75,23056.87,,,
1802,898,29,Reativação,2025-09-30,Prospecção,10,74534.66,,,
1803,900,13,WhatsApp,2025-09-09,Negociação,75,85361.51,,,
1804,900,13,Inbound site,2025-01-22,Fechado perdido,0,93256.06,2025-02-06,15,Fechou com concorrente
1805,900,13,Reativação,2025-03-23,Fechado perdido,0,25823.89,2025-04-28,36,Preço acima do concorrente
1806,901,11,WhatsApp,2024-12-26,Prospecção,10,45850.53,,,
1807,901,11,Instagram,2025-03-10,Proposta enviada,50,21968.13,,,
1808,901,11,Reativação,2024-11-10,Fechado ganho,100,18786.03,2024-11-17,7,
1809,902,33,Reativação,2026-08-23,Negociação,75,9688.88,,,
1810,902,33,Inbound site,2026-05-24,Fechado perdido,0,51934.66,2026-07-17,54,Fechou com concorrente
1811,902,33,Feira de beleza,2026-03-05,Fechado ganho,100,64680.58,2026-04-19,45,
1812,902,33,Reativação,2026-04-11,Proposta enviada,50,9950.94,,,
1813,902,33,Inbound site,2026-02-08,Proposta enviada,50,19323.48,,,
1814,902,33,Reativação,2026-08-02,Qualificação,25,73443.76,,,
1815,903,37,WhatsApp,2025-11-17,Negociação,75,61306.97,,,
1816,904,32,Indicação,2024-09-12,Negociação,75,36786.85,,,
1817,904,32,Indicação,2025-08-22,Fechado perdido,0,87547.23,2025-10-17,56,Fechou com concorrente
1818,904,32,Reativação,2024-11-05,Fechado ganho,100,40880.50,2025-01-10,66,
1819,904,32,Prospecção ativa,2024-11-14,Fechado ganho,100,42577.21,2024-11-28,14,
1820,905,20,WhatsApp,2026-07-09,Fechado ganho,100,36949.09,2026-07-31,22,
1821,906,34,WhatsApp,2026-01-28,Prospecção,10,113765.58,,,
1822,906,34,Feira de beleza,2025-09-07,Qualificação,25,79876.67,,,
1823,906,34,Inbound site,2026-05-19,Negociação,75,42549.76,,,
1824,908,29,Feira de beleza,2026-01-13,Proposta enviada,50,45361.21,,,
1825,908,29,Feira de beleza,2025-01-03,Proposta enviada,50,64111.70,,,
1826,908,29,Feira de beleza,2025-03-29,Fechado ganho,100,73129.02,2025-04-07,9,
1827,908,29,Instagram,2025-02-19,Proposta enviada,50,18757.23,,,
1828,910,25,Instagram,2026-01-31,Qualificação,25,63225.06,,,
1829,911,3,Prospecção ativa,2025-10-22,Fechado ganho,100,78962.65,2025-12-12,51,
1830,911,3,Instagram,2024-12-02,Proposta enviada,50,31309.45,,,
1831,912,36,Instagram,2026-05-15,Proposta enviada,50,16929.58,,,
1832,913,3,Feira de beleza,2025-08-14,Negociação,75,44476.20,,,
1833,913,3,Reativação,2026-02-27,Negociação,75,16278.13,,,
1834,913,3,Indicação,2026-04-14,Fechado perdido,0,39351.38,2026-06-14,61,Sem verba no momento
1835,914,8,Reativação,2026-02-16,Qualificação,25,86513.94,,,
1836,914,8,Prospecção ativa,2025-12-08,Negociação,75,42869.72,,,
1837,914,8,Instagram,2026-03-02,Negociação,75,57789.55,,,
1838,915,7,Inbound site,2025-02-13,Proposta enviada,50,9403.21,,,
1839,915,7,Instagram,2026-03-18,Proposta enviada,50,92800.81,,,
1840,916,38,WhatsApp,2026-08-20,Qualificação,25,46135.10,,,
1841,916,38,Instagram,2026-05-14,Negociação,75,48304.88,,,
1842,917,38,Feira de beleza,2026-07-31,Negociação,75,90623.92,,,
1843,917,38,Feira de beleza,2025-07-20,Negociação,75,90337.41,,,
1844,918,15,WhatsApp,2026-02-26,Fechado perdido,0,14367.68,2026-04-18,51,Mix de fragrâncias não atende
1845,918,25,Reativação,2026-06-20,Qualificação,25,38757.50,,,
1846,919,14,Prospecção ativa,2025-05-07,Qualificação,25,8491.92,,,
1847,919,14,WhatsApp,2025-08-20,Proposta enviada,50,82539.41,,,
1848,920,33,WhatsApp,2025-06-13,Prospecção,10,74825.09,,,
1849,920,33,WhatsApp,2025-07-17,Prospecção,10,60807.32,,,
1850,921,15,Reativação,2025-08-04,Prospecção,10,91696.75,,,
1851,921,15,WhatsApp,2026-04-04,Qualificação,25,19450.05,,,
1852,922,16,WhatsApp,2025-07-09,Proposta enviada,50,5984.84,,,
1853,922,16,Inbound site,2025-08-28,Fechado perdido,0,83490.62,2025-11-05,69,Fechou com concorrente
1854,922,16,Instagram,2025-06-14,Proposta enviada,50,76084.81,,,
1855,922,16,Prospecção ativa,2025-03-30,Prospecção,10,63237.24,,,
1856,923,10,Instagram,2024-10-18,Qualificação,25,35150.09,,,
1857,923,10,Inbound site,2025-12-06,Qualificação,25,58493.54,,,
1858,923,10,Reativação,2025-10-21,Fechado perdido,0,21335.94,2025-11-10,20,Preço acima do concorrente
1859,924,33,Prospecção ativa,2025-02-02,Negociação,75,50900.21,,,
1860,924,33,Instagram,2024-12-12,Prospecção,10,64749.07,,,
1861,925,42,Instagram,2026-05-08,Fechado perdido,0,137772.30,2026-07-20,73,Prazo de entrega
1862,925,42,Feira de beleza,2026-04-05,Negociação,75,161212.97,,,
1863,925,42,Instagram,2026-05-16,Fechado ganho,100,73363.48,2026-05-30,14,
1864,925,42,Feira de beleza,2026-07-11,Negociação,75,99165.53,,,
1865,926,35,Feira de beleza,2025-02-28,Fechado ganho,100,31853.42,2025-05-07,68,
1866,927,32,Reativação,2025-01-27,Fechado ganho,100,17275.48,2025-03-25,57,
1867,927,32,Feira de beleza,2025-12-03,Fechado ganho,100,29387.53,2026-02-08,67,
1868,927,32,Inbound site,2025-07-10,Negociação,75,8523.84,,,
1869,928,30,Indicação,2024-10-16,Prospecção,10,56036.33,,,
1870,928,30,Feira de beleza,2025-04-18,Proposta enviada,50,69915.14,,,
1871,928,30,Inbound site,2025-09-10,Negociação,75,86840.08,,,
1872,928,30,Instagram,2025-01-12,Negociação,75,4000.55,,,
1873,928,30,Prospecção ativa,2024-11-07,Proposta enviada,50,56848.88,,,
1874,928,30,Inbound site,2026-02-04,Qualificação,25,70253.10,,,
1875,929,35,Reativação,2026-08-17,Negociação,75,39358.31,,,
1876,930,35,Indicação,2024-11-10,Qualificação,25,47878.42,,,
1877,930,35,WhatsApp,2026-05-25,Fechado ganho,100,23075.69,2026-07-30,66,
1878,930,35,Prospecção ativa,2025-04-05,Fechado ganho,100,87299.64,2025-05-26,51,
1879,930,35,Feira de beleza,2025-08-14,Qualificação,25,59470.37,,,
1880,931,24,Inbound site,2025-02-01,Proposta enviada,50,60622.08,,,
1881,931,20,Instagram,2026-02-19,Prospecção,10,91641.71,,,
1882,931,20,Inbound site,2026-03-02,Fechado ganho,100,31025.12,2026-04-09,38,
1883,931,24,Instagram,2025-06-08,Prospecção,10,2571.04,,,
1884,931,20,Instagram,2026-04-05,Negociação,75,45029.19,,,
1885,931,20,Reativação,2026-08-19,Negociação,75,44959.20,,,
1886,932,21,Instagram,2025-12-07,Fechado ganho,100,63483.47,2026-01-09,33,
1887,932,12,WhatsApp,2026-08-11,Proposta enviada,50,50084.99,,,
1888,933,19,Indicação,2026-06-28,Fechado ganho,100,23098.17,2026-08-02,35,
1889,934,5,Inbound site,2026-03-17,Fechado ganho,100,142885.43,2026-05-22,66,
1890,934,5,Indicação,2026-07-01,Qualificação,25,115481.62,,,
1891,935,29,WhatsApp,2025-01-07,Negociação,75,37958.52,,,
1892,936,2,WhatsApp,2026-05-23,Qualificação,25,125374.23,,,
1893,936,2,Prospecção ativa,2026-06-07,Proposta enviada,50,57715.78,,,
1894,937,2,Prospecção ativa,2024-10-10,Fechado ganho,100,91811.23,2024-12-14,65,
1895,938,1,Feira de beleza,2026-06-06,Fechado ganho,100,47168.90,2026-08-07,62,
1896,939,16,Reativação,2025-04-09,Fechado ganho,100,90618.42,2025-04-21,12,
1897,939,16,Prospecção ativa,2025-08-02,Negociação,75,92917.45,,,
1898,939,16,WhatsApp,2024-09-23,Fechado ganho,100,5232.26,2024-11-15,53,
1899,939,16,WhatsApp,2026-04-18,Negociação,75,94358.86,,,
1900,941,31,Instagram,2026-08-19,Proposta enviada,50,66479.27,,,
1901,942,7,Feira de beleza,2026-01-10,Fechado ganho,100,84630.23,2026-03-07,56,
1902,942,7,Reativação,2024-12-01,Qualificação,25,32575.09,,,
1903,942,7,WhatsApp,2025-07-11,Fechado ganho,100,6736.12,2025-08-13,33,
1904,944,15,Feira de beleza,2025-03-28,Fechado ganho,100,36218.74,2025-05-07,40,
1905,944,15,Inbound site,2026-07-21,Fechado perdido,0,9908.79,2026-08-11,21,Já compra de outro importador
1906,946,33,Inbound site,2026-03-18,Fechado ganho,100,62531.82,2026-05-23,66,
1907,946,33,Instagram,2026-03-12,Fechado perdido,0,52453.79,2026-04-09,28,Sem contato
1908,947,16,Prospecção ativa,2026-05-18,Fechado ganho,100,53949.42,2026-06-10,23,
1909,948,3,Reativação,2024-11-19,Fechado ganho,100,71084.18,2025-01-24,66,
1910,949,3,Instagram,2026-01-31,Qualificação,25,42355.78,,,
1911,949,3,Inbound site,2026-07-17,Fechado ganho,100,91884.18,2026-08-11,25,
1912,951,42,Reativação,2025-04-08,Prospecção,10,87936.79,,,
1913,953,35,Indicação,2025-06-21,Negociação,75,69239.77,,,
1914,953,5,Prospecção ativa,2026-07-25,Negociação,75,93378.92,,,
1915,953,5,Reativação,2026-06-05,Proposta enviada,50,93504.16,,,
1916,954,19,Reativação,2025-02-08,Fechado perdido,0,62720.08,2025-03-17,37,Preço acima do concorrente
1917,955,41,WhatsApp,2025-09-11,Fechado ganho,100,86048.06,2025-09-27,16,
1918,955,31,Inbound site,2026-08-22,Negociação,75,83458.77,,,
1919,955,31,Feira de beleza,2026-06-11,Negociação,75,14065.29,,,
1920,957,33,Reativação,2026-07-27,Negociação,75,70383.43,,,
1921,959,16,Inbound site,2026-07-17,Prospecção,10,19854.87,,,
1922,959,16,Inbound site,2025-08-17,Fechado perdido,0,67117.15,2025-08-27,10,Pediu exclusividade de marca
1923,960,28,Instagram,2026-04-27,Prospecção,10,73881.20,,,
1924,961,28,Indicação,2026-07-06,Negociação,75,71733.77,,,
1925,962,33,Prospecção ativa,2026-08-19,Negociação,75,79650.34,,,
1926,962,33,Feira de beleza,2026-08-26,Negociação,75,4996.44,,,
1927,962,33,WhatsApp,2026-08-19,Negociação,75,90869.96,,,
1928,962,33,Reativação,2025-07-11,Qualificação,25,18670.83,,,
1929,962,33,Instagram,2026-06-24,Qualificação,25,32559.22,,,
1930,962,33,Indicação,2026-03-06,Prospecção,10,19314.02,,,
1931,964,35,Instagram,2025-07-15,Fechado perdido,0,112204.79,2025-08-16,32,Sem contato
1932,965,19,Reativação,2025-11-24,Qualificação,25,15398.00,,,
1933,965,19,Reativação,2025-12-26,Prospecção,10,33479.30,,,
1934,966,6,Indicação,2024-09-20,Negociação,75,30959.20,,,
1935,966,6,Reativação,2025-08-24,Proposta enviada,50,75232.75,,,
1936,966,6,Instagram,2025-02-01,Qualificação,25,59035.48,,,
1937,966,6,Inbound site,2025-09-26,Fechado ganho,100,75008.84,2025-11-27,62,
1938,967,13,Reativação,2026-02-19,Negociação,75,31418.89,,,
1939,967,13,Instagram,2026-08-19,Negociação,75,33450.33,,,
1940,969,30,Prospecção ativa,2026-08-09,Prospecção,10,66556.19,,,
1941,969,30,Instagram,2025-07-14,Proposta enviada,50,65974.17,,,
1942,969,30,Indicação,2025-06-04,Fechado ganho,100,42009.75,2025-06-24,20,
1943,969,30,WhatsApp,2026-04-19,Fechado perdido,0,88743.22,2026-05-26,37,Sem contato
1944,970,19,Indicação,2025-08-06,Prospecção,10,20582.66,,,
1945,971,25,Reativação,2025-01-27,Fechado perdido,0,80777.41,2025-03-10,42,Sem contato
1946,972,9,Feira de beleza,2025-04-09,Fechado ganho,100,56218.35,2025-06-16,68,
1947,973,32,Indicação,2026-05-13,Proposta enviada,50,93059.62,,,
1948,973,32,Instagram,2026-05-02,Proposta enviada,50,35240.62,,,
1949,974,17,Inbound site,2026-02-03,Prospecção,10,78267.08,,,
1950,975,16,Feira de beleza,2026-04-23,Proposta enviada,50,149833.77,,,
1951,975,16,Instagram,2025-10-29,Fechado ganho,100,137694.89,2025-12-15,47,
1952,975,16,Prospecção ativa,2025-03-09,Proposta enviada,50,103240.53,,,
1953,975,16,Inbound site,2026-02-02,Prospecção,10,25699.78,,,
1954,976,22,Inbound site,2025-02-13,Qualificação,25,54009.22,,,
1955,976,22,WhatsApp,2025-07-11,Prospecção,10,60705.78,,,
1956,976,22,Reativação,2025-10-07,Qualificação,25,21420.23,,,
1957,976,22,Feira de beleza,2025-10-14,Fechado ganho,100,51794.65,2025-11-28,45,
1958,977,38,Instagram,2025-08-02,Prospecção,10,89452.24,,,
1959,977,2,WhatsApp,2024-11-07,Fechado ganho,100,24187.95,2024-12-28,51,
1960,977,38,Feira de beleza,2026-01-27,Negociação,75,7554.55,,,
1961,978,1,Instagram,2025-10-05,Fechado ganho,100,19341.53,2025-11-05,31,
1962,978,1,Instagram,2026-07-01,Qualificação,25,15464.05,,,
1963,978,1,Indicação,2026-02-13,Fechado ganho,100,23966.21,2026-03-31,46,
1964,979,36,Prospecção ativa,2025-01-07,Negociação,75,77014.11,,,
1965,981,13,Reativação,2024-09-30,Qualificação,25,48371.19,,,
1966,982,29,Indicação,2025-08-01,Fechado perdido,0,34324.21,2025-08-19,18,Sem contato
1967,982,29,Prospecção ativa,2026-08-13,Prospecção,10,29143.41,,,
1968,982,29,Reativação,2025-11-09,Qualificação,25,53641.09,,,
1969,984,25,Inbound site,2025-08-18,Fechado ganho,100,14002.86,2025-11-01,75,
1970,985,28,Instagram,2026-05-10,Negociação,75,53513.16,,,
1971,985,28,Prospecção ativa,2026-07-30,Qualificação,25,31057.90,,,
1972,986,5,Reativação,2024-09-02,Negociação,75,68807.54,,,
1973,986,5,Instagram,2025-04-22,Negociação,75,88201.67,,,
1974,986,5,Instagram,2025-01-05,Proposta enviada,50,73485.08,,,
1975,987,6,Prospecção ativa,2025-02-26,Prospecção,10,43935.37,,,
1976,987,6,Prospecção ativa,2024-10-25,Negociação,75,85683.23,,,
1977,988,17,WhatsApp,2025-10-08,Proposta enviada,50,74432.05,,,
1978,988,17,Feira de beleza,2026-03-08,Fechado ganho,100,87602.96,2026-03-29,21,
1979,988,17,WhatsApp,2026-05-08,Qualificação,25,31110.58,,,
1980,988,17,Prospecção ativa,2026-03-09,Prospecção,10,67558.34,,,
1981,988,17,Prospecção ativa,2025-09-02,Negociação,75,32829.97,,,
1982,988,17,Indicação,2026-04-30,Fechado perdido,0,41403.16,2026-07-10,71,Sem contato
1983,989,9,Prospecção ativa,2025-05-24,Prospecção,10,45685.13,,,
1984,989,9,Inbound site,2024-12-02,Fechado ganho,100,73622.36,2025-02-13,73,
1985,989,9,Inbound site,2025-11-03,Fechado perdido,0,87864.47,2025-12-22,49,Fechou com concorrente
1986,989,9,Inbound site,2025-10-30,Prospecção,10,53548.77,,,
1987,990,12,Inbound site,2025-01-31,Fechado ganho,100,65385.41,2025-02-11,11,
1988,990,12,WhatsApp,2025-12-08,Prospecção,10,54012.48,,,
1989,990,12,Inbound site,2025-12-26,Fechado ganho,100,26121.84,2026-02-20,56,
1990,991,33,Feira de beleza,2026-07-28,Fechado ganho,100,34081.27,2026-08-21,24,
1991,991,33,Indicação,2026-05-11,Fechado ganho,100,18166.30,2026-07-21,71,
1992,991,33,Indicação,2026-02-23,Prospecção,10,23229.84,,,
1993,992,28,Inbound site,2026-04-21,Fechado ganho,100,13745.94,2026-05-31,40,
1994,992,4,WhatsApp,2025-04-27,Fechado ganho,100,82404.54,2025-05-26,29,
1995,992,28,Prospecção ativa,2025-09-03,Negociação,75,21354.46,,,
1996,993,42,Indicação,2025-12-12,Negociação,75,78902.13,,,
1997,993,42,Prospecção ativa,2025-01-01,Prospecção,10,34830.13,,,
1998,993,38,Prospecção ativa,2026-07-28,Prospecção,10,43599.47,,,
1999,994,37,Instagram,2026-04-19,Fechado perdido,0,5527.68,2026-06-20,62,Preço acima do concorrente
2000,994,37,WhatsApp,2024-10-30,Prospecção,10,21717.77,,,
2001,994,37,Instagram,2025-05-02,Fechado perdido,0,36314.40,2025-06-18,47,Já compra de outro importador
2002,994,37,Indicação,2025-07-16,Fechado ganho,100,2602.37,2025-08-07,22,
2003,994,37,Reativação,2025-01-13,Prospecção,10,38067.28,,,
2004,994,37,Reativação,2026-06-23,Fechado ganho,100,92358.89,2026-08-22,60,
2005,995,38,Instagram,2026-07-02,Proposta enviada,50,4817.81,,,
2006,995,38,WhatsApp,2025-10-21,Fechado ganho,100,62880.28,2025-10-30,9,
2007,996,33,Instagram,2025-04-09,Prospecção,10,66464.61,,,
2008,998,42,Instagram,2026-07-26,Qualificação,25,129797.86,,,
2009,998,42,Feira de beleza,2025-11-22,Fechado ganho,100,163583.32,2025-12-10,18,
2010,998,42,Inbound site,2026-03-13,Qualificação,25,142582.33,,,
2011,998,42,Instagram,2025-07-22,Qualificação,25,155713.61,,,
2012,999,7,Feira de beleza,2026-08-25,Negociação,75,13450.87,,,
2013,999,7,Indicação,2025-02-23,Prospecção,10,123814.76,,,
2014,999,7,Reativação,2025-11-06,Negociação,75,168377.58,,,
2015,999,7,WhatsApp,2026-06-13,Negociação,75,32194.53,,,
2016,999,7,WhatsApp,2025-09-27,Fechado ganho,100,144450.87,2025-11-07,41,
2017,999,7,Indicação,2026-01-02,Prospecção,10,53535.98,,,
2018,1000,11,Indicação,2024-09-10,Fechado ganho,100,78269.11,2024-11-24,75,
2019,1000,11,Feira de beleza,2024-12-13,Negociação,75,87653.41,,,
2020,1000,42,Reativação,2026-03-07,Qualificação,25,14170.87,,,
2021,1000,42,Instagram,2026-04-14,Qualificação,25,30589.87,,,
2022,1000,42,Instagram,2026-04-09,Prospecção,10,7002.28,,,
2023,1000,42,WhatsApp,2026-04-21,Prospecção,10,90082.16,,,
2024,1001,1,WhatsApp,2026-02-21,Fechado perdido,0,84128.64,2026-03-28,35,Sem verba no momento
2025,1001,1,Feira de beleza,2026-05-03,Fechado perdido,0,21883.62,2026-05-15,12,Sem contato
2026,1001,1,Inbound site,2024-09-18,Proposta enviada,50,119015.23,,,
2027,1002,29,Reativação,2026-01-20,Fechado perdido,0,16213.47,2026-03-29,68,Mix de fragrâncias não atende
2028,1002,29,WhatsApp,2025-01-31,Fechado ganho,100,7102.33,2025-04-02,61,
2029,1003,27,Reativação,2026-03-01,Fechado ganho,100,98916.38,2026-05-03,63,
2030,1003,27,Inbound site,2025-02-22,Proposta enviada,50,52131.97,,,
2031,1003,27,Reativação,2025-07-29,Qualificação,25,71690.41,,,
2032,1003,27,Feira de beleza,2025-11-25,Proposta enviada,50,28682.07,,,
2033,1003,27,Indicação,2026-05-10,Negociação,75,158094.70,,,
2034,1003,27,WhatsApp,2025-11-16,Negociação,75,154662.71,,,
2035,1006,42,Inbound site,2025-04-23,Fechado ganho,100,18759.54,2025-06-23,61,
2036,1006,42,WhatsApp,2025-01-14,Prospecção,10,18388.76,,,
2037,1006,42,Reativação,2026-05-24,Fechado perdido,0,32696.82,2026-08-02,70,Já compra de outro importador
2038,1007,1,WhatsApp,2025-08-06,Fechado ganho,100,82663.80,2025-08-29,23,
2039,1007,1,Reativação,2026-06-15,Negociação,75,61391.87,,,
2040,1009,7,Indicação,2026-03-17,Negociação,75,35388.70,,,
2041,1009,7,WhatsApp,2026-06-26,Qualificação,25,53556.42,,,
2042,1009,7,Instagram,2026-08-02,Negociação,75,17812.19,,,
2043,1009,7,Instagram,2026-08-02,Proposta enviada,50,35329.73,,,
2044,1010,42,Prospecção ativa,2025-11-05,Fechado perdido,0,9772.46,2025-12-18,43,Fechou com concorrente
2045,1010,42,Indicação,2025-09-30,Fechado ganho,100,48503.01,2025-10-06,6,
2046,1010,42,Prospecção ativa,2025-04-05,Prospecção,10,54718.05,,,
2047,1011,37,Indicação,2024-10-29,Fechado perdido,0,34706.40,2024-11-12,14,Mix de fragrâncias não atende
2048,1011,37,WhatsApp,2025-05-25,Fechado ganho,100,34048.86,2025-07-04,40,
2049,1011,37,Feira de beleza,2025-09-27,Fechado ganho,100,41617.07,2025-12-02,66,
2050,1012,16,Feira de beleza,2026-02-06,Fechado perdido,0,77216.77,2026-04-17,70,Fechou com concorrente
2051,1013,6,WhatsApp,2024-10-11,Proposta enviada,50,39609.71,,,
2052,1014,33,Feira de beleza,2025-07-03,Fechado ganho,100,52241.39,2025-07-09,6,
2053,1014,33,Inbound site,2025-04-20,Prospecção,10,82769.28,,,
2054,1014,33,Instagram,2025-11-15,Qualificação,25,63117.55,,,
2055,1015,6,Instagram,2024-11-22,Fechado ganho,100,77242.79,2025-02-05,75,
2056,1015,6,Inbound site,2025-04-23,Fechado ganho,100,29697.76,2025-07-02,70,
2057,1015,6,Inbound site,2025-01-13,Fechado ganho,100,31137.84,2025-02-22,40,
2058,1017,1,Inbound site,2026-06-12,Fechado perdido,0,70796.96,2026-08-17,66,Sem verba no momento
2059,1017,1,Inbound site,2025-12-20,Qualificação,25,40457.33,,,
2060,1017,1,Indicação,2025-04-19,Negociação,75,11633.07,,,
2061,1017,1,Instagram,2026-05-22,Proposta enviada,50,18139.86,,,
2062,1018,7,Feira de beleza,2025-06-08,Qualificação,25,71643.57,,,
2063,1018,7,Instagram,2025-12-18,Qualificação,25,90069.07,,,
2064,1018,9,Inbound site,2024-10-08,Fechado perdido,0,25647.13,2024-11-17,40,Fechou com concorrente
2065,1019,23,Instagram,2025-07-06,Qualificação,25,86568.64,,,
2066,1019,23,Instagram,2025-09-24,Qualificação,25,18435.13,,,
2067,1019,23,Inbound site,2025-06-18,Proposta enviada,50,81298.06,,,
2068,1020,29,Prospecção ativa,2026-06-18,Proposta enviada,50,54911.65,,,
2069,1020,29,Indicação,2024-11-24,Fechado ganho,100,16607.41,2024-12-26,32,
2070,1022,18,Feira de beleza,2026-06-30,Fechado ganho,100,18596.18,2026-08-05,36,
2071,1022,18,Instagram,2026-06-19,Negociação,75,32259.13,,,
2072,1022,18,WhatsApp,2026-06-11,Fechado ganho,100,28294.35,2026-07-21,40,
2073,1023,32,Indicação,2025-08-15,Fechado perdido,0,127966.83,2025-09-29,45,Preço acima do concorrente
2074,1024,21,Instagram,2025-01-13,Prospecção,10,8499.65,,,
2075,1024,21,Inbound site,2024-12-09,Fechado ganho,100,44082.27,2025-02-09,62,
2076,1024,21,WhatsApp,2026-05-27,Qualificação,25,98442.84,,,
2077,1024,21,Indicação,2026-06-01,Prospecção,10,132045.91,,,
2078,1024,21,WhatsApp,2024-11-05,Proposta enviada,50,144766.14,,,
2079,1024,21,WhatsApp,2025-11-02,Proposta enviada,50,137546.31,,,
2080,1025,24,Prospecção ativa,2026-08-19,Negociação,75,8122.29,,,
2081,1025,24,Reativação,2025-03-18,Fechado ganho,100,73605.93,2025-03-30,12,
2082,1025,24,Indicação,2026-08-24,Proposta enviada,50,78343.41,,,
2083,1027,15,Reativação,2026-03-05,Fechado ganho,100,31636.11,2026-04-03,29,
2084,1028,22,Inbound site,2026-07-09,Fechado ganho,100,15228.36,2026-08-01,23,
2085,1028,22,Reativação,2026-04-11,Fechado ganho,100,12209.29,2026-06-21,71,
2086,1028,22,WhatsApp,2025-01-31,Fechado perdido,0,46997.32,2025-03-04,32,Mix de fragrâncias não atende
2087,1029,10,Feira de beleza,2026-06-07,Fechado perdido,0,30588.24,2026-07-04,27,Pediu exclusividade de marca
2088,1029,10,Indicação,2026-06-23,Fechado perdido,0,12330.55,2026-07-25,32,Pediu exclusividade de marca
2089,1029,10,WhatsApp,2026-04-05,Negociação,75,46307.54,,,
2090,1030,1,Reativação,2025-12-09,Qualificação,25,9570.44,,,
2091,1030,1,Reativação,2025-06-22,Qualificação,25,62108.80,,,
2092,1030,1,Prospecção ativa,2025-08-02,Negociação,75,38724.01,,,
2093,1031,24,Instagram,2025-04-23,Fechado ganho,100,64344.09,2025-05-28,35,
2094,1031,24,Reativação,2026-07-02,Fechado ganho,100,39448.73,2026-07-25,23,
2095,1033,17,Prospecção ativa,2025-09-10,Negociação,75,88085.12,,,
2096,1033,17,WhatsApp,2025-11-10,Fechado ganho,100,8223.98,2025-12-03,23,
2097,1033,17,Instagram,2025-01-29,Prospecção,10,32872.36,,,
2098,1033,17,Reativação,2024-10-07,Fechado ganho,100,90621.08,2024-11-13,37,
2099,1034,24,Prospecção ativa,2024-12-07,Fechado ganho,100,21000.40,2025-01-17,41,
2100,1034,24,WhatsApp,2025-01-20,Fechado ganho,100,56786.41,2025-01-31,11,
2101,1034,24,Prospecção ativa,2025-11-28,Negociação,75,31258.15,,,
2102,1034,24,Inbound site,2026-07-27,Negociação,75,47324.25,,,
2103,1035,1,Reativação,2025-03-18,Proposta enviada,50,78202.64,,,
2104,1035,1,Instagram,2025-03-01,Fechado ganho,100,43827.07,2025-05-15,75,
2105,1035,1,Feira de beleza,2025-03-10,Qualificação,25,36968.92,,,
2106,1035,1,Reativação,2026-06-18,Proposta enviada,50,21584.57,,,
2107,1036,28,Feira de beleza,2025-08-18,Proposta enviada,50,17346.61,,,
2108,1036,28,Indicação,2024-10-20,Fechado perdido,0,44569.29,2024-12-27,68,Pediu exclusividade de marca
2109,1036,28,Feira de beleza,2025-05-10,Fechado perdido,0,75202.57,2025-07-17,68,Já compra de outro importador
2110,1036,28,Instagram,2025-07-12,Fechado ganho,100,82028.26,2025-09-05,55,
2111,1038,20,WhatsApp,2024-09-17,Fechado perdido,0,29554.19,2024-11-01,45,Sem verba no momento
2112,1039,10,Reativação,2026-02-18,Negociação,75,5368.04,,,
2113,1040,36,Feira de beleza,2025-02-10,Fechado perdido,0,91953.11,2025-03-25,43,Pediu exclusividade de marca
2114,1040,10,Reativação,2026-04-24,Proposta enviada,50,94790.87,,,
2115,1041,27,Reativação,2025-02-24,Fechado perdido,0,63144.23,2025-04-16,51,Sem verba no momento
2116,1041,27,Inbound site,2026-03-31,Proposta enviada,50,32566.33,,,
2117,1041,27,WhatsApp,2025-11-30,Fechado ganho,100,21255.67,2025-12-26,26,
2118,1041,27,Indicação,2024-11-01,Prospecção,10,52657.94,,,
2119,1042,42,Indicação,2025-04-05,Qualificação,25,13625.64,,,
2120,1043,19,Indicação,2025-09-17,Fechado perdido,0,78748.67,2025-11-11,55,Sem verba no momento
2121,1043,19,Instagram,2025-07-12,Fechado ganho,100,63103.28,2025-09-17,67,
2122,1043,19,Prospecção ativa,2026-02-09,Proposta enviada,50,7066.27,,,
2123,1043,19,Instagram,2026-08-28,Negociação,75,56070.80,,,
2124,1043,19,Prospecção ativa,2025-05-04,Negociação,75,91239.56,,,
2125,1043,19,WhatsApp,2026-04-30,Negociação,75,75523.57,,,
2126,1044,2,Reativação,2025-06-11,Negociação,75,17314.01,,,
2127,1044,2,Feira de beleza,2025-05-01,Qualificação,25,85543.15,,,
2128,1045,30,Instagram,2026-02-28,Prospecção,10,75012.49,,,
2129,1045,30,Reativação,2026-06-12,Proposta enviada,50,28218.63,,,
2130,1047,13,Instagram,2026-04-10,Fechado ganho,100,70904.95,2026-06-07,58,
2131,1047,13,Prospecção ativa,2026-03-11,Fechado ganho,100,28619.85,2026-05-12,62,
2132,1048,34,Feira de beleza,2025-08-06,Fechado perdido,0,36888.46,2025-09-28,53,Preço acima do concorrente
2133,1048,34,Inbound site,2025-06-13,Proposta enviada,50,53124.93,,,
2134,1048,23,Feira de beleza,2024-10-21,Negociação,75,42606.32,,,
2135,1049,36,Indicação,2026-05-24,Fechado ganho,100,78827.59,2026-05-29,5,
2136,1050,26,Prospecção ativa,2025-04-12,Prospecção,10,73081.71,,,
2137,1050,26,Indicação,2025-02-09,Fechado perdido,0,21856.95,2025-02-22,13,Sem verba no momento
2138,1051,29,Instagram,2026-07-16,Negociação,75,64288.73,,,
2139,1051,6,Prospecção ativa,2026-01-29,Fechado ganho,100,31147.94,2026-02-18,20,
2140,1052,28,Instagram,2026-01-16,Fechado ganho,100,66764.85,2026-03-12,55,
2141,1052,28,Instagram,2026-07-06,Fechado ganho,100,58504.32,2026-08-14,39,
2142,1053,3,Feira de beleza,2026-03-10,Prospecção,10,69272.10,,,
2143,1053,28,Instagram,2026-06-20,Negociação,75,6776.83,,,
2144,1053,28,Indicação,2026-04-26,Qualificação,25,53830.03,,,
2145,1053,3,Prospecção ativa,2025-07-25,Prospecção,10,33519.35,,,
2146,1054,28,Indicação,2026-04-15,Fechado ganho,100,91601.12,2026-04-20,5,
2147,1055,42,Reativação,2026-01-26,Negociação,75,70512.68,,,
2148,1055,42,WhatsApp,2026-07-20,Proposta enviada,50,59720.80,,,
2149,1055,42,Prospecção ativa,2025-11-01,Fechado ganho,100,34174.28,2025-12-04,33,
2150,1056,42,Inbound site,2026-08-04,Proposta enviada,50,43989.38,,,
2151,1056,42,Prospecção ativa,2026-04-22,Proposta enviada,50,22820.36,,,
2152,1056,42,Reativação,2025-09-17,Prospecção,10,47935.39,,,
2153,1056,42,Reativação,2025-04-25,Fechado ganho,100,74363.44,2025-05-02,7,
2154,1056,42,Reativação,2025-10-23,Prospecção,10,78439.30,,,
2155,1056,42,Reativação,2025-11-06,Prospecção,10,76529.19,,,
2156,1057,24,Indicação,2026-05-10,Fechado perdido,0,62981.15,2026-07-14,65,Fechou com concorrente
2157,1058,36,WhatsApp,2024-11-11,Qualificação,25,16273.89,,,
2158,1059,23,Reativação,2025-09-30,Fechado ganho,100,29541.56,2025-11-07,38,
2159,1059,23,Instagram,2026-05-22,Qualificação,25,41421.54,,,
2160,1060,30,Instagram,2025-02-26,Fechado ganho,100,13121.50,2025-03-26,28,
2161,1060,30,Inbound site,2025-06-08,Negociação,75,27281.51,,,
2162,1060,30,Indicação,2025-05-13,Fechado ganho,100,65809.63,2025-05-31,18,
2163,1061,7,Feira de beleza,2025-12-17,Negociação,75,14056.65,,,
2164,1061,7,Reativação,2026-07-05,Proposta enviada,50,12144.08,,,
2165,1061,7,Prospecção ativa,2025-11-06,Fechado ganho,100,66925.45,2025-12-09,33,
2166,1061,7,Instagram,2024-09-13,Negociação,75,76785.18,,,
2167,1062,26,Reativação,2026-05-10,Proposta enviada,50,3879.62,,,
2168,1062,11,Reativação,2025-11-22,Fechado ganho,100,58874.10,2025-11-29,7,
2169,1062,11,Prospecção ativa,2026-02-19,Fechado ganho,100,89210.11,2026-05-05,75,
2170,1062,26,Reativação,2026-06-01,Qualificação,25,68205.32,,,
2171,1062,11,WhatsApp,2025-11-11,Proposta enviada,50,65331.94,,,
2172,1062,11,Reativação,2026-04-07,Fechado ganho,100,12962.84,2026-04-21,14,
2173,1063,36,Inbound site,2026-02-11,Prospecção,10,53809.59,,,
2174,1063,36,Inbound site,2025-07-28,Qualificação,25,68794.22,,,
2175,1064,41,Feira de beleza,2026-06-19,Fechado ganho,100,23813.35,2026-07-30,41,
2176,1064,41,WhatsApp,2026-02-28,Prospecção,10,86440.03,,,
2177,1064,41,Feira de beleza,2026-08-31,Negociação,75,23360.87,,,
2178,1064,41,Feira de beleza,2026-08-17,Negociação,75,36799.63,,,
2179,1064,41,Instagram,2026-02-13,Fechado perdido,0,19946.93,2026-04-02,48,Mix de fragrâncias não atende
2180,1064,41,Inbound site,2026-07-02,Qualificação,25,76434.15,,,
2181,1066,23,Reativação,2026-06-08,Fechado ganho,100,6008.60,2026-06-13,5,
2182,1066,23,Inbound site,2026-05-01,Fechado ganho,100,29521.79,2026-05-31,30,
2183,1067,16,Inbound site,2026-05-26,Fechado ganho,100,41803.25,2026-06-26,31,
2184,1067,16,Prospecção ativa,2026-08-14,Negociação,75,77700.06,,,
2185,1068,26,Reativação,2025-03-25,Negociação,75,21506.68,,,
2186,1069,1,Reativação,2026-07-13,Qualificação,25,136142.90,,,
2187,1070,17,Feira de beleza,2025-11-18,Fechado perdido,0,9762.19,2025-12-25,37,Prazo de entrega
2188,1070,17,WhatsApp,2025-12-11,Fechado ganho,100,28330.04,2026-02-22,73,
2189,1070,17,Reativação,2026-08-24,Proposta enviada,50,58975.64,,,
2190,1072,12,WhatsApp,2024-09-25,Proposta enviada,50,9182.79,,,
2191,1072,12,Reativação,2025-05-18,Proposta enviada,50,58239.18,,,
2192,1072,12,Feira de beleza,2025-10-17,Fechado ganho,100,62752.16,2025-12-09,53,
2193,1073,9,Instagram,2025-10-27,Qualificação,25,84722.39,,,
2194,1074,18,Prospecção ativa,2024-09-23,Negociação,75,61205.57,,,
2195,1075,6,Prospecção ativa,2026-05-11,Qualificação,25,86274.57,,,
2196,1075,3,Indicação,2025-02-27,Fechado ganho,100,35991.00,2025-04-13,45,
2197,1075,6,Prospecção ativa,2025-08-24,Negociação,75,74174.02,,,
2198,1076,24,Indicação,2025-10-16,Qualificação,25,2711.32,,,
2199,1076,24,Reativação,2026-03-27,Qualificação,25,15025.89,,,
2200,1076,24,Indicação,2026-07-30,Negociação,75,89125.53,,,
2201,1076,24,Feira de beleza,2025-01-04,Prospecção,10,68316.38,,,
2202,1076,24,Instagram,2026-08-16,Fechado ganho,100,20563.84,2026-08-30,14,
2203,1076,24,Instagram,2024-09-02,Qualificação,25,43925.42,,,
2204,1077,27,Feira de beleza,2025-08-14,Qualificação,25,10008.63,,,
2205,1077,27,Inbound site,2025-08-28,Fechado ganho,100,64826.95,2025-09-09,12,
2206,1078,41,Instagram,2025-01-24,Negociação,75,5955.65,,,
2207,1078,2,Indicação,2026-04-28,Prospecção,10,68244.26,,,
2208,1078,2,Inbound site,2026-01-13,Fechado ganho,100,18923.31,2026-01-22,9,
2209,1078,41,Indicação,2025-04-10,Fechado ganho,100,91901.17,2025-05-05,25,
2210,1079,33,Prospecção ativa,2025-02-06,Prospecção,10,32158.97,,,
2211,1079,33,Inbound site,2025-12-03,Fechado perdido,0,61529.79,2026-01-31,59,Já compra de outro importador
2212,1079,33,Inbound site,2025-12-25,Qualificação,25,91091.09,,,
2213,1080,24,Indicação,2026-04-10,Fechado ganho,100,78952.27,2026-04-20,10,
2214,1080,24,Reativação,2026-07-24,Proposta enviada,50,6296.48,,,
2215,1081,39,Reativação,2025-03-22,Qualificação,25,73455.44,,,
2216,1082,13,Inbound site,2026-08-22,Negociação,75,21488.38,,,
2217,1082,13,Feira de beleza,2026-01-01,Qualificação,25,50914.66,,,
2218,1083,15,Prospecção ativa,2026-06-16,Prospecção,10,87191.78,,,
2219,1084,17,Feira de beleza,2025-05-07,Fechado ganho,100,37169.26,2025-05-18,11,
2220,1084,17,Inbound site,2025-10-08,Proposta enviada,50,85297.21,,,
2221,1084,17,Reativação,2025-07-17,Prospecção,10,77268.90,,,
2222,1085,2,WhatsApp,2026-06-07,Negociação,75,84654.64,,,
2223,1085,2,Prospecção ativa,2026-04-28,Prospecção,10,74925.72,,,
2224,1085,2,Reativação,2026-05-30,Proposta enviada,50,58306.68,,,
2225,1085,32,WhatsApp,2026-08-08,Negociação,75,56318.56,,,
2226,1087,26,Reativação,2025-11-08,Prospecção,10,64204.08,,,
2227,1087,26,Inbound site,2025-03-15,Qualificação,25,27645.36,,,
2228,1087,26,Prospecção ativa,2026-05-28,Qualificação,25,63217.59,,,
2229,1088,17,Reativação,2025-12-27,Fechado ganho,100,47664.00,2026-01-31,35,
2230,1088,17,WhatsApp,2024-11-26,Negociação,75,75380.42,,,
2231,1088,17,Reativação,2026-06-11,Fechado perdido,0,67945.41,2026-08-14,64,Preço acima do concorrente
2232,1088,17,Inbound site,2024-11-11,Prospecção,10,40509.67,,,
2233,1089,22,Indicação,2026-06-27,Negociação,75,39783.15,,,
2234,1089,22,Reativação,2026-07-28,Prospecção,10,27249.80,,,
2235,1089,22,Inbound site,2026-06-20,Proposta enviada,50,77290.50,,,
2236,1089,22,Feira de beleza,2026-06-24,Negociação,75,67081.92,,,
2237,1090,11,Instagram,2026-05-03,Fechado ganho,100,47265.58,2026-06-11,39,
2238,1090,2,Feira de beleza,2025-05-19,Fechado perdido,0,82639.57,2025-06-03,15,Pediu exclusividade de marca
2239,1090,2,Prospecção ativa,2025-05-07,Fechado ganho,100,80709.05,2025-06-20,44,
2240,1090,11,Inbound site,2026-03-19,Prospecção,10,88997.85,,,
2241,1092,42,Indicação,2025-01-21,Negociação,75,3608.16,,,
2242,1093,30,Inbound site,2026-05-20,Fechado ganho,100,78192.71,2026-06-07,18,
2243,1093,30,Indicação,2025-07-08,Proposta enviada,50,62116.59,,,
2244,1094,1,WhatsApp,2025-11-16,Fechado ganho,100,19932.95,2026-01-11,56,
2245,1094,1,WhatsApp,2026-07-10,Qualificação,25,64295.52,,,
2246,1095,7,Instagram,2025-09-11,Qualificação,25,27477.49,,,
2247,1096,5,WhatsApp,2026-01-08,Fechado ganho,100,41839.64,2026-01-16,8,
2248,1097,1,Indicação,2025-06-14,Fechado ganho,100,43178.19,2025-07-15,31,
2249,1098,27,Prospecção ativa,2025-12-09,Proposta enviada,50,49024.54,,,
2250,1098,27,Reativação,2025-06-11,Qualificação,25,16142.51,,,
2251,1099,7,Inbound site,2025-12-29,Negociação,75,4757.52,,,
2252,1101,23,Inbound site,2026-02-16,Qualificação,25,79981.10,,,
2253,1101,23,WhatsApp,2025-01-18,Fechado ganho,100,67141.21,2025-04-02,74,
2254,1102,40,Reativação,2024-12-10,Fechado perdido,0,43498.84,2025-02-11,63,Sem contato
2255,1102,40,Prospecção ativa,2024-09-23,Fechado ganho,100,44837.84,2024-11-30,68,
2256,1102,40,Instagram,2025-03-25,Fechado ganho,100,30860.38,2025-05-28,64,
2257,1103,8,Instagram,2026-02-17,Proposta enviada,50,53363.58,,,
2258,1104,31,Instagram,2025-02-13,Prospecção,10,98289.49,,,
2259,1105,8,Reativação,2025-03-28,Qualificação,25,68345.60,,,
2260,1105,8,Inbound site,2025-11-12,Qualificação,25,58483.45,,,
2261,1106,6,WhatsApp,2026-06-01,Fechado ganho,100,42541.84,2026-06-18,17,
2262,1106,19,Feira de beleza,2025-07-23,Negociação,75,11765.39,,,
2263,1106,19,Instagram,2025-11-10,Qualificação,25,80410.46,,,
2264,1106,19,Prospecção ativa,2025-02-24,Fechado perdido,0,45202.48,2025-04-17,52,Sem contato
2265,1106,19,WhatsApp,2025-09-19,Fechado perdido,0,84050.09,2025-10-15,26,Sem contato
2266,1106,19,Instagram,2025-03-19,Fechado ganho,100,76493.50,2025-04-11,23,
2267,1107,25,Feira de beleza,2026-02-02,Fechado ganho,100,43007.38,2026-04-02,59,
2268,1108,21,WhatsApp,2026-01-06,Qualificação,25,37543.12,,,
2269,1108,21,Indicação,2026-07-21,Fechado perdido,0,31315.40,2026-08-18,28,Sem contato
2270,1108,21,Reativação,2026-04-27,Fechado ganho,100,21602.93,2026-05-19,22,
2271,1109,13,Prospecção ativa,2024-09-01,Fechado ganho,100,31068.58,2024-09-14,13,
2272,1110,24,Instagram,2026-07-03,Negociação,75,10076.20,,,
2273,1110,24,Indicação,2025-11-28,Proposta enviada,50,35978.67,,,
2274,1110,24,WhatsApp,2026-02-18,Negociação,75,45863.97,,,
2275,1111,40,Feira de beleza,2026-07-22,Negociação,75,69132.73,,,
2276,1111,40,Indicação,2026-07-15,Proposta enviada,50,30375.42,,,
2277,1111,40,Reativação,2026-06-28,Fechado perdido,0,4350.65,2026-07-02,4,Preço acima do concorrente
2278,1112,9,Reativação,2026-04-27,Negociação,75,25226.61,,,
2279,1112,9,Feira de beleza,2024-11-29,Fechado ganho,100,76169.02,2025-01-09,41,
2280,1118,36,Indicação,2026-03-31,Qualificação,25,76165.75,,,
2281,1118,36,Feira de beleza,2026-06-27,Prospecção,10,56804.59,,,
2282,1118,36,Feira de beleza,2026-07-09,Proposta enviada,50,35024.82,,,
2283,1118,21,Inbound site,2026-08-16,Fechado perdido,0,24809.71,2026-08-27,11,Fechou com concorrente
2284,1119,8,Indicação,2026-08-29,Negociação,75,66143.99,,,
2285,1119,2,Prospecção ativa,2024-12-15,Prospecção,10,68513.21,,,
2286,1120,3,Feira de beleza,2026-03-11,Fechado ganho,100,61990.34,2026-03-30,19,
2287,1120,3,Inbound site,2026-04-08,Qualificação,25,60108.05,,,
2288,1120,3,Reativação,2025-05-20,Prospecção,10,67285.96,,,
2289,1121,11,Inbound site,2025-02-28,Proposta enviada,50,90373.50,,,
2290,1121,11,Inbound site,2024-12-29,Negociação,75,50302.98,,,
2291,1121,11,Instagram,2026-07-23,Proposta enviada,50,44772.48,,,
2292,1122,16,Inbound site,2024-11-12,Fechado ganho,100,94270.97,2024-11-23,11,
2293,1124,23,Feira de beleza,2026-02-15,Proposta enviada,50,64953.22,,,
2294,1124,23,Feira de beleza,2026-03-18,Qualificação,25,66706.09,,,
2295,1127,24,Instagram,2026-08-17,Proposta enviada,50,54834.10,,,
2296,1127,24,Instagram,2025-02-24,Fechado perdido,0,144713.84,2025-03-29,33,Preço acima do concorrente
2297,1127,24,WhatsApp,2024-10-09,Prospecção,10,117607.36,,,
2298,1127,24,Feira de beleza,2026-03-15,Prospecção,10,100586.67,,,
2299,1128,32,Prospecção ativa,2025-02-04,Negociação,75,68253.01,,,
2300,1129,20,Prospecção ativa,2025-07-13,Qualificação,25,43257.00,,,
2301,1130,21,Indicação,2024-11-30,Prospecção,10,22686.80,,,
2302,1130,21,WhatsApp,2026-06-03,Proposta enviada,50,33772.19,,,
2303,1130,21,Instagram,2025-03-31,Fechado ganho,100,4546.82,2025-05-10,40,
2304,1130,21,Instagram,2026-06-30,Prospecção,10,34696.27,,,
2305,1131,31,Inbound site,2026-05-10,Fechado ganho,100,55992.21,2026-06-27,48,
2306,1131,31,Indicação,2025-09-19,Prospecção,10,89286.36,,,
2307,1132,28,WhatsApp,2025-07-15,Fechado perdido,0,49837.89,2025-08-02,18,Mix de fragrâncias não atende
2308,1132,28,Indicação,2026-08-12,Negociação,75,66794.51,,,
2309,1132,4,Instagram,2024-09-21,Fechado ganho,100,79246.35,2024-11-15,55,
2310,1132,28,Inbound site,2025-08-01,Proposta enviada,50,66921.49,,,
2311,1134,35,Inbound site,2025-12-31,Qualificação,25,85147.50,,,
2312,1135,40,Feira de beleza,2026-02-19,Negociação,75,79203.94,,,
2313,1135,40,Feira de beleza,2026-04-22,Qualificação,25,48260.00,,,
2314,1136,13,Indicação,2026-04-25,Negociação,75,25120.14,,,
2315,1137,36,WhatsApp,2025-07-07,Qualificação,25,48030.05,,,
2316,1137,36,Feira de beleza,2025-02-26,Proposta enviada,50,10375.22,,,
2317,1137,36,Feira de beleza,2026-06-13,Proposta enviada,50,30581.74,,,
2318,1137,36,Prospecção ativa,2026-08-28,Qualificação,25,9157.77,,,
2319,1138,29,Inbound site,2026-02-02,Negociação,75,24627.96,,,
2320,1138,29,Indicação,2025-06-01,Negociação,75,41871.20,,,
2321,1138,29,Feira de beleza,2024-12-18,Fechado perdido,0,37932.25,2025-02-09,53,Prazo de entrega
2322,1138,29,Reativação,2026-02-14,Prospecção,10,56475.47,,,
2323,1139,26,Instagram,2025-07-25,Fechado ganho,100,89832.40,2025-08-04,10,
2324,1139,26,Feira de beleza,2025-05-16,Prospecção,10,53938.05,,,
2325,1139,26,Feira de beleza,2026-05-20,Prospecção,10,31260.79,,,
2326,1141,6,WhatsApp,2026-07-05,Negociação,75,36893.67,,,
2327,1143,15,WhatsApp,2025-04-15,Negociação,75,42952.79,,,
2328,1143,8,Feira de beleza,2025-10-26,Proposta enviada,50,17089.11,,,
2329,1144,10,Indicação,2026-07-15,Prospecção,10,76900.90,,,
2330,1144,10,WhatsApp,2025-03-07,Fechado ganho,100,66957.49,2025-03-31,24,
2331,1144,10,Reativação,2025-01-21,Fechado perdido,0,27443.67,2025-02-03,13,Já compra de outro importador
2332,1147,17,WhatsApp,2026-04-21,Prospecção,10,68921.77,,,
2333,1147,17,Feira de beleza,2026-02-21,Fechado perdido,0,51193.84,2026-04-07,45,Preço acima do concorrente
2334,1149,22,WhatsApp,2025-08-11,Negociação,75,52770.48,,,
2335,1149,22,Reativação,2025-11-20,Proposta enviada,50,4901.67,,,
2336,1150,7,Inbound site,2024-11-07,Qualificação,25,13766.59,,,
2337,1150,7,Instagram,2025-04-20,Prospecção,10,89419.07,,,
2338,1151,39,Prospecção ativa,2025-04-25,Prospecção,10,90436.33,,,
2339,1152,20,Reativação,2026-07-06,Fechado perdido,0,35850.69,2026-07-26,20,Fechou com concorrente
2340,1152,20,WhatsApp,2026-04-20,Negociação,75,76755.25,,,
2341,1152,20,Instagram,2025-05-20,Fechado ganho,100,4683.82,2025-07-21,62,
2342,1154,30,Reativação,2025-01-22,Negociação,75,61255.24,,,
2343,1154,30,Reativação,2024-12-23,Negociação,75,41431.73,,,
2344,1155,2,WhatsApp,2025-06-12,Qualificação,25,25729.75,,,
2345,1155,2,Instagram,2025-05-06,Fechado ganho,100,71447.26,2025-05-09,3,
2346,1155,2,Inbound site,2024-11-01,Qualificação,25,12699.59,,,
2347,1155,2,Inbound site,2025-04-27,Fechado perdido,0,92550.91,2025-06-21,55,Mix de fragrâncias não atende
2348,1156,28,Reativação,2025-10-08,Negociação,75,42879.21,,,
2349,1156,28,Feira de beleza,2025-05-28,Proposta enviada,50,78844.22,,,
2350,1158,11,WhatsApp,2025-12-20,Proposta enviada,50,28267.29,,,
2351,1158,11,WhatsApp,2025-11-20,Negociação,75,16988.94,,,
2352,1160,2,WhatsApp,2026-03-20,Qualificação,25,7828.48,,,
2353,1161,38,Indicação,2025-12-17,Qualificação,25,61169.04,,,
2354,1161,38,Instagram,2025-08-17,Fechado perdido,0,34741.55,2025-09-02,16,Já compra de outro importador
2355,1162,1,WhatsApp,2025-12-23,Negociação,75,54719.17,,,
2356,1163,26,Inbound site,2026-05-20,Fechado ganho,100,86821.25,2026-08-01,73,
2357,1163,26,Indicação,2025-08-24,Fechado ganho,100,71924.43,2025-09-11,18,
2358,1164,34,Reativação,2025-07-24,Negociação,75,75642.18,,,
2359,1164,34,Feira de beleza,2026-05-28,Fechado perdido,0,4721.50,2026-07-03,36,Sem verba no momento
2360,1164,34,WhatsApp,2024-12-30,Qualificação,25,20681.13,,,
2361,1165,26,Indicação,2026-08-22,Negociação,75,65158.47,,,
2362,1166,36,Instagram,2025-06-29,Qualificação,25,23127.93,,,
2363,1166,36,WhatsApp,2025-08-20,Fechado ganho,100,56059.90,2025-09-21,32,
2364,1166,36,Feira de beleza,2026-03-14,Negociação,75,37304.32,,,
2365,1166,36,WhatsApp,2026-04-19,Prospecção,10,32756.33,,,
2366,1166,36,Inbound site,2026-08-15,Proposta enviada,50,86514.52,,,
2367,1166,18,Instagram,2024-11-26,Negociação,75,91429.00,,,
2368,1167,14,Indicação,2025-12-20,Proposta enviada,50,36952.39,,,
2369,1167,14,Indicação,2026-04-27,Prospecção,10,71133.53,,,
2370,1167,14,Reativação,2024-12-31,Fechado ganho,100,57988.78,2025-02-16,47,
2371,1168,14,Prospecção ativa,2026-02-05,Proposta enviada,50,17570.72,,,
2372,1169,4,Inbound site,2026-01-09,Negociação,75,60465.38,,,
2373,1169,4,Instagram,2026-01-04,Proposta enviada,50,121258.18,,,
2374,1169,4,Instagram,2024-09-09,Fechado ganho,100,70280.28,2024-09-23,14,
2375,1169,4,Instagram,2024-10-16,Negociação,75,17420.49,,,
2376,1170,31,Feira de beleza,2024-12-26,Prospecção,10,134042.63,,,
2377,1170,21,WhatsApp,2026-07-06,Proposta enviada,50,94393.71,,,
2378,1171,10,Instagram,2025-05-09,Qualificação,25,8439.99,,,
2379,1172,39,Inbound site,2025-02-28,Qualificação,25,63357.62,,,
2380,1173,21,Reativação,2026-04-15,Fechado ganho,100,35577.87,2026-06-22,68,
2381,1174,10,Indicação,2025-04-21,Qualificação,25,93844.00,,,
2382,1174,10,Indicação,2025-04-17,Proposta enviada,50,125618.19,,,
2383,1174,10,Inbound site,2025-12-14,Qualificação,25,16538.22,,,
2384,1175,26,Feira de beleza,2025-03-06,Prospecção,10,68991.43,,,
2385,1176,11,Prospecção ativa,2024-11-15,Fechado ganho,100,7138.35,2024-12-20,35,
2386,1176,23,Indicação,2026-01-02,Fechado perdido,0,90689.63,2026-02-25,54,Já compra de outro importador
2387,1176,23,Reativação,2025-06-24,Fechado perdido,0,93270.58,2025-08-06,43,Fechou com concorrente
2388,1177,32,Prospecção ativa,2024-09-22,Negociação,75,77807.59,,,
2389,1177,32,Feira de beleza,2024-10-24,Prospecção,10,33813.75,,,
2390,1177,32,Indicação,2025-01-16,Fechado ganho,100,86645.42,2025-01-21,5,
2391,1178,5,Inbound site,2025-10-13,Proposta enviada,50,69183.14,,,
2392,1178,5,Feira de beleza,2025-12-25,Fechado ganho,100,93021.08,2026-01-13,19,
2393,1178,5,Inbound site,2026-07-18,Prospecção,10,78099.38,,,
2394,1178,5,Feira de beleza,2026-05-29,Fechado ganho,100,11726.45,2026-06-19,21,
2395,1178,5,Instagram,2026-08-08,Qualificação,25,46019.57,,,
2396,1178,5,Feira de beleza,2026-01-16,Prospecção,10,79838.18,,,
2397,1179,29,WhatsApp,2024-12-07,Prospecção,10,69937.18,,,
2398,1179,29,Instagram,2026-05-08,Proposta enviada,50,8976.31,,,
2399,1180,8,Feira de beleza,2026-08-17,Negociação,75,22322.14,,,
2400,1180,8,Inbound site,2026-04-18,Negociação,75,7276.17,,,
2401,1182,26,WhatsApp,2025-02-24,Proposta enviada,50,2864.83,,,
2402,1183,29,Feira de beleza,2025-10-07,Prospecção,10,60646.86,,,
2403,1183,29,Feira de beleza,2024-12-02,Fechado perdido,0,68675.64,2024-12-31,29,Sem verba no momento
2404,1183,29,Reativação,2025-08-30,Fechado ganho,100,36938.45,2025-09-05,6,
2405,1184,25,Feira de beleza,2025-11-15,Negociação,75,79681.97,,,
2406,1184,25,Indicação,2025-12-15,Qualificação,25,24558.36,,,
2407,1187,34,WhatsApp,2024-12-27,Fechado ganho,100,30888.14,2025-02-05,40,
2408,1188,16,WhatsApp,2026-02-27,Proposta enviada,50,23905.44,,,
2409,1189,27,Instagram,2025-09-23,Fechado ganho,100,135152.60,2025-10-04,11,
2410,1189,27,WhatsApp,2026-01-16,Proposta enviada,50,69580.96,,,
2411,1189,27,Prospecção ativa,2025-06-07,Fechado perdido,0,89438.41,2025-07-16,39,Já compra de outro importador
2412,1189,27,WhatsApp,2025-08-30,Negociação,75,116938.65,,,
2413,1189,27,WhatsApp,2025-08-25,Fechado ganho,100,106002.33,2025-09-13,19,
2414,1189,27,Inbound site,2025-11-09,Proposta enviada,50,31580.06,,,
2415,1191,33,Feira de beleza,2026-08-29,Negociação,75,34775.02,,,
2416,1191,33,Reativação,2025-06-12,Fechado ganho,100,3393.96,2025-08-02,51,
2417,1192,14,Prospecção ativa,2026-06-28,Negociação,75,27385.84,,,
2418,1192,14,Inbound site,2026-05-23,Negociação,75,7642.46,,,
2419,1192,14,Indicação,2026-01-19,Fechado perdido,0,27178.15,2026-03-20,60,Sem contato
2420,1192,14,Feira de beleza,2025-12-08,Fechado perdido,0,7710.26,2025-12-11,3,Fechou com concorrente
2421,1193,5,Inbound site,2026-01-18,Prospecção,10,54757.80,,,
2422,1193,5,Indicação,2026-06-27,Negociação,75,64002.45,,,
2423,1193,5,Prospecção ativa,2025-10-29,Fechado ganho,100,83574.13,2025-12-11,43,
2424,1193,5,Indicação,2026-07-22,Negociação,75,92934.12,,,
2425,1195,2,WhatsApp,2026-01-19,Prospecção,10,30652.63,,,
2426,1195,1,Instagram,2025-10-18,Proposta enviada,50,57827.13,,,
2427,1196,41,Indicação,2025-06-27,Proposta enviada,50,128391.54,,,
2428,1196,41,Reativação,2026-04-17,Qualificação,25,31483.16,,,
2429,1198,21,Reativação,2026-01-03,Fechado ganho,100,27047.84,2026-02-02,30,
2430,1198,21,Inbound site,2025-07-13,Qualificação,25,73738.72,,,
2431,1199,26,Reativação,2025-10-07,Qualificação,25,69603.48,,,
2432,1201,34,Feira de beleza,2025-12-29,Prospecção,10,24660.07,,,
2433,1201,34,Reativação,2026-01-19,Negociação,75,4502.68,,,
2434,1201,34,Indicação,2026-03-09,Qualificação,25,61616.47,,,
2435,1202,21,WhatsApp,2025-09-13,Negociação,75,54051.41,,,
2436,1203,35,Prospecção ativa,2025-04-16,Prospecção,10,69441.59,,,
2437,1203,35,WhatsApp,2025-09-16,Qualificação,25,71328.00,,,
2438,1204,13,Prospecção ativa,2026-07-11,Negociação,75,24469.66,,,
2439,1205,7,Feira de beleza,2025-09-19,Fechado perdido,0,79576.05,2025-10-23,34,Preço acima do concorrente
2440,1205,7,Indicação,2024-11-22,Fechado perdido,0,65858.73,2025-01-04,43,Mix de fragrâncias não atende
2441,1206,42,Reativação,2025-05-07,Negociação,75,87780.90,,,
2442,1206,42,Feira de beleza,2026-02-15,Proposta enviada,50,71892.87,,,
2443,1206,42,Instagram,2025-07-21,Prospecção,10,66747.04,,,
2444,1206,42,Indicação,2026-04-08,Negociação,75,21497.87,,,
2445,1209,16,WhatsApp,2024-09-10,Negociação,75,52584.73,,,
2446,1209,16,Reativação,2026-05-08,Fechado perdido,0,15547.60,2026-05-26,18,Prazo de entrega
2447,1210,10,Feira de beleza,2024-11-20,Qualificação,25,9898.32,,,
2448,1210,10,Feira de beleza,2025-07-04,Fechado ganho,100,12933.92,2025-07-12,8,
2449,1210,10,Feira de beleza,2025-05-24,Fechado perdido,0,33789.22,2025-06-02,9,Já compra de outro importador
2450,1211,1,Indicação,2025-08-15,Fechado ganho,100,43539.68,2025-09-08,24,
2451,1211,1,Instagram,2025-05-29,Fechado ganho,100,14525.37,2025-06-18,20,
2452,1211,1,Indicação,2025-11-28,Fechado ganho,100,46268.04,2025-12-21,23,
2453,1211,1,Prospecção ativa,2025-01-13,Fechado ganho,100,57928.18,2025-03-29,75,
2454,1214,25,Reativação,2026-08-28,Negociação,75,10442.12,,,
2455,1216,38,Prospecção ativa,2025-11-21,Prospecção,10,7379.04,,,
2456,1216,38,Prospecção ativa,2025-03-15,Fechado ganho,100,9064.31,2025-05-12,58,
2457,1216,38,Indicação,2024-12-19,Proposta enviada,50,10084.01,,,
2458,1217,15,Inbound site,2025-03-09,Fechado ganho,100,89245.66,2025-04-11,33,
2459,1218,5,Indicação,2025-01-29,Fechado perdido,0,15854.61,2025-03-08,38,Fechou com concorrente
2460,1218,5,WhatsApp,2026-05-01,Qualificação,25,6099.24,,,
2461,1219,38,Instagram,2025-10-05,Fechado perdido,0,78180.46,2025-10-25,20,Pediu exclusividade de marca
2462,1219,38,Feira de beleza,2025-08-19,Proposta enviada,50,50302.12,,,
2463,1219,38,Feira de beleza,2024-10-13,Fechado ganho,100,85701.49,2024-10-18,5,
2464,1219,38,Indicação,2025-11-03,Fechado ganho,100,79943.10,2025-12-11,38,
2465,1220,9,WhatsApp,2025-01-05,Fechado ganho,100,14574.08,2025-03-06,60,
2466,1220,34,Prospecção ativa,2026-05-20,Fechado ganho,100,82939.67,2026-06-22,33,
2467,1220,34,Prospecção ativa,2026-01-31,Proposta enviada,50,37432.84,,,
2468,1221,8,Instagram,2024-11-30,Fechado ganho,100,62162.00,2025-01-02,33,
2469,1221,8,Prospecção ativa,2026-06-02,Qualificação,25,51548.62,,,
2470,1221,8,Feira de beleza,2025-02-24,Negociação,75,88982.02,,,
2471,1221,8,Prospecção ativa,2026-08-27,Prospecção,10,69549.64,,,
2472,1221,8,Indicação,2025-09-17,Fechado perdido,0,65319.43,2025-10-02,15,Mix de fragrâncias não atende
2473,1221,8,Prospecção ativa,2025-03-07,Fechado ganho,100,44425.22,2025-04-17,41,
2474,1222,5,Indicação,2024-12-01,Qualificação,25,24427.85,,,
2475,1222,5,Reativação,2024-09-13,Fechado perdido,0,33736.20,2024-10-15,32,Sem verba no momento
2476,1222,5,Feira de beleza,2024-09-11,Fechado ganho,100,40453.35,2024-10-21,40,
2477,1222,5,Indicação,2025-11-08,Negociação,75,22565.20,,,
2478,1223,36,Indicação,2026-03-13,Prospecção,10,45934.35,,,
2479,1223,36,Reativação,2024-12-02,Fechado ganho,100,68722.50,2024-12-27,25,
2480,1224,24,Reativação,2025-05-25,Prospecção,10,28418.04,,,
2481,1225,42,Prospecção ativa,2025-06-04,Fechado perdido,0,4099.01,2025-07-09,35,Mix de fragrâncias não atende
2482,1225,42,Reativação,2025-07-22,Proposta enviada,50,93609.71,,,
2483,1226,39,Inbound site,2025-05-26,Qualificação,25,30485.10,,,
2484,1226,39,Indicação,2025-06-01,Proposta enviada,50,83808.05,,,
2485,1227,27,Prospecção ativa,2024-12-16,Qualificação,25,39724.64,,,
2486,1228,37,Reativação,2026-03-05,Fechado ganho,100,42715.02,2026-04-14,40,
2487,1228,37,Reativação,2026-02-05,Negociação,75,45332.80,,,
2488,1229,11,Reativação,2026-06-23,Prospecção,10,17081.76,,,
2489,1230,42,Indicação,2024-09-27,Fechado perdido,0,16373.82,2024-11-30,64,Preço acima do concorrente
2490,1230,42,Reativação,2025-03-16,Prospecção,10,38465.69,,,
2491,1231,27,Instagram,2026-03-06,Qualificação,25,79242.85,,,
2492,1231,1,Instagram,2024-10-03,Fechado ganho,100,4570.30,2024-11-10,38,
2493,1232,40,Prospecção ativa,2024-11-09,Proposta enviada,50,159225.00,,,
2494,1232,40,Reativação,2025-07-09,Fechado ganho,100,31828.05,2025-07-29,20,
2495,1232,40,Indicação,2025-10-23,Qualificação,25,130055.30,,,
2496,1233,14,Feira de beleza,2025-03-04,Prospecção,10,3439.74,,,
2497,1233,14,Inbound site,2025-12-04,Fechado ganho,100,51943.92,2026-02-16,74,
2498,1233,14,Instagram,2026-07-30,Negociação,75,92064.29,,,
2499,1233,14,Instagram,2026-06-12,Fechado ganho,100,12527.04,2026-07-16,34,
2500,1234,37,Prospecção ativa,2024-12-07,Fechado perdido,0,10048.11,2024-12-21,14,Prazo de entrega
2501,1235,37,Reativação,2025-11-14,Negociação,75,92937.98,,,
2502,1235,37,Instagram,2025-06-02,Fechado ganho,100,82407.94,2025-06-05,3,
2503,1236,28,Instagram,2025-07-21,Fechado ganho,100,153574.31,2025-07-30,9,
2504,1236,28,Inbound site,2025-01-06,Proposta enviada,50,12456.45,,,
2505,1236,28,Prospecção ativa,2024-10-06,Proposta enviada,50,39808.81,,,
2506,1238,30,WhatsApp,2025-05-11,Proposta enviada,50,81315.78,,,
2507,1238,30,Feira de beleza,2024-10-31,Fechado ganho,100,13430.44,2024-11-17,17,
2508,1241,38,Reativação,2025-10-24,Fechado ganho,100,10945.98,2026-01-02,70,
2509,1241,38,Reativação,2026-05-11,Prospecção,10,3537.22,,,
2510,1241,38,Reativação,2025-08-14,Proposta enviada,50,81944.25,,,
2511,1242,5,WhatsApp,2026-08-31,Proposta enviada,50,92604.78,,,
2512,1242,5,Inbound site,2024-11-03,Proposta enviada,50,91148.47,,,
2513,1244,25,Instagram,2025-12-11,Proposta enviada,50,76558.49,,,
2514,1247,1,Indicação,2026-01-08,Proposta enviada,50,91770.56,,,
2515,1248,18,Inbound site,2026-07-11,Fechado ganho,100,34903.48,2026-08-10,30,
2516,1248,18,Feira de beleza,2025-09-20,Negociação,75,61617.43,,,
2517,1249,17,Inbound site,2026-07-22,Negociação,75,46520.27,,,
2518,1249,17,Prospecção ativa,2025-08-08,Prospecção,10,8280.91,,,
2519,1250,37,Reativação,2025-09-18,Fechado ganho,100,88875.30,2025-10-17,29,
2520,1251,29,Feira de beleza,2026-07-03,Prospecção,10,32505.00,,,
2521,1252,33,Inbound site,2025-02-20,Prospecção,10,45279.41,,,
2522,1253,12,Reativação,2026-07-25,Proposta enviada,50,17311.36,,,
2523,1253,12,Instagram,2026-07-28,Negociação,75,19215.64,,,
2524,1253,12,Instagram,2026-08-23,Negociação,75,41935.71,,,
2525,1254,36,Feira de beleza,2025-01-01,Fechado ganho,100,88560.09,2025-02-28,58,
2526,1254,36,Instagram,2025-10-24,Fechado perdido,0,53152.19,2025-12-23,60,Fechou com concorrente
2527,1254,36,Instagram,2026-08-17,Fechado perdido,0,25517.71,2026-08-23,6,Pediu exclusividade de marca
2528,1255,42,Instagram,2026-04-06,Proposta enviada,50,52663.85,,,
2529,1255,42,WhatsApp,2026-07-28,Negociação,75,154800.23,,,
2530,1255,42,Indicação,2025-11-14,Qualificação,25,139407.62,,,
2531,1256,23,Instagram,2026-04-26,Prospecção,10,67724.20,,,
2532,1256,23,Indicação,2026-03-05,Fechado ganho,100,77786.35,2026-04-30,56,
2533,1257,10,Indicação,2024-09-04,Fechado perdido,0,93508.64,2024-11-11,68,Pediu exclusividade de marca
2534,1257,42,Reativação,2026-08-20,Proposta enviada,50,112377.34,,,
2535,1258,38,Prospecção ativa,2025-01-28,Prospecção,10,50892.20,,,
2536,1261,12,Inbound site,2026-01-24,Proposta enviada,50,75298.51,,,
2537,1261,12,Instagram,2026-03-04,Negociação,75,55951.69,,,
2538,1262,35,Reativação,2026-08-13,Qualificação,25,36076.67,,,
2539,1262,35,Inbound site,2026-07-14,Qualificação,25,31053.50,,,
2540,1262,35,Feira de beleza,2026-07-17,Proposta enviada,50,66140.86,,,
2541,1262,35,Indicação,2026-08-01,Negociação,75,150988.71,,,
2542,1262,35,Inbound site,2026-08-07,Proposta enviada,50,39796.98,,,
2543,1262,35,Feira de beleza,2026-06-24,Qualificação,25,54522.84,,,
2544,1263,24,Reativação,2025-05-01,Qualificação,25,78791.21,,,
2545,1263,24,Indicação,2026-03-25,Fechado ganho,100,53141.08,2026-05-16,52,
2546,1264,5,Reativação,2025-06-18,Qualificação,25,54888.85,,,
2547,1264,5,Feira de beleza,2024-12-07,Qualificação,25,67216.22,,,
2548,1267,9,Instagram,2024-11-02,Fechado perdido,0,92940.42,2024-11-12,10,Já compra de outro importador
2549,1270,16,Instagram,2025-01-30,Qualificação,25,53220.33,,,
2550,1270,16,Instagram,2026-05-19,Fechado ganho,100,40799.45,2026-06-21,33,
2551,1270,16,Prospecção ativa,2025-10-31,Fechado perdido,0,55709.85,2025-12-11,41,Já compra de outro importador
2552,1270,16,Feira de beleza,2025-03-09,Negociação,75,65753.20,,,
2553,1270,16,Feira de beleza,2026-05-23,Fechado ganho,100,31424.06,2026-07-26,64,
2554,1270,16,Feira de beleza,2024-11-30,Fechado perdido,0,2750.10,2025-02-07,69,Preço acima do concorrente
2555,1271,39,Feira de beleza,2026-06-20,Fechado perdido,0,67977.35,2026-06-25,5,Sem verba no momento
2556,1271,39,Inbound site,2025-09-25,Prospecção,10,60784.59,,,
2557,1271,39,Reativação,2024-09-07,Fechado ganho,100,59167.57,2024-10-06,29,
2558,1273,34,Inbound site,2025-03-24,Fechado ganho,100,52607.52,2025-04-02,9,
2559,1274,12,Instagram,2024-11-30,Negociação,75,16688.19,,,
2560,1274,12,Instagram,2025-04-22,Proposta enviada,50,88897.19,,,
2561,1274,12,Indicação,2026-06-24,Prospecção,10,55685.91,,,
2562,1274,12,Prospecção ativa,2026-02-28,Fechado ganho,100,49034.14,2026-04-13,44,
2563,1275,4,Indicação,2026-04-24,Fechado perdido,0,19043.08,2026-06-13,50,Fechou com concorrente
2564,1276,37,Reativação,2026-07-14,Prospecção,10,57645.36,,,
2565,1276,37,Inbound site,2024-12-02,Qualificação,25,3695.92,,,
2566,1276,37,Indicação,2025-07-09,Fechado ganho,100,21220.66,2025-07-21,12,
2567,1277,5,Inbound site,2025-10-19,Fechado ganho,100,113637.53,2025-12-22,64,
2568,1277,5,Prospecção ativa,2025-11-05,Fechado perdido,0,129247.55,2025-11-21,16,Mix de fragrâncias não atende
2569,1278,26,Inbound site,2025-09-06,Qualificação,25,43037.98,,,
2570,1278,26,Instagram,2025-10-10,Negociação,75,88431.90,,,
2571,1279,7,Instagram,2026-05-30,Prospecção,10,60881.86,,,
2572,1279,7,Reativação,2026-07-27,Negociação,75,43173.81,,,
2573,1280,30,Inbound site,2026-01-20,Qualificação,25,65355.91,,,
2574,1280,30,Reativação,2025-04-20,Qualificação,25,36419.92,,,
2575,1280,30,Feira de beleza,2026-02-15,Fechado ganho,100,21939.67,2026-03-20,33,
2576,1281,29,Reativação,2026-06-18,Proposta enviada,50,115528.23,,,
2577,1281,29,Inbound site,2026-03-30,Proposta enviada,50,102770.99,,,
2578,1281,29,Reativação,2026-01-08,Prospecção,10,164769.15,,,
2579,1282,11,Feira de beleza,2025-06-26,Fechado ganho,100,77297.63,2025-08-08,43,
2580,1283,19,Reativação,2024-09-01,Proposta enviada,50,75972.83,,,
2581,1283,26,Inbound site,2026-05-05,Fechado perdido,0,31647.16,2026-07-13,69,Sem verba no momento
2582,1283,19,Prospecção ativa,2025-02-11,Qualificação,25,33423.82,,,
2583,1284,41,Inbound site,2026-07-11,Fechado ganho,100,81906.12,2026-08-02,22,
2584,1284,41,Instagram,2026-05-23,Qualificação,25,63597.32,,,
2585,1285,29,Inbound site,2026-05-02,Negociação,75,50147.37,,,
2586,1285,29,Prospecção ativa,2026-06-02,Fechado ganho,100,39715.69,2026-06-27,25,
2587,1285,29,Indicação,2025-03-06,Prospecção,10,68799.47,,,
2588,1285,29,Feira de beleza,2025-05-01,Proposta enviada,50,78582.03,,,
2589,1286,19,WhatsApp,2024-09-14,Fechado perdido,0,60765.86,2024-11-17,64,Fechou com concorrente
2590,1286,19,Reativação,2025-05-27,Proposta enviada,50,24109.84,,,
2591,1287,22,Indicação,2026-06-19,Proposta enviada,50,82388.55,,,
2592,1287,22,WhatsApp,2025-01-08,Fechado perdido,0,10423.56,2025-02-15,38,Sem contato
2593,1287,22,Feira de beleza,2026-08-25,Qualificação,25,53280.30,,,
2594,1287,22,Prospecção ativa,2025-01-13,Qualificação,25,52742.88,,,
2595,1287,22,Prospecção ativa,2026-06-12,Fechado ganho,100,18100.90,2026-06-26,14,
2596,1287,22,Prospecção ativa,2025-01-23,Fechado perdido,0,2762.28,2025-03-22,58,Preço acima do concorrente
2597,1288,2,Instagram,2026-08-31,Negociação,75,61707.35,,,
2598,1288,1,Indicação,2025-09-05,Qualificação,25,25121.57,,,
2599,1289,18,Reativação,2026-01-18,Qualificação,25,113582.08,,,
2600,1289,18,Reativação,2025-04-27,Proposta enviada,50,136852.44,,,
2601,1289,18,Prospecção ativa,2026-08-26,Prospecção,10,104655.70,,,
2602,1289,18,Inbound site,2026-06-25,Qualificação,25,98690.85,,,
2603,1290,4,Feira de beleza,2026-08-02,Negociação,75,67426.21,,,
2604,1290,4,Indicação,2026-08-20,Prospecção,10,11951.14,,,
2605,1291,7,Feira de beleza,2026-03-19,Proposta enviada,50,168641.67,,,
2606,1291,7,Indicação,2026-06-03,Fechado ganho,100,32614.41,2026-07-08,35,
2607,1292,9,Instagram,2026-02-23,Fechado ganho,100,162432.94,2026-03-17,22,
2608,1292,9,Prospecção ativa,2025-05-14,Prospecção,10,32303.99,,,
2609,1292,9,Prospecção ativa,2026-08-11,Prospecção,10,155278.39,,,
2610,1292,9,WhatsApp,2025-05-14,Proposta enviada,50,26918.66,,,
2611,1295,3,WhatsApp,2026-01-17,Prospecção,10,9366.78,,,
2612,1295,3,Instagram,2025-06-07,Fechado perdido,0,21806.68,2025-07-31,54,Fechou com concorrente
2613,1295,3,Instagram,2025-07-09,Fechado ganho,100,91656.51,2025-08-11,33,
2614,1295,3,WhatsApp,2025-04-24,Qualificação,25,92427.30,,,
2615,1296,30,Feira de beleza,2026-06-27,Fechado perdido,0,90121.01,2026-07-13,16,Fechou com concorrente
2616,1297,24,Feira de beleza,2026-04-05,Fechado perdido,0,47364.58,2026-06-06,62,Pediu exclusividade de marca
2617,1297,24,Feira de beleza,2026-02-12,Prospecção,10,81288.24,,,
2618,1297,24,Inbound site,2024-11-10,Proposta enviada,50,64268.45,,,
2619,1298,33,WhatsApp,2025-01-07,Proposta enviada,50,5220.66,,,
2620,1299,39,WhatsApp,2026-06-19,Proposta enviada,50,6452.35,,,
2621,1299,39,WhatsApp,2026-07-02,Prospecção,10,6810.93,,,
2622,1299,39,WhatsApp,2026-04-11,Prospecção,10,16072.54,,,
2623,1299,39,WhatsApp,2025-09-18,Fechado perdido,0,46144.21,2025-10-05,17,Já compra de outro importador
2624,1299,39,Reativação,2026-08-08,Negociação,75,36954.72,,,
2625,1299,39,Prospecção ativa,2026-02-03,Fechado ganho,100,80862.57,2026-03-19,44,
2626,1300,13,Prospecção ativa,2025-05-29,Fechado ganho,100,18011.17,2025-06-17,19,
2627,1300,13,Prospecção ativa,2025-01-07,Prospecção,10,76308.66,,,
2628,1301,40,Indicação,2025-01-13,Proposta enviada,50,34979.77,,,
2629,1301,40,WhatsApp,2026-02-08,Fechado perdido,0,89944.78,2026-03-29,49,Sem verba no momento
2630,1301,40,Prospecção ativa,2025-05-02,Qualificação,25,11516.89,,,
2631,1302,15,Indicação,2025-07-04,Fechado perdido,0,64365.87,2025-08-04,31,Sem verba no momento
2632,1303,9,Feira de beleza,2025-04-28,Fechado perdido,0,39786.68,2025-06-06,39,Prazo de entrega
2633,1305,8,Inbound site,2026-06-22,Negociação,75,88234.58,,,
2634,1306,41,Feira de beleza,2026-06-16,Qualificação,25,88242.03,,,
2635,1306,41,Feira de beleza,2026-03-05,Proposta enviada,50,75983.53,,,
2636,1307,32,Indicação,2026-04-03,Prospecção,10,70278.63,,,
2637,1307,32,Instagram,2026-06-20,Fechado perdido,0,73841.56,2026-08-25,66,Pediu exclusividade de marca
2638,1308,16,Feira de beleza,2026-07-01,Fechado perdido,0,154452.83,2026-07-29,28,Sem verba no momento
2639,1308,16,Feira de beleza,2026-05-03,Qualificação,25,64556.35,,,
2640,1308,16,Inbound site,2026-07-08,Qualificação,25,119629.61,,,
2641,1308,16,Instagram,2026-08-28,Qualificação,25,53388.14,,,
2642,1309,39,Instagram,2026-01-06,Fechado ganho,100,11322.55,2026-01-23,17,
2643,1310,38,Reativação,2026-05-19,Proposta enviada,50,23461.96,,,
2644,1310,38,Indicação,2026-05-23,Proposta enviada,50,89061.84,,,
2645,1310,38,WhatsApp,2026-05-19,Qualificação,25,91423.17,,,
2646,1311,5,Feira de beleza,2025-04-26,Negociação,75,77683.53,,,
2647,1311,5,Prospecção ativa,2025-06-10,Fechado ganho,100,31536.13,2025-08-17,68,
2648,1311,15,Instagram,2026-07-15,Proposta enviada,50,18686.90,,,
2649,1311,5,WhatsApp,2025-09-27,Negociação,75,39467.42,,,
2650,1313,39,Reativação,2025-02-02,Prospecção,10,89603.07,,,
2651,1313,39,Instagram,2025-05-20,Proposta enviada,50,51775.97,,,
2652,1314,29,Instagram,2025-12-31,Proposta enviada,50,86800.69,,,
2653,1314,29,Instagram,2026-01-10,Negociação,75,27631.52,,,
2654,1314,29,Inbound site,2026-03-21,Fechado ganho,100,24340.37,2026-03-27,6,
2655,1314,29,Indicação,2026-08-06,Qualificação,25,26832.69,,,
2656,1318,31,Instagram,2025-07-21,Negociação,75,47086.03,,,
2657,1320,5,WhatsApp,2026-06-24,Qualificação,25,77559.53,,,
2658,1320,42,Prospecção ativa,2025-03-22,Prospecção,10,13087.04,,,
2659,1321,27,Inbound site,2025-09-24,Qualificação,25,72174.13,,,
2660,1321,27,Reativação,2026-07-13,Negociação,75,71157.01,,,
2661,1321,27,Reativação,2026-05-08,Fechado ganho,100,10302.18,2026-06-16,39,
2662,1321,27,Feira de beleza,2025-08-05,Fechado ganho,100,61311.83,2025-08-31,26,
2663,1321,27,Inbound site,2024-09-02,Fechado ganho,100,34760.83,2024-11-11,70,
2664,1321,27,Reativação,2025-03-21,Qualificação,25,42909.18,,,
2665,1323,37,Instagram,2026-06-02,Qualificação,25,74096.34,,,
2666,1323,37,Prospecção ativa,2026-03-12,Proposta enviada,50,61938.96,,,
2667,1324,18,Reativação,2026-06-20,Proposta enviada,50,31893.58,,,
2668,1324,18,Prospecção ativa,2026-02-15,Fechado perdido,0,119548.03,2026-03-12,25,Fechou com concorrente
2669,1324,18,Feira de beleza,2026-05-10,Fechado ganho,100,31117.15,2026-06-17,38,
2670,1324,18,WhatsApp,2026-07-31,Negociação,75,87431.37,,,
2671,1325,4,Instagram,2025-04-17,Proposta enviada,50,20775.36,,,
2672,1325,4,Inbound site,2025-06-04,Proposta enviada,50,59576.47,,,
2673,1325,4,Prospecção ativa,2025-08-13,Negociação,75,30196.13,,,
2674,1326,22,Instagram,2026-08-01,Prospecção,10,50755.63,,,
2675,1326,22,Prospecção ativa,2026-01-13,Fechado perdido,0,14345.55,2026-02-28,46,Mix de fragrâncias não atende
2676,1328,29,Prospecção ativa,2025-10-16,Prospecção,10,40585.40,,,
2677,1328,29,Inbound site,2025-12-24,Fechado perdido,0,62697.01,2026-02-27,65,Prazo de entrega
2678,1329,9,Inbound site,2026-01-03,Fechado ganho,100,73900.43,2026-01-11,8,
2679,1330,19,Feira de beleza,2025-06-07,Negociação,75,65438.42,,,
2680,1331,30,Prospecção ativa,2026-05-08,Prospecção,10,32773.49,,,
2681,1331,30,Indicação,2026-05-24,Fechado ganho,100,53142.61,2026-07-21,58,
2682,1331,30,Reativação,2025-03-15,Proposta enviada,50,92219.32,,,
2683,1334,27,Indicação,2025-08-15,Negociação,75,79647.27,,,
2684,1334,27,Inbound site,2025-09-14,Proposta enviada,50,81787.24,,,
2685,1335,8,Prospecção ativa,2025-07-06,Fechado perdido,0,14036.48,2025-07-26,20,Preço acima do concorrente
2686,1335,8,Instagram,2026-07-07,Proposta enviada,50,82073.18,,,
2687,1338,15,Reativação,2024-11-03,Fechado perdido,0,92677.36,2025-01-07,65,Sem contato
2688,1339,6,Reativação,2025-07-08,Prospecção,10,84167.72,,,
2689,1340,21,WhatsApp,2026-02-23,Prospecção,10,40524.33,,,
2690,1340,21,Inbound site,2026-08-26,Prospecção,10,74995.64,,,
2691,1341,39,Feira de beleza,2025-03-06,Fechado perdido,0,59441.23,2025-04-03,28,Prazo de entrega
2692,1341,39,Indicação,2025-06-17,Negociação,75,16830.52,,,
2693,1342,33,Feira de beleza,2025-09-22,Fechado perdido,0,39810.73,2025-11-17,56,Prazo de entrega
2694,1343,31,WhatsApp,2024-11-01,Prospecção,10,25221.21,,,
2695,1344,1,Reativação,2026-06-19,Fechado ganho,100,62202.09,2026-07-08,19,
2696,1344,1,Inbound site,2026-06-29,Negociação,75,79962.19,,,
2697,1344,24,Instagram,2026-08-29,Proposta enviada,50,47200.80,,,
2698,1346,36,Feira de beleza,2025-05-20,Fechado ganho,100,29256.53,2025-08-03,75,
2699,1346,36,Indicação,2025-10-04,Qualificação,25,30177.88,,,
2700,1346,36,Prospecção ativa,2024-10-30,Fechado ganho,100,91569.48,2024-11-14,15,
2701,1346,36,Reativação,2025-02-09,Negociação,75,92228.24,,,
2702,1346,36,Inbound site,2024-10-01,Fechado ganho,100,21610.74,2024-10-25,24,
2703,1346,36,Indicação,2024-09-04,Proposta enviada,50,59079.38,,,
2704,1347,3,Inbound site,2025-12-27,Fechado ganho,100,94114.00,2026-01-27,31,
2705,1347,3,Reativação,2026-03-05,Proposta enviada,50,30825.84,,,
2706,1348,11,Instagram,2026-08-02,Negociação,75,27594.99,,,
2707,1348,11,Indicação,2025-02-05,Negociação,75,25111.94,,,
2708,1348,11,WhatsApp,2025-08-02,Fechado ganho,100,87194.15,2025-08-13,11,
2709,1349,16,Indicação,2024-10-10,Prospecção,10,68892.09,,,
2710,1350,1,Inbound site,2026-01-18,Prospecção,10,53977.10,,,
2711,1350,1,Reativação,2026-07-12,Negociação,75,81307.26,,,
2712,1350,1,Instagram,2025-12-08,Qualificação,25,11761.38,,,
2713,1352,2,Feira de beleza,2026-04-27,Fechado ganho,100,11428.07,2026-06-21,55,
2714,1352,37,Indicação,2025-05-04,Fechado ganho,100,21961.73,2025-06-16,43,
2715,1352,37,Prospecção ativa,2025-07-21,Prospecção,10,61353.95,,,
2716,1352,2,Inbound site,2026-07-19,Qualificação,25,64855.61,,,
2717,1352,37,Instagram,2024-11-04,Negociação,75,40155.93,,,
2718,1352,37,Prospecção ativa,2025-03-09,Prospecção,10,54233.70,,,
2719,1353,41,Indicação,2025-05-15,Fechado perdido,0,48832.73,2025-05-19,4,Sem contato
2720,1353,41,Reativação,2025-03-18,Proposta enviada,50,56696.49,,,
2721,1353,41,WhatsApp,2024-09-28,Fechado ganho,100,44863.25,2024-11-16,49,
2722,1353,41,WhatsApp,2026-01-30,Qualificação,25,81765.33,,,
2723,1354,9,Prospecção ativa,2025-11-01,Fechado ganho,100,36980.25,2026-01-14,74,
2724,1354,9,Feira de beleza,2024-11-22,Qualificação,25,87677.37,,,
2725,1356,39,Inbound site,2025-10-06,Fechado perdido,0,71624.82,2025-12-05,60,Pediu exclusividade de marca
2726,1356,39,Indicação,2025-09-02,Qualificação,25,9002.92,,,
2727,1357,32,Indicação,2025-09-20,Fechado ganho,100,82611.49,2025-09-27,7,
2728,1357,32,Feira de beleza,2024-10-27,Proposta enviada,50,21251.77,,,
2729,1357,32,Instagram,2024-10-17,Fechado perdido,0,12358.59,2024-11-04,18,Pediu exclusividade de marca
2730,1358,27,Feira de beleza,2026-01-26,Qualificação,25,64689.16,,,
2731,1359,10,WhatsApp,2026-06-05,Proposta enviada,50,81374.34,,,
2732,1359,10,Feira de beleza,2026-07-23,Proposta enviada,50,16195.42,,,
2733,1360,15,Feira de beleza,2025-08-07,Fechado ganho,100,78072.91,2025-09-18,42,
2734,1360,15,Feira de beleza,2025-10-01,Negociação,75,35547.82,,,
2735,1360,15,Feira de beleza,2025-05-12,Proposta enviada,50,21408.32,,,
2736,1361,4,Feira de beleza,2025-12-30,Qualificação,25,45315.25,,,
2737,1361,4,Reativação,2026-07-13,Prospecção,10,9735.69,,,
2738,1361,4,Inbound site,2025-07-16,Fechado ganho,100,24802.25,2025-09-03,49,
2739,1361,4,Inbound site,2025-09-03,Prospecção,10,7151.20,,,
2740,1361,4,Feira de beleza,2025-12-27,Negociação,75,45594.96,,,
2741,1361,4,Prospecção ativa,2026-07-06,Fechado perdido,0,28836.59,2026-07-19,13,Já compra de outro importador
2742,1362,11,Reativação,2025-09-17,Fechado perdido,0,94697.28,2025-11-17,61,Sem verba no momento
2743,1362,11,Instagram,2025-11-13,Proposta enviada,50,64463.29,,,
2744,1362,1,Feira de beleza,2024-11-08,Fechado ganho,100,5676.93,2024-11-27,19,
2745,1363,35,WhatsApp,2026-01-30,Fechado ganho,100,26462.45,2026-03-09,38,
2746,1363,35,Instagram,2026-01-17,Negociação,75,37089.51,,,
2747,1363,35,Instagram,2026-04-10,Negociação,75,46882.95,,,
2748,1365,3,Inbound site,2026-05-13,Proposta enviada,50,46346.69,,,
2749,1365,3,Feira de beleza,2026-06-03,Proposta enviada,50,94298.71,,,
2750,1365,3,WhatsApp,2024-10-21,Fechado ganho,100,2840.46,2024-11-23,33,
2751,1365,3,Reativação,2025-05-25,Fechado ganho,100,62478.63,2025-06-01,7,
2752,1365,3,Indicação,2026-03-22,Negociação,75,25106.49,,,
2753,1365,3,Indicação,2026-06-12,Prospecção,10,88064.96,,,
2754,1366,9,WhatsApp,2025-01-11,Fechado ganho,100,19091.41,2025-02-08,28,
2755,1366,9,Prospecção ativa,2024-10-28,Qualificação,25,73889.79,,,
2756,1367,20,Feira de beleza,2025-08-24,Fechado ganho,100,3093.23,2025-10-22,59,
2757,1367,20,WhatsApp,2024-10-15,Qualificação,25,61320.40,,,
2758,1368,26,Prospecção ativa,2025-07-03,Fechado perdido,0,48112.07,2025-08-09,37,Preço acima do concorrente
2759,1368,18,Instagram,2026-01-16,Fechado ganho,100,48930.01,2026-02-26,41,
2760,1368,26,WhatsApp,2025-04-16,Prospecção,10,21417.38,,,
2761,1369,38,Inbound site,2024-10-21,Fechado ganho,100,61958.26,2024-12-20,60,
2762,1369,38,Inbound site,2026-03-28,Fechado ganho,100,77080.69,2026-05-29,62,
2763,1369,38,Indicação,2026-02-02,Proposta enviada,50,35097.24,,,
2764,1369,38,Inbound site,2025-10-06,Fechado ganho,100,3182.17,2025-10-12,6,
2765,1369,38,Inbound site,2025-06-14,Qualificação,25,46709.29,,,
2766,1369,38,Inbound site,2025-07-26,Fechado ganho,100,33798.80,2025-09-23,59,
2767,1370,33,Prospecção ativa,2025-04-21,Negociação,75,87687.72,,,
2768,1371,17,WhatsApp,2026-01-21,Fechado ganho,100,68234.78,2026-03-05,43,
2769,1371,17,Inbound site,2026-08-21,Proposta enviada,50,66093.80,,,
2770,1373,41,Prospecção ativa,2026-08-21,Negociação,75,70345.19,,,
2771,1373,41,Instagram,2026-05-12,Fechado ganho,100,33138.62,2026-06-18,37,
2772,1374,11,Reativação,2025-10-17,Proposta enviada,50,80546.09,,,
2773,1374,11,Reativação,2026-05-05,Qualificação,25,9789.11,,,
2774,1375,12,Reativação,2026-01-16,Qualificação,25,108419.01,,,
2775,1376,38,Instagram,2024-09-07,Proposta enviada,50,169054.90,,,
2776,1376,38,Reativação,2025-10-18,Negociação,75,69551.27,,,
2777,1376,38,WhatsApp,2025-08-25,Proposta enviada,50,76082.91,,,
2778,1377,38,Reativação,2025-02-03,Fechado perdido,0,91887.44,2025-02-21,18,Mix de fragrâncias não atende
2779,1377,38,Reativação,2024-11-18,Fechado perdido,0,77096.19,2024-11-22,4,Pediu exclusividade de marca
2780,1377,21,Indicação,2026-06-28,Prospecção,10,20115.21,,,
2781,1377,21,Inbound site,2026-04-01,Proposta enviada,50,60742.48,,,
2782,1379,28,Inbound site,2026-03-30,Fechado perdido,0,75855.44,2026-05-03,34,Sem contato
2783,1380,40,Instagram,2024-09-16,Fechado ganho,100,94460.47,2024-10-26,40,
2784,1381,40,Inbound site,2025-10-19,Fechado ganho,100,164099.02,2025-12-10,52,
2785,1381,40,Inbound site,2024-10-19,Prospecção,10,41329.72,,,
2786,1385,4,Indicação,2024-09-07,Prospecção,10,90941.22,,,
2787,1386,35,Prospecção ativa,2026-05-13,Negociação,75,3066.57,,,
2788,1386,35,Feira de beleza,2026-02-28,Proposta enviada,50,18541.78,,,
2789,1387,40,Reativação,2025-04-30,Negociação,75,75518.83,,,
2790,1387,40,Instagram,2025-07-26,Fechado perdido,0,94136.59,2025-08-26,31,Já compra de outro importador
2791,1388,27,Prospecção ativa,2025-12-05,Negociação,75,60160.18,,,
2792,1388,27,Feira de beleza,2025-09-08,Fechado ganho,100,39255.41,2025-10-03,25,
2793,1388,27,Prospecção ativa,2025-05-01,Proposta enviada,50,33448.13,,,
2794,1388,27,Instagram,2025-08-12,Fechado perdido,0,77684.73,2025-08-21,9,Prazo de entrega
2795,1388,27,Prospecção ativa,2026-01-29,Fechado ganho,100,46875.61,2026-02-25,27,
2796,1388,27,Reativação,2026-05-24,Fechado ganho,100,29543.22,2026-07-25,62,
2797,1389,10,Indicação,2026-01-28,Proposta enviada,50,6575.71,,,
2798,1389,10,Inbound site,2025-03-13,Prospecção,10,79285.28,,,
2799,1389,10,Prospecção ativa,2025-10-04,Negociação,75,83660.42,,,
2800,1390,27,Inbound site,2025-11-14,Proposta enviada,50,19093.87,,,
2801,1390,27,Reativação,2025-10-21,Proposta enviada,50,40051.85,,,
2802,1390,27,Indicação,2026-07-31,Negociação,75,19155.14,,,
2803,1392,34,WhatsApp,2026-03-02,Negociação,75,10529.11,,,
2804,1392,15,WhatsApp,2025-05-11,Negociação,75,3034.73,,,
2805,1392,15,Prospecção ativa,2025-06-16,Prospecção,10,44486.30,,,
2806,1392,34,Prospecção ativa,2026-08-01,Proposta enviada,50,50771.82,,,
2807,1393,16,Reativação,2026-02-28,Prospecção,10,17236.78,,,
2808,1393,16,WhatsApp,2025-09-19,Proposta enviada,50,75164.35,,,
2809,1393,16,Prospecção ativa,2026-07-18,Negociação,75,68395.34,,,
2810,1394,35,WhatsApp,2026-05-03,Proposta enviada,50,9210.36,,,
2811,1396,20,Prospecção ativa,2026-08-28,Prospecção,10,22215.42,,,
2812,1398,17,Inbound site,2024-10-20,Fechado ganho,100,23522.95,2024-12-11,52,
2813,1398,17,Inbound site,2025-05-06,Fechado ganho,100,90013.30,2025-06-20,45,
2814,1398,17,Instagram,2026-06-05,Proposta enviada,50,83876.78,,,
2815,1398,17,Instagram,2026-04-20,Proposta enviada,50,31377.75,,,
2816,1398,17,Prospecção ativa,2025-08-06,Fechado ganho,100,86449.81,2025-08-15,9,
2817,1398,17,WhatsApp,2025-07-15,Proposta enviada,50,79454.23,,,
2818,1400,14,Prospecção ativa,2024-09-27,Fechado perdido,0,70116.56,2024-10-15,18,Sem verba no momento
2819,1400,14,Feira de beleza,2026-02-26,Fechado ganho,100,52390.48,2026-04-04,37,
2820,1400,14,WhatsApp,2026-06-24,Fechado perdido,0,21589.34,2026-08-21,58,Pediu exclusividade de marca
2821,1400,14,Inbound site,2026-06-28,Fechado ganho,100,69295.84,2026-08-14,47,
2822,1401,9,WhatsApp,2025-01-02,Fechado perdido,0,17677.21,2025-02-20,49,Fechou com concorrente
2823,1401,9,WhatsApp,2024-09-28,Fechado ganho,100,47000.24,2024-11-04,37,
2824,1402,25,Indicação,2025-01-20,Prospecção,10,75283.84,,,
2825,1402,25,WhatsApp,2026-01-09,Proposta enviada,50,16178.16,,,
2826,1403,5,Indicação,2026-04-16,Fechado ganho,100,28360.43,2026-05-31,45,
2827,1403,5,WhatsApp,2026-04-16,Qualificação,25,4169.60,,,
2828,1403,5,Reativação,2026-08-21,Qualificação,25,37894.61,,,
2829,1404,36,Instagram,2025-12-03,Prospecção,10,22802.73,,,
2830,1404,36,Reativação,2025-03-24,Qualificação,25,68437.40,,,
2831,1404,36,Inbound site,2026-03-08,Negociação,75,79973.33,,,
2832,1405,5,Feira de beleza,2026-01-04,Proposta enviada,50,33590.99,,,
2833,1407,41,Prospecção ativa,2025-09-18,Qualificação,25,93216.90,,,
2834,1407,41,Instagram,2025-04-04,Negociação,75,8185.19,,,
2835,1408,20,Feira de beleza,2026-07-22,Negociação,75,49180.39,,,
2836,1409,1,Prospecção ativa,2026-05-29,Fechado ganho,100,47557.68,2026-07-25,57,
2837,1409,1,Reativação,2025-09-15,Prospecção,10,74198.82,,,
2838,1409,1,Feira de beleza,2026-08-13,Negociação,75,78825.82,,,
2839,1409,1,Reativação,2025-11-18,Fechado perdido,0,22824.03,2025-12-01,13,Mix de fragrâncias não atende
2840,1409,1,Reativação,2026-03-27,Fechado ganho,100,87904.93,2026-04-15,19,
2841,1409,1,Reativação,2025-09-06,Negociação,75,34433.42,,,
2842,1411,42,Instagram,2025-05-26,Proposta enviada,50,52202.62,,,
2843,1411,42,WhatsApp,2025-04-18,Prospecção,10,12129.96,,,
2844,1412,23,Indicação,2024-12-19,Proposta enviada,50,28014.09,,,
2845,1413,34,Inbound site,2024-11-29,Fechado ganho,100,158079.37,2025-02-03,66,
2846,1414,33,WhatsApp,2026-06-29,Proposta enviada,50,84129.66,,,
2847,1415,1,Feira de beleza,2026-06-19,Prospecção,10,49123.61,,,
2848,1415,1,WhatsApp,2026-08-02,Negociação,75,14014.61,,,
2849,1416,25,WhatsApp,2024-11-23,Prospecção,10,12857.71,,,
2850,1416,25,Feira de beleza,2025-02-17,Qualificação,25,14581.75,,,
2851,1416,25,Feira de beleza,2025-08-06,Negociação,75,5951.72,,,
2852,1417,16,Feira de beleza,2024-09-09,Proposta enviada,50,38939.98,,,
2853,1417,16,WhatsApp,2025-09-22,Qualificação,25,51070.85,,,
2854,1418,25,Prospecção ativa,2025-08-13,Fechado ganho,100,75173.69,2025-09-11,29,
2855,1419,40,Inbound site,2025-06-01,Prospecção,10,22072.87,,,
2856,1420,9,Prospecção ativa,2026-04-05,Fechado ganho,100,73628.99,2026-06-17,73,
2857,1421,1,Indicação,2026-05-05,Fechado ganho,100,2822.37,2026-05-11,6,
2858,1422,28,WhatsApp,2026-02-21,Qualificação,25,56938.36,,,
2859,1423,36,Indicação,2026-06-11,Qualificação,25,40087.65,,,
2860,1423,36,WhatsApp,2026-08-12,Proposta enviada,50,67690.41,,,
2861,1424,27,Indicação,2026-06-30,Fechado ganho,100,11856.78,2026-07-29,29,
2862,1424,27,WhatsApp,2025-12-11,Fechado ganho,100,58889.27,2026-01-19,39,
2863,1424,27,WhatsApp,2025-04-24,Proposta enviada,50,84339.27,,,
2864,1424,27,Prospecção ativa,2025-04-23,Proposta enviada,50,49910.68,,,
2865,1425,21,Prospecção ativa,2025-06-11,Qualificação,25,7183.85,,,
2866,1425,21,Indicação,2025-06-19,Proposta enviada,50,50116.44,,,
2867,1425,21,Indicação,2025-11-10,Fechado ganho,100,16835.79,2026-01-01,52,
2868,1426,32,Reativação,2025-06-15,Fechado ganho,100,73449.87,2025-08-10,56,
2869,1426,31,Indicação,2026-05-23,Fechado perdido,0,47768.27,2026-08-02,71,Preço acima do concorrente
2870,1426,31,Instagram,2025-09-28,Prospecção,10,70432.41,,,
2871,1427,13,Inbound site,2025-12-01,Fechado perdido,0,46173.92,2026-01-18,48,Já compra de outro importador
2872,1428,15,Reativação,2025-03-13,Proposta enviada,50,10574.98,,,
2873,1428,15,Reativação,2024-10-01,Proposta enviada,50,78141.89,,,
2874,1428,15,Inbound site,2026-04-23,Qualificação,25,72521.16,,,
2875,1430,14,Feira de beleza,2026-08-29,Negociação,75,50705.35,,,
2876,1430,14,Prospecção ativa,2025-11-18,Fechado ganho,100,32905.91,2025-11-29,11,
2877,1431,38,Feira de beleza,2024-09-09,Fechado perdido,0,87219.44,2024-11-12,64,Preço acima do concorrente
2878,1432,4,Indicação,2025-05-01,Qualificação,25,84900.23,,,
2879,1433,4,Prospecção ativa,2025-06-05,Negociação,75,63966.29,,,
2880,1433,4,Reativação,2024-12-25,Qualificação,25,12013.82,,,
2881,1433,4,Prospecção ativa,2026-08-20,Negociação,75,53208.41,,,
2882,1433,4,Prospecção ativa,2026-05-30,Fechado ganho,100,19726.99,2026-07-05,36,
2883,1434,12,Instagram,2025-10-14,Prospecção,10,46667.28,,,
2884,1436,35,Reativação,2025-09-03,Qualificação,25,67399.25,,,
2885,1436,35,Prospecção ativa,2025-09-27,Fechado ganho,100,14562.39,2025-10-27,30,
2886,1437,34,Instagram,2026-03-24,Fechado ganho,100,84002.21,2026-05-05,42,
2887,1437,34,Instagram,2026-08-17,Negociação,75,90260.16,,,
2888,1437,34,Indicação,2026-01-10,Qualificação,25,9935.46,,,
2889,1439,19,Inbound site,2024-11-15,Negociação,75,13469.86,,,
2890,1439,38,Prospecção ativa,2026-08-20,Proposta enviada,50,74573.04,,,
2891,1439,19,Inbound site,2026-03-08,Fechado ganho,100,39990.17,2026-03-23,15,
2892,1440,11,WhatsApp,2025-06-04,Fechado ganho,100,119655.06,2025-08-05,62,
2893,1440,11,Inbound site,2026-07-24,Negociação,75,61443.52,,,
2894,1440,11,WhatsApp,2026-04-11,Qualificação,25,69721.14,,,
2895,1441,19,Instagram,2026-03-04,Negociação,75,68856.67,,,
2896,1441,19,Inbound site,2026-01-18,Fechado ganho,100,60094.72,2026-03-01,42,
2897,1442,6,Inbound site,2025-03-30,Fechado ganho,100,31395.11,2025-06-03,65,
2898,1443,26,Reativação,2025-06-13,Proposta enviada,50,14928.03,,,
2899,1443,26,Instagram,2025-11-12,Fechado ganho,100,91144.30,2025-12-07,25,
2900,1444,39,WhatsApp,2024-12-29,Fechado ganho,100,46492.83,2025-01-19,21,
2901,1444,39,Inbound site,2025-07-10,Fechado ganho,100,63720.98,2025-08-10,31,
2902,1445,24,Feira de beleza,2025-07-03,Negociação,75,78839.15,,,
2903,1445,24,Indicação,2025-02-11,Fechado perdido,0,5303.68,2025-03-20,37,Sem verba no momento
2904,1446,15,Inbound site,2026-05-20,Proposta enviada,50,22382.35,,,
2905,1446,15,Indicação,2026-08-16,Fechado perdido,0,50397.55,2026-08-30,14,Pediu exclusividade de marca
2906,1446,15,Instagram,2026-07-17,Qualificação,25,70476.53,,,
2907,1448,11,WhatsApp,2026-06-02,Prospecção,10,55872.37,,,
2908,1448,11,Indicação,2026-07-14,Proposta enviada,50,78283.41,,,
2909,1449,12,Indicação,2025-07-12,Fechado perdido,0,60557.63,2025-09-23,73,Já compra de outro importador
2910,1450,4,Prospecção ativa,2025-06-02,Fechado ganho,100,68364.62,2025-07-07,35,
2911,1450,4,Prospecção ativa,2025-07-27,Fechado ganho,100,41744.60,2025-08-27,31,
2912,1451,13,Prospecção ativa,2024-12-09,Fechado ganho,100,39259.43,2025-02-02,55,
2913,1451,13,Instagram,2025-06-12,Negociação,75,117337.56,,,
2914,1451,13,Feira de beleza,2024-10-09,Fechado ganho,100,89902.01,2024-12-13,65,
2915,1451,13,Prospecção ativa,2024-10-13,Negociação,75,150226.51,,,
2916,1452,34,WhatsApp,2025-11-25,Fechado ganho,100,46481.66,2025-12-22,27,
2917,1454,34,WhatsApp,2025-09-13,Qualificação,25,24424.26,,,
2918,1455,22,WhatsApp,2026-04-19,Fechado ganho,100,4401.58,2026-05-26,37,
2919,1456,40,Indicação,2026-03-14,Fechado ganho,100,53065.85,2026-03-23,9,
2920,1456,40,Reativação,2026-04-06,Proposta enviada,50,78484.24,,,
2921,1456,40,Indicação,2026-02-19,Negociação,75,44242.37,,,
2922,1457,12,Reativação,2026-01-28,Prospecção,10,89947.46,,,
2923,1457,12,Reativação,2026-05-14,Prospecção,10,12031.49,,,
2924,1458,10,WhatsApp,2025-07-05,Fechado perdido,0,39598.93,2025-07-31,26,Sem contato
2925,1458,10,Feira de beleza,2026-07-11,Proposta enviada,50,56823.45,,,
2926,1458,10,WhatsApp,2026-07-23,Proposta enviada,50,83953.56,,,
2927,1458,10,Indicação,2025-09-22,Fechado perdido,0,66559.71,2025-11-25,64,Prazo de entrega
2928,1459,26,Feira de beleza,2025-02-01,Fechado perdido,0,18528.77,2025-04-02,60,Sem contato
2929,1459,26,Reativação,2026-05-18,Proposta enviada,50,67945.44,,,
2930,1460,20,Indicação,2026-08-19,Negociação,75,19796.84,,,
2931,1461,39,Instagram,2024-10-15,Fechado ganho,100,84287.34,2024-10-26,11,
2932,1461,39,Instagram,2026-05-27,Proposta enviada,50,21244.05,,,
2933,1461,39,Prospecção ativa,2024-12-02,Negociação,75,31254.81,,,
2934,1461,39,WhatsApp,2025-10-13,Proposta enviada,50,86105.80,,,
2935,1461,39,Inbound site,2026-04-01,Fechado ganho,100,88960.00,2026-04-17,16,
2936,1461,39,WhatsApp,2024-10-01,Prospecção,10,12024.39,,,
2937,1462,40,Indicação,2026-08-07,Negociação,75,28336.14,,,
2938,1462,18,Inbound site,2024-12-09,Proposta enviada,50,16892.45,,,
2939,1462,40,WhatsApp,2025-06-01,Fechado ganho,100,40722.65,2025-06-15,14,
2940,1464,7,Feira de beleza,2025-12-13,Proposta enviada,50,24446.90,,,
2941,1465,5,Instagram,2025-03-05,Negociação,75,19992.07,,,
2942,1466,4,Inbound site,2026-08-27,Negociação,75,78071.94,,,
2943,1466,4,Prospecção ativa,2026-06-06,Proposta enviada,50,50947.43,,,
2944,1466,4,Inbound site,2025-06-23,Negociação,75,70493.92,,,
2945,1467,2,Instagram,2025-02-07,Qualificação,25,148735.67,,,
2946,1467,2,Reativação,2025-07-11,Qualificação,25,76418.78,,,
2947,1467,2,Indicação,2025-11-13,Qualificação,25,71689.77,,,
2948,1467,2,WhatsApp,2026-05-03,Fechado perdido,0,97970.00,2026-05-23,20,Fechou com concorrente
2949,1469,17,Feira de beleza,2026-05-20,Fechado ganho,100,12834.32,2026-07-23,64,
2950,1469,17,Feira de beleza,2026-07-04,Qualificação,25,77916.21,,,
2951,1469,17,Indicação,2026-05-02,Fechado ganho,100,26237.02,2026-05-13,11,
2952,1470,40,Instagram,2026-07-10,Negociação,75,83168.55,,,
2953,1470,40,Inbound site,2026-03-30,Fechado ganho,100,65571.75,2026-05-13,44,
2954,1470,40,Indicação,2026-05-14,Fechado ganho,100,49900.53,2026-06-14,31,
2955,1470,40,Instagram,2026-05-09,Proposta enviada,50,17856.11,,,
2956,1471,14,Prospecção ativa,2026-01-22,Fechado perdido,0,95966.08,2026-02-27,36,Prazo de entrega
2957,1472,3,Instagram,2025-07-03,Fechado ganho,100,64350.53,2025-07-20,17,
2958,1472,3,WhatsApp,2024-10-06,Fechado perdido,0,13463.83,2024-12-07,62,Mix de fragrâncias não atende
2959,1473,1,Indicação,2026-06-13,Qualificação,25,55910.02,,,
2960,1473,1,Feira de beleza,2025-06-11,Prospecção,10,79927.13,,,
2961,1474,32,Instagram,2026-07-03,Negociação,75,8396.19,,,
2962,1474,32,Indicação,2025-11-28,Prospecção,10,40343.33,,,
2963,1475,19,Reativação,2025-01-23,Fechado perdido,0,33586.95,2025-02-11,19,Sem contato
2964,1476,8,Inbound site,2026-08-11,Negociação,75,73622.95,,,
2965,1476,8,Instagram,2026-07-03,Fechado ganho,100,30040.05,2026-08-20,48,
2966,1476,8,Reativação,2026-05-15,Prospecção,10,26765.08,,,
2967,1476,8,Reativação,2026-08-01,Negociação,75,68700.43,,,
2968,1476,8,Instagram,2026-08-24,Negociação,75,14013.43,,,
2969,1476,8,Instagram,2026-05-11,Fechado ganho,100,49148.87,2026-05-15,4,
2970,1477,17,WhatsApp,2026-08-25,Negociação,75,34281.34,,,
2971,1477,17,Inbound site,2024-09-13,Fechado perdido,0,50437.23,2024-10-18,35,Sem contato
2972,1477,17,Reativação,2025-08-29,Negociação,75,20342.50,,,
2973,1477,17,Indicação,2025-03-02,Proposta enviada,50,9382.03,,,
2974,1477,17,WhatsApp,2026-05-30,Proposta enviada,50,45232.33,,,
2975,1477,17,Reativação,2024-11-13,Prospecção,10,70382.69,,,
2976,1478,35,Indicação,2026-07-06,Prospecção,10,64007.65,,,
2977,1478,35,Inbound site,2025-07-25,Negociação,75,71663.19,,,
2978,1478,35,Instagram,2026-01-11,Prospecção,10,36507.50,,,
2979,1478,35,Instagram,2025-10-19,Proposta enviada,50,14332.17,,,
2980,1478,35,Indicação,2025-10-02,Proposta enviada,50,74923.44,,,
2981,1478,35,Indicação,2025-01-01,Prospecção,10,74264.58,,,
2982,1480,18,Instagram,2024-11-30,Fechado perdido,0,90997.61,2025-02-10,72,Pediu exclusividade de marca
2983,1480,18,Indicação,2026-03-01,Negociação,75,73664.09,,,
2984,1480,18,Reativação,2025-10-24,Prospecção,10,44190.59,,,
2985,1480,18,Prospecção ativa,2026-06-05,Prospecção,10,80437.05,,,
2986,1481,16,WhatsApp,2026-03-05,Fechado perdido,0,63987.93,2026-04-30,56,Sem verba no momento
2987,1481,16,Indicação,2024-10-18,Fechado ganho,100,72299.67,2024-11-05,18,
2988,1481,16,Feira de beleza,2026-01-09,Fechado perdido,0,7840.10,2026-02-02,24,Mix de fragrâncias não atende
2989,1482,30,Prospecção ativa,2026-02-09,Fechado perdido,0,81187.01,2026-04-11,61,Já compra de outro importador
2990,1482,37,Prospecção ativa,2024-11-25,Qualificação,25,41954.25,,,
2991,1483,38,Indicação,2025-03-23,Fechado perdido,0,38567.51,2025-05-01,39,Preço acima do concorrente
2992,1484,41,Indicação,2026-06-26,Proposta enviada,50,28080.10,,,
2993,1484,41,Prospecção ativa,2026-07-17,Qualificação,25,73181.06,,,
2994,1485,7,Prospecção ativa,2026-08-07,Negociação,75,47055.87,,,
2995,1485,7,Reativação,2026-08-02,Fechado ganho,100,93952.12,2026-08-21,19,
2996,1485,7,Indicação,2026-06-30,Proposta enviada,50,46342.31,,,
2997,1486,22,Feira de beleza,2026-04-24,Prospecção,10,92810.77,,,
2998,1486,22,Feira de beleza,2025-05-31,Proposta enviada,50,70341.34,,,
2999,1486,22,Instagram,2025-06-13,Fechado ganho,100,92533.45,2025-08-04,52,
3000,1486,22,Feira de beleza,2025-05-28,Qualificação,25,26017.78,,,
3001,1487,10,Prospecção ativa,2026-07-11,Negociação,75,64857.21,,,
3002,1487,10,Reativação,2026-04-02,Fechado perdido,0,7729.42,2026-05-29,57,Sem verba no momento
3003,1487,10,Instagram,2025-04-26,Fechado ganho,100,65250.92,2025-06-06,41,
3004,1487,10,Instagram,2025-08-21,Fechado perdido,0,46706.28,2025-10-18,58,Sem contato
3005,1488,31,Reativação,2026-01-24,Qualificação,25,48371.98,,,
3006,1488,31,Indicação,2025-07-29,Fechado ganho,100,143334.25,2025-10-05,68,
3007,1489,20,Feira de beleza,2025-01-15,Qualificação,25,15165.02,,,
3008,1489,20,WhatsApp,2026-04-09,Negociação,75,61526.68,,,
3009,1490,7,Inbound site,2024-11-03,Fechado perdido,0,48903.74,2025-01-11,69,Sem verba no momento
3010,1490,7,Indicação,2026-07-03,Negociação,75,77462.53,,,
3011,1491,7,Prospecção ativa,2026-01-17,Fechado ganho,100,116691.95,2026-04-01,74,
3012,1492,13,Indicação,2025-11-14,Fechado ganho,100,66837.97,2025-11-21,7,
3013,1493,26,Prospecção ativa,2025-01-17,Negociação,75,46710.37,,,
3014,1493,26,Reativação,2025-05-13,Prospecção,10,13563.25,,,
3015,1493,26,Reativação,2025-01-31,Fechado ganho,100,35085.21,2025-04-14,73,
3016,1493,26,Instagram,2025-03-25,Fechado ganho,100,23389.57,2025-04-17,23,
3017,1494,19,Instagram,2026-04-29,Qualificação,25,90626.31,,,
3018,1494,19,Feira de beleza,2026-04-26,Negociação,75,14553.01,,,
3019,1495,37,Prospecção ativa,2025-10-10,Negociação,75,57220.16,,,
3020,1496,21,Feira de beleza,2025-09-12,Fechado ganho,100,52250.27,2025-09-25,13,
3021,1496,21,Prospecção ativa,2025-05-01,Fechado ganho,100,74897.19,2025-07-14,74,
3022,1497,10,Prospecção ativa,2026-08-19,Proposta enviada,50,19501.58,,,
3023,1498,20,Instagram,2024-12-14,Proposta enviada,50,58364.65,,,
3024,1500,21,Feira de beleza,2025-07-15,Proposta enviada,50,73715.86,,,
3025,1501,41,WhatsApp,2025-11-02,Fechado ganho,100,94527.33,2025-11-28,26,
3026,1502,29,Feira de beleza,2026-04-01,Fechado ganho,100,4006.50,2026-04-13,12,
3027,1502,29,Feira de beleza,2026-07-30,Negociação,75,18710.14,,,
3028,1502,29,WhatsApp,2026-03-29,Proposta enviada,50,65896.65,,,
3029,1504,9,Indicação,2026-07-06,Fechado ganho,100,57554.39,2026-08-15,40,
3030,1504,9,Feira de beleza,2026-07-03,Negociação,75,26881.41,,,
3031,1504,9,Feira de beleza,2026-08-15,Qualificação,25,157617.15,,,
3032,1504,9,Indicação,2026-08-09,Negociação,75,162167.39,,,
3033,1505,36,Inbound site,2025-07-29,Fechado ganho,100,63967.07,2025-09-06,39,
3034,1505,36,Instagram,2025-04-26,Fechado ganho,100,25989.65,2025-06-10,45,
3035,1505,36,Feira de beleza,2025-04-11,Fechado perdido,0,18677.36,2025-06-19,69,Sem verba no momento
3036,1505,36,Instagram,2025-06-20,Fechado perdido,0,79184.16,2025-07-15,25,Já compra de outro importador
3037,1506,20,Feira de beleza,2026-08-23,Negociação,75,2970.01,,,
3038,1506,20,WhatsApp,2026-08-16,Qualificação,25,93619.64,,,
3039,1507,31,Reativação,2024-11-15,Fechado ganho,100,12993.42,2025-01-16,62,
3040,1507,31,Feira de beleza,2025-11-21,Negociação,75,50250.45,,,
3041,1507,31,Indicação,2025-11-02,Fechado ganho,100,32438.59,2025-12-04,32,
3042,1507,31,Inbound site,2025-05-16,Negociação,75,30229.43,,,
3043,1508,3,Indicação,2025-10-10,Negociação,75,158715.75,,,
3044,1508,3,Indicação,2025-01-12,Proposta enviada,50,67050.36,,,
3045,1508,3,Inbound site,2024-12-16,Proposta enviada,50,70815.86,,,
3046,1510,38,WhatsApp,2025-12-14,Fechado ganho,100,94612.48,2026-01-17,34,
3047,1510,38,Instagram,2024-12-14,Qualificação,25,51657.78,,,
3048,1511,37,Indicação,2024-10-24,Fechado ganho,100,90730.59,2024-12-10,47,
3049,1511,37,Feira de beleza,2026-05-16,Fechado perdido,0,32454.36,2026-06-11,26,Mix de fragrâncias não atende
3050,1511,37,WhatsApp,2025-03-18,Negociação,75,78349.53,,,
3051,1512,11,Feira de beleza,2024-12-14,Negociação,75,37040.65,,,
3052,1513,32,Inbound site,2026-06-23,Qualificação,25,91611.63,,,
3053,1514,14,Inbound site,2025-05-30,Fechado ganho,100,93985.38,2025-06-06,7,
3054,1514,14,Feira de beleza,2024-12-25,Fechado ganho,100,65211.22,2025-01-19,25,
3055,1514,14,Reativação,2026-08-10,Prospecção,10,81191.84,,,
3056,1515,40,WhatsApp,2025-10-24,Fechado ganho,100,84050.01,2025-12-03,40,
3057,1515,40,WhatsApp,2025-04-20,Prospecção,10,18579.34,,,
3058,1516,36,Prospecção ativa,2026-04-14,Fechado ganho,100,90888.08,2026-04-23,9,
3059,1516,36,Inbound site,2026-08-25,Negociação,75,48394.70,,,
3060,1516,36,Prospecção ativa,2026-08-21,Proposta enviada,50,78175.69,,,
3061,1516,36,Instagram,2026-05-06,Negociação,75,79313.34,,,
3062,1517,34,Reativação,2026-08-05,Proposta enviada,50,54591.94,,,
3063,1519,36,Indicação,2025-02-14,Negociação,75,81575.93,,,
3064,1519,36,Prospecção ativa,2025-05-18,Fechado ganho,100,62722.78,2025-06-25,38,
3065,1519,36,WhatsApp,2026-07-03,Fechado ganho,100,26946.51,2026-07-15,12,
3066,1520,20,Feira de beleza,2025-09-24,Fechado perdido,0,12847.62,2025-12-03,70,Fechou com concorrente
3067,1522,23,Feira de beleza,2025-04-01,Prospecção,10,60097.88,,,
3068,1522,23,Instagram,2024-11-18,Negociação,75,41095.72,,,
3069,1523,2,Feira de beleza,2025-08-01,Proposta enviada,50,7750.60,,,
3070,1523,2,Prospecção ativa,2025-10-22,Fechado ganho,100,89552.22,2026-01-01,71,
3071,1523,2,Feira de beleza,2025-10-28,Negociação,75,59342.47,,,
3072,1523,2,Reativação,2025-02-25,Prospecção,10,21085.11,,,
3073,1524,8,Inbound site,2025-10-13,Negociação,75,84574.25,,,
3074,1524,8,Feira de beleza,2025-09-07,Proposta enviada,50,67034.38,,,
3075,1524,8,Instagram,2026-05-07,Negociação,75,19061.17,,,
3076,1525,15,Inbound site,2026-06-05,Prospecção,10,37204.45,,,
3077,1526,22,Indicação,2026-08-02,Qualificação,25,14262.52,,,
3078,1527,5,Reativação,2026-05-15,Proposta enviada,50,34652.07,,,
3079,1527,5,Prospecção ativa,2024-10-17,Negociação,75,65795.51,,,
3080,1528,9,Prospecção ativa,2026-05-30,Qualificação,25,143797.85,,,
3081,1528,9,Inbound site,2026-01-20,Qualificação,25,19974.41,,,
3082,1528,13,Feira de beleza,2025-07-12,Prospecção,10,81684.60,,,
3083,1528,13,Prospecção ativa,2025-02-20,Prospecção,10,51465.35,,,
3084,1531,31,Instagram,2026-06-20,Fechado ganho,100,24006.18,2026-07-21,31,
3085,1532,5,Instagram,2025-11-27,Negociação,75,44068.97,,,
3086,1533,16,Indicação,2025-12-21,Prospecção,10,51966.68,,,
3087,1533,16,Reativação,2026-02-05,Qualificação,25,110080.12,,,
3088,1533,16,Feira de beleza,2025-09-23,Fechado ganho,100,61053.27,2025-10-10,17,
3089,1533,16,Feira de beleza,2026-07-26,Negociação,75,152264.21,,,
3090,1533,16,Feira de beleza,2025-10-30,Negociação,75,158636.06,,,
3091,1533,16,Feira de beleza,2026-07-29,Fechado ganho,100,95571.81,2026-08-10,12,
3092,1534,5,WhatsApp,2026-08-19,Negociação,75,86663.34,,,
3093,1534,5,Inbound site,2025-07-21,Fechado ganho,100,51893.67,2025-10-02,73,
3094,1534,5,Reativação,2025-07-26,Fechado ganho,100,23003.65,2025-09-08,44,
3095,1534,5,Reativação,2025-09-02,Fechado ganho,100,9581.67,2025-11-13,72,
3096,1537,6,Indicação,2025-03-02,Negociação,75,39301.78,,,
3097,1537,6,Reativação,2025-10-04,Fechado ganho,100,84988.56,2025-10-15,11,
3098,1537,6,Indicação,2025-03-27,Proposta enviada,50,30150.64,,,
3099,1538,29,WhatsApp,2026-01-21,Prospecção,10,46708.77,,,
3100,1538,29,Reativação,2026-02-15,Negociação,75,50146.39,,,
3101,1538,29,Instagram,2025-08-10,Fechado ganho,100,28453.85,2025-09-21,42,
3102,1538,29,WhatsApp,2026-07-21,Proposta enviada,50,43713.80,,,
3103,1538,29,Indicação,2025-11-15,Qualificação,25,45895.62,,,
3104,1538,29,Inbound site,2026-01-23,Prospecção,10,70968.59,,,
3105,1541,24,Feira de beleza,2025-12-31,Fechado ganho,100,32147.59,2026-02-10,41,
3106,1541,24,Indicação,2024-09-23,Proposta enviada,50,81306.74,,,
3107,1541,24,Prospecção ativa,2026-04-06,Proposta enviada,50,44991.02,,,
3108,1541,24,Inbound site,2024-09-24,Fechado perdido,0,92954.51,2024-11-28,65,Mix de fragrâncias não atende
3109,1543,28,Feira de beleza,2025-07-28,Negociação,75,48234.24,,,
3110,1543,28,Prospecção ativa,2026-01-27,Fechado ganho,100,77176.56,2026-02-21,25,
3111,1544,1,WhatsApp,2026-03-20,Fechado ganho,100,51981.54,2026-04-26,37,
3112,1544,1,Reativação,2025-07-05,Qualificação,25,144743.69,,,
3113,1544,1,WhatsApp,2024-10-08,Fechado perdido,0,51926.72,2024-11-24,47,Sem verba no momento
3114,1545,37,Inbound site,2026-05-31,Fechado ganho,100,14127.74,2026-07-10,40,
3115,1546,17,Reativação,2025-10-21,Prospecção,10,92117.92,,,
3116,1546,17,WhatsApp,2025-08-10,Fechado perdido,0,86245.34,2025-09-01,22,Sem contato
3117,1548,8,Feira de beleza,2026-06-01,Fechado ganho,100,91901.92,2026-06-27,26,
3118,1548,8,Indicação,2026-01-27,Negociação,75,140360.29,,,
3119,1548,8,Reativação,2026-04-21,Prospecção,10,89725.92,,,
3120,1549,32,WhatsApp,2025-03-23,Qualificação,25,4644.14,,,
3121,1549,32,Indicação,2026-04-07,Proposta enviada,50,87372.12,,,
3122,1550,22,Inbound site,2026-08-25,Negociação,75,42771.37,,,
3123,1550,22,Reativação,2026-07-31,Proposta enviada,50,67621.92,,,
3124,1550,22,Feira de beleza,2026-05-14,Fechado ganho,100,88303.96,2026-07-28,75,
3125,1550,22,Instagram,2026-06-16,Negociação,75,41936.81,,,
3126,1551,23,Reativação,2026-05-22,Negociação,75,14144.11,,,
3127,1551,23,Inbound site,2024-09-18,Fechado perdido,0,80294.48,2024-10-30,42,Sem contato
3128,1551,23,Feira de beleza,2026-07-30,Proposta enviada,50,52821.72,,,
3129,1551,23,Reativação,2024-11-01,Prospecção,10,41753.59,,,
3130,1551,23,Reativação,2025-04-29,Fechado ganho,100,70052.40,2025-05-03,4,
3131,1551,23,Prospecção ativa,2025-05-25,Qualificação,25,35071.72,,,
3132,1552,35,Prospecção ativa,2024-10-23,Negociação,75,52988.66,,,
3133,1552,35,Indicação,2025-11-13,Negociação,75,11207.31,,,
3134,1553,26,Instagram,2024-11-28,Qualificação,25,9310.28,,,
3135,1553,3,Inbound site,2026-06-01,Negociação,75,48991.48,,,
3136,1553,3,Indicação,2026-03-02,Fechado perdido,0,23263.87,2026-04-20,49,Preço acima do concorrente
3137,1553,3,Inbound site,2026-06-14,Fechado perdido,0,57562.71,2026-08-27,74,Mix de fragrâncias não atende
3138,1554,34,Instagram,2025-06-03,Fechado ganho,100,60554.28,2025-08-12,70,
3139,1554,34,Indicação,2026-08-18,Negociação,75,35863.88,,,
3140,1554,34,Prospecção ativa,2025-01-21,Fechado perdido,0,64713.25,2025-03-22,60,Já compra de outro importador
3141,1554,34,Feira de beleza,2026-03-25,Negociação,75,44680.56,,,
3142,1554,34,WhatsApp,2026-04-14,Prospecção,10,84649.87,,,
3143,1554,34,Prospecção ativa,2026-02-28,Prospecção,10,17066.18,,,
3144,1556,13,Instagram,2026-04-24,Qualificação,25,77057.92,,,
3145,1556,13,Indicação,2025-06-21,Proposta enviada,50,5083.40,,,
3146,1556,13,Inbound site,2026-06-10,Qualificação,25,27868.22,,,
3147,1557,23,Feira de beleza,2025-04-29,Fechado perdido,0,12778.47,2025-05-05,6,Pediu exclusividade de marca
3148,1558,30,Reativação,2026-04-03,Fechado ganho,100,21214.84,2026-06-12,70,
3149,1558,6,Reativação,2025-01-26,Fechado ganho,100,24940.44,2025-02-24,29,
3150,1558,6,Reativação,2024-10-06,Fechado ganho,100,41249.44,2024-10-18,12,
3151,1559,35,Instagram,2024-12-28,Prospecção,10,91558.09,,,
3152,1560,4,Reativação,2026-04-28,Negociação,75,84615.19,,,
3153,1560,4,Reativação,2024-09-24,Fechado ganho,100,43277.25,2024-11-22,59,
3154,1561,6,Indicação,2026-08-11,Negociação,75,28842.86,,,
3155,1561,30,Instagram,2025-01-29,Proposta enviada,50,44679.89,,,
3156,1561,6,Feira de beleza,2025-10-13,Fechado ganho,100,91422.41,2025-11-24,42,
3157,1561,6,Prospecção ativa,2025-02-25,Prospecção,10,43445.79,,,
3158,1562,38,Prospecção ativa,2026-06-07,Fechado ganho,100,30754.89,2026-08-04,58,
3159,1563,9,WhatsApp,2026-06-21,Fechado perdido,0,39057.60,2026-08-28,68,Pediu exclusividade de marca
3160,1563,9,Inbound site,2026-03-24,Fechado ganho,100,52996.34,2026-04-06,13,
3161,1564,13,Feira de beleza,2025-04-09,Proposta enviada,50,23017.67,,,
3162,1564,13,Inbound site,2025-07-04,Qualificação,25,73713.58,,,
3163,1564,13,Reativação,2026-01-04,Fechado ganho,100,90381.17,2026-02-06,33,
3164,1564,13,Instagram,2026-05-06,Prospecção,10,54367.85,,,
3165,1564,13,Feira de beleza,2025-01-25,Fechado ganho,100,36788.48,2025-04-04,69,
3166,1564,13,Reativação,2025-04-16,Proposta enviada,50,2530.27,,,
3167,1565,27,Prospecção ativa,2026-02-09,Prospecção,10,76948.59,,,
3168,1565,27,Prospecção ativa,2025-03-14,Proposta enviada,50,22089.32,,,
3169,1566,28,Instagram,2025-01-10,Negociação,75,44736.17,,,
3170,1566,28,Inbound site,2025-07-23,Fechado ganho,100,8117.19,2025-08-13,21,
3171,1567,1,Prospecção ativa,2026-03-28,Fechado perdido,0,79804.89,2026-04-12,15,Prazo de entrega
3172,1567,1,Reativação,2025-07-24,Fechado ganho,100,9381.86,2025-09-27,65,
3173,1567,1,WhatsApp,2025-07-07,Fechado ganho,100,37767.71,2025-08-11,35,
3174,1568,10,Inbound site,2026-07-27,Fechado ganho,100,46051.52,2026-08-01,5,
3175,1570,36,Indicação,2026-05-25,Fechado ganho,100,43478.77,2026-05-31,6,
3176,1570,36,Instagram,2026-06-28,Fechado perdido,0,39279.86,2026-08-08,41,Já compra de outro importador
3177,1570,36,Instagram,2026-06-26,Fechado perdido,0,94368.31,2026-08-13,48,Pediu exclusividade de marca
3178,1571,18,Inbound site,2026-01-09,Fechado perdido,0,52399.45,2026-03-02,52,Sem contato
3179,1571,18,Instagram,2025-01-24,Negociação,75,5743.44,,,
3180,1571,18,Reativação,2024-10-31,Qualificação,25,43398.72,,,
3181,1571,18,Feira de beleza,2025-04-04,Fechado perdido,0,78947.53,2025-04-10,6,Pediu exclusividade de marca
3182,1571,18,Feira de beleza,2026-03-21,Fechado perdido,0,57227.18,2026-05-19,59,Mix de fragrâncias não atende
3183,1571,18,Prospecção ativa,2025-09-28,Proposta enviada,50,49629.64,,,
3184,1572,22,Reativação,2025-06-28,Fechado ganho,100,65083.01,2025-07-29,31,
3185,1573,4,Feira de beleza,2024-10-15,Fechado ganho,100,9759.49,2024-12-19,65,
3186,1573,4,Inbound site,2026-06-16,Prospecção,10,83162.26,,,
3187,1573,4,WhatsApp,2026-07-01,Qualificação,25,89975.32,,,
3188,1574,41,WhatsApp,2025-01-16,Fechado ganho,100,9966.33,2025-02-23,38,
3189,1575,21,Feira de beleza,2025-04-23,Fechado perdido,0,52441.85,2025-05-02,9,Já compra de outro importador
3190,1576,38,Prospecção ativa,2024-11-03,Proposta enviada,50,11889.02,,,
3191,1576,38,WhatsApp,2024-09-14,Fechado perdido,0,26684.30,2024-10-17,33,Pediu exclusividade de marca
3192,1577,7,Prospecção ativa,2025-05-14,Fechado ganho,100,3388.57,2025-06-27,44,
3193,1578,18,Reativação,2024-11-14,Proposta enviada,50,39528.17,,,
3194,1578,18,Instagram,2025-01-25,Fechado perdido,0,41989.14,2025-01-30,5,Preço acima do concorrente
3195,1578,18,Indicação,2025-04-15,Prospecção,10,43125.79,,,
3196,1579,41,Indicação,2026-01-30,Proposta enviada,50,86980.65,,,
3197,1579,39,Instagram,2025-09-13,Prospecção,10,7185.62,,,
3198,1579,39,Inbound site,2024-09-25,Fechado ganho,100,10497.99,2024-11-20,56,
3199,1579,39,Feira de beleza,2025-05-03,Proposta enviada,50,32698.86,,,
3200,1580,7,Instagram,2025-08-14,Qualificação,25,74482.53,,,
3201,1580,7,Indicação,2026-07-15,Negociação,75,86993.60,,,
3202,1580,7,Reativação,2025-03-06,Negociação,75,44509.28,,,
3203,1581,41,WhatsApp,2024-10-27,Proposta enviada,50,14989.63,,,
3204,1581,41,Reativação,2025-11-28,Fechado perdido,0,64760.72,2025-12-06,8,Prazo de entrega
3205,1582,26,Indicação,2026-01-23,Negociação,75,46415.04,,,
3206,1582,26,Instagram,2025-04-02,Prospecção,10,87016.38,,,
3207,1582,26,Prospecção ativa,2025-09-28,Fechado ganho,100,40575.22,2025-12-03,66,
3208,1583,15,Instagram,2025-09-06,Negociação,75,55832.91,,,
3209,1583,15,Prospecção ativa,2025-05-23,Prospecção,10,16942.27,,,
3210,1583,15,Reativação,2026-03-16,Fechado ganho,100,88876.41,2026-05-02,47,
3211,1584,2,Prospecção ativa,2026-02-22,Fechado perdido,0,75681.36,2026-03-12,18,Já compra de outro importador
3212,1584,2,Feira de beleza,2024-12-13,Fechado perdido,0,31456.38,2025-01-07,25,Preço acima do concorrente
3213,1584,2,Feira de beleza,2026-05-19,Prospecção,10,35640.55,,,
3214,1584,2,WhatsApp,2025-08-26,Fechado ganho,100,52242.06,2025-09-06,11,
3215,1585,23,Prospecção ativa,2026-07-01,Proposta enviada,50,116540.17,,,
3216,1585,23,Instagram,2025-10-31,Prospecção,10,157111.69,,,
3217,1586,34,WhatsApp,2025-03-01,Fechado ganho,100,66978.38,2025-04-02,32,
3218,1586,42,WhatsApp,2024-10-23,Prospecção,10,85999.64,,,
3219,1587,40,Inbound site,2026-07-10,Prospecção,10,57990.15,,,
3220,1587,40,Indicação,2025-03-10,Proposta enviada,50,23378.73,,,
3221,1588,25,WhatsApp,2025-01-05,Fechado perdido,0,27398.91,2025-02-05,31,Já compra de outro importador
3222,1590,36,Inbound site,2025-05-07,Qualificação,25,74457.38,,,
3223,1590,36,Feira de beleza,2025-05-25,Negociação,75,19197.56,,,
3224,1590,36,Feira de beleza,2025-08-03,Proposta enviada,50,94556.10,,,
3225,1591,38,Instagram,2026-07-18,Fechado ganho,100,69735.52,2026-08-01,14,
3226,1591,15,WhatsApp,2025-05-04,Fechado ganho,100,56473.36,2025-05-30,26,
3227,1592,26,Inbound site,2025-10-11,Prospecção,10,20694.11,,,
3228,1592,26,Inbound site,2026-01-29,Negociação,75,58733.59,,,
3229,1592,27,Reativação,2026-04-25,Negociação,75,66123.15,,,
3230,1592,26,Reativação,2025-07-16,Negociação,75,82111.47,,,
3231,1593,32,Inbound site,2025-03-13,Negociação,75,39810.73,,,
3232,1593,32,Feira de beleza,2026-01-22,Fechado ganho,100,77803.35,2026-03-08,45,
3233,1593,32,Inbound site,2025-09-17,Qualificação,25,9950.85,,,
3234,1594,17,WhatsApp,2025-06-25,Proposta enviada,50,68276.64,,,
3235,1594,17,Reativação,2025-10-27,Prospecção,10,26897.15,,,
3236,1594,17,Prospecção ativa,2026-08-09,Negociação,75,53190.99,,,
3237,1595,17,Prospecção ativa,2026-08-13,Negociação,75,22023.14,,,
3238,1595,17,Indicação,2025-11-14,Fechado ganho,100,31706.23,2025-11-23,9,
3239,1595,17,Reativação,2026-06-11,Fechado perdido,0,72518.36,2026-06-28,17,Preço acima do concorrente
3240,1595,17,Instagram,2026-01-22,Fechado perdido,0,64097.63,2026-03-25,62,Prazo de entrega
3241,1596,10,Indicação,2024-09-08,Qualificação,25,14146.58,,,
3242,1596,10,Indicação,2025-04-10,Prospecção,10,83060.14,,,
3243,1598,41,Feira de beleza,2025-10-05,Proposta enviada,50,6457.57,,,
3244,1599,8,Instagram,2025-05-29,Prospecção,10,61558.05,,,
3245,1600,38,WhatsApp,2026-03-19,Prospecção,10,11127.20,,,
3246,1601,27,WhatsApp,2025-04-05,Prospecção,10,24165.33,,,
3247,1601,27,Inbound site,2024-09-02,Negociação,75,141958.29,,,
3248,1601,27,Indicação,2026-06-06,Fechado ganho,100,89525.00,2026-07-24,48,
3249,1602,14,Indicação,2025-03-10,Prospecção,10,8405.56,,,
3250,1603,37,Inbound site,2025-05-17,Negociação,75,40617.30,,,
3251,1604,22,Indicação,2026-01-17,Fechado perdido,0,59749.51,2026-02-23,37,Sem verba no momento
3252,1604,22,Inbound site,2025-10-09,Qualificação,25,93060.03,,,
3253,1605,23,Inbound site,2025-09-12,Proposta enviada,50,53958.61,,,
3254,1606,10,Indicação,2026-05-11,Negociação,75,19709.24,,,
3255,1607,38,Instagram,2025-11-23,Proposta enviada,50,59760.83,,,
3256,1607,38,Reativação,2025-01-06,Fechado perdido,0,65883.98,2025-01-09,3,Sem verba no momento
3257,1608,3,WhatsApp,2026-08-29,Prospecção,10,9214.76,,,
3258,1608,7,Instagram,2025-03-05,Fechado ganho,100,32008.69,2025-03-29,24,
3259,1608,3,WhatsApp,2026-04-12,Fechado ganho,100,50806.77,2026-05-06,24,
3260,1608,3,Indicação,2026-08-19,Proposta enviada,50,41057.63,,,
3261,1609,22,Reativação,2026-02-28,Fechado ganho,100,147577.54,2026-05-01,62,
3262,1609,22,WhatsApp,2024-11-27,Negociação,75,125771.51,,,
3263,1609,22,Feira de beleza,2026-01-09,Fechado ganho,100,29424.73,2026-03-14,64,
3264,1609,22,Prospecção ativa,2025-01-19,Proposta enviada,50,149360.91,,,
3265,1610,1,Instagram,2025-09-10,Proposta enviada,50,8422.70,,,
3266,1610,1,Prospecção ativa,2026-06-04,Proposta enviada,50,94210.07,,,
3267,1611,18,Indicação,2026-04-13,Fechado perdido,0,27043.77,2026-06-20,68,Preço acima do concorrente
3268,1611,18,Feira de beleza,2026-01-17,Prospecção,10,64417.77,,,
3269,1611,18,Indicação,2026-01-07,Proposta enviada,50,44088.10,,,
3270,1611,18,Instagram,2026-01-02,Proposta enviada,50,87146.45,,,
3271,1612,10,Inbound site,2025-04-19,Prospecção,10,3720.20,,,
3272,1613,13,Indicação,2026-06-17,Qualificação,25,49850.05,,,
3273,1614,10,Feira de beleza,2024-10-01,Proposta enviada,50,81010.86,,,
3274,1614,10,Inbound site,2025-11-26,Negociação,75,68141.64,,,
3275,1614,10,Instagram,2025-12-11,Proposta enviada,50,91306.46,,,
3276,1615,32,Prospecção ativa,2026-06-11,Negociação,75,67972.34,,,
3277,1615,32,Prospecção ativa,2026-06-22,Proposta enviada,50,81424.03,,,
3278,1617,11,Indicação,2025-04-06,Fechado perdido,0,59518.85,2025-04-26,20,Sem contato
3279,1617,11,Feira de beleza,2025-10-22,Proposta enviada,50,51409.56,,,
3280,1617,39,Feira de beleza,2024-11-11,Fechado perdido,0,4453.86,2024-11-27,16,Pediu exclusividade de marca
3281,1618,16,WhatsApp,2026-08-14,Proposta enviada,50,6923.50,,,
3282,1618,16,Feira de beleza,2026-04-25,Negociação,75,58632.17,,,
3283,1619,4,Inbound site,2025-08-09,Fechado ganho,100,87780.41,2025-09-13,35,
3284,1620,39,Feira de beleza,2025-05-05,Prospecção,10,60245.24,,,
3285,1620,39,Prospecção ativa,2024-11-03,Fechado ganho,100,38016.27,2024-11-18,15,
3286,1620,39,Instagram,2026-04-04,Fechado ganho,100,29160.22,2026-05-03,29,
3287,1621,21,Reativação,2024-12-27,Fechado ganho,100,61248.54,2025-01-22,26,
3288,1621,21,WhatsApp,2026-07-25,Fechado ganho,100,7109.55,2026-08-28,34,
3289,1622,18,Inbound site,2026-01-01,Qualificação,25,55875.25,,,
3290,1622,18,Inbound site,2026-01-13,Qualificação,25,15287.41,,,
3291,1622,18,Prospecção ativa,2026-01-16,Fechado perdido,0,5286.91,2026-03-26,69,Sem contato
3292,1622,18,Reativação,2026-04-17,Qualificação,25,43392.37,,,
3293,1623,15,WhatsApp,2026-07-13,Proposta enviada,50,44362.24,,,
3294,1623,15,Inbound site,2025-04-25,Qualificação,25,44146.86,,,
3295,1623,15,Prospecção ativa,2025-08-11,Fechado ganho,100,22734.19,2025-10-12,62,
3296,1623,15,Inbound site,2025-09-19,Prospecção,10,18093.49,,,
3297,1624,33,Indicação,2025-07-14,Fechado ganho,100,20473.61,2025-09-08,56,
3298,1624,33,Feira de beleza,2025-03-10,Prospecção,10,90891.04,,,
3299,1624,33,Reativação,2025-06-23,Fechado ganho,100,8947.75,2025-07-27,34,
3300,1625,35,Indicação,2026-03-04,Negociação,75,71523.65,,,
3301,1626,37,WhatsApp,2024-11-25,Prospecção,10,18824.06,,,
3302,1626,37,Reativação,2026-05-08,Qualificação,25,86819.92,,,
3303,1627,14,Feira de beleza,2025-04-03,Proposta enviada,50,37419.73,,,
3304,1627,14,Indicação,2025-11-28,Qualificação,25,75312.50,,,
3305,1627,24,Reativação,2025-12-31,Fechado perdido,0,92791.15,2026-01-29,29,Pediu exclusividade de marca
3306,1628,26,Feira de beleza,2025-04-01,Fechado ganho,100,33711.50,2025-05-05,34,
3307,1628,26,Feira de beleza,2026-02-13,Prospecção,10,47471.54,,,
3308,1629,41,WhatsApp,2026-02-01,Fechado perdido,0,31749.64,2026-02-21,20,Já compra de outro importador
3309,1629,41,Feira de beleza,2025-01-10,Prospecção,10,15487.45,,,
3310,1629,41,Instagram,2025-01-16,Qualificação,25,71396.85,,,
3311,1629,41,Reativação,2026-08-18,Negociação,75,88953.04,,,
3312,1629,41,Prospecção ativa,2025-04-10,Fechado ganho,100,61915.57,2025-05-08,28,
3313,1629,41,Feira de beleza,2025-08-09,Qualificação,25,44864.57,,,
3314,1630,31,Reativação,2026-08-07,Negociação,75,41816.10,,,
3315,1630,39,Prospecção ativa,2024-09-15,Negociação,75,94922.87,,,
3316,1630,39,Prospecção ativa,2025-07-23,Proposta enviada,50,5486.39,,,
3317,1630,39,Feira de beleza,2025-06-10,Qualificação,25,35697.39,,,
3318,1631,21,Prospecção ativa,2025-12-15,Negociação,75,37369.66,,,
3319,1632,27,WhatsApp,2026-04-07,Proposta enviada,50,36206.59,,,
3320,1632,27,Prospecção ativa,2024-10-17,Fechado perdido,0,10579.74,2024-11-25,39,Mix de fragrâncias não atende
3321,1632,27,Reativação,2024-09-23,Qualificação,25,35847.28,,,
3322,1632,27,WhatsApp,2024-09-07,Fechado ganho,100,35716.67,2024-10-07,30,
3323,1632,27,Reativação,2024-12-07,Prospecção,10,38939.89,,,
3324,1632,27,Reativação,2024-11-26,Fechado perdido,0,59002.45,2024-12-17,21,Sem contato
3325,1633,29,Prospecção ativa,2026-06-20,Qualificação,25,85657.96,,,
3326,1633,29,Inbound site,2025-08-04,Fechado ganho,100,48629.76,2025-09-24,51,
3327,1633,29,Reativação,2025-08-15,Qualificação,25,32231.75,,,
3328,1635,12,Inbound site,2025-04-14,Fechado ganho,100,52367.60,2025-04-28,14,
3329,1635,12,WhatsApp,2026-08-21,Proposta enviada,50,36882.59,,,
3330,1635,12,Feira de beleza,2024-11-17,Fechado ganho,100,32860.45,2025-01-10,54,
3331,1635,12,Feira de beleza,2026-07-12,Fechado ganho,100,70239.45,2026-08-19,38,
3332,1635,12,Prospecção ativa,2024-12-07,Fechado ganho,100,18027.64,2025-02-17,72,
3333,1635,12,Instagram,2024-12-20,Negociação,75,84052.54,,,
3334,1636,18,Inbound site,2026-02-28,Fechado ganho,100,84970.71,2026-03-30,30,
3335,1636,15,Instagram,2025-08-02,Proposta enviada,50,2923.14,,,
3336,1636,18,Prospecção ativa,2026-05-13,Fechado ganho,100,68566.64,2026-05-31,18,
3337,1636,15,Feira de beleza,2025-05-12,Prospecção,10,86310.52,,,
3338,1637,16,Instagram,2025-12-03,Prospecção,10,84534.98,,,
3339,1637,16,Reativação,2025-03-25,Proposta enviada,50,47314.55,,,
3340,1638,17,Prospecção ativa,2024-11-15,Proposta enviada,50,89025.04,,,
3341,1638,17,Instagram,2026-02-09,Prospecção,10,70500.64,,,
3342,1640,23,Feira de beleza,2024-10-01,Qualificação,25,22992.09,,,
3343,1640,23,Prospecção ativa,2025-04-03,Proposta enviada,50,15505.88,,,
3344,1641,23,WhatsApp,2026-07-07,Fechado perdido,0,75617.50,2026-07-24,17,Pediu exclusividade de marca
3345,1641,23,WhatsApp,2025-11-22,Qualificação,25,30181.81,,,
3346,1642,7,Prospecção ativa,2026-02-07,Fechado perdido,0,58339.69,2026-04-12,64,Fechou com concorrente
3347,1643,8,Prospecção ativa,2024-09-04,Fechado ganho,100,20931.46,2024-11-01,58,
3348,1646,10,Reativação,2025-10-02,Negociação,75,83472.25,,,
3349,1646,10,Reativação,2024-12-28,Prospecção,10,67190.07,,,
3350,1646,10,Prospecção ativa,2026-02-15,Fechado ganho,100,43594.80,2026-02-24,9,
3351,1646,10,Prospecção ativa,2025-07-30,Fechado ganho,100,56226.19,2025-10-08,70,
3352,1649,12,Reativação,2024-11-14,Proposta enviada,50,52875.49,,,
3353,1651,35,Reativação,2026-08-07,Negociação,75,67548.15,,,
3354,1651,35,Inbound site,2025-10-04,Fechado perdido,0,37984.65,2025-10-18,14,Preço acima do concorrente
3355,1652,24,WhatsApp,2024-10-28,Fechado ganho,100,40763.11,2025-01-05,69,
3356,1652,24,Prospecção ativa,2025-01-26,Prospecção,10,73614.26,,,
3357,1653,31,Feira de beleza,2025-08-23,Negociação,75,7916.82,,,
3358,1653,39,Prospecção ativa,2026-08-29,Negociação,75,66587.47,,,
3359,1653,31,Reativação,2025-03-15,Qualificação,25,7045.20,,,
3360,1654,1,WhatsApp,2025-04-14,Fechado perdido,0,52097.32,2025-05-27,43,Pediu exclusividade de marca
3361,1655,23,Instagram,2025-09-23,Prospecção,10,63461.19,,,
3362,1655,23,WhatsApp,2026-03-15,Fechado ganho,100,30975.17,2026-04-30,46,
3363,1656,33,Reativação,2026-06-13,Prospecção,10,53212.78,,,
3364,1657,14,WhatsApp,2025-11-17,Fechado perdido,0,24611.38,2026-01-28,72,Mix de fragrâncias não atende
3365,1657,14,Indicação,2026-03-03,Qualificação,25,41802.36,,,
3366,1657,14,WhatsApp,2025-06-28,Qualificação,25,42468.39,,,
3367,1657,14,Feira de beleza,2026-01-06,Proposta enviada,50,6794.15,,,
3368,1658,18,Instagram,2026-02-19,Qualificação,25,82538.43,,,
3369,1658,18,Reativação,2026-08-31,Prospecção,10,51277.35,,,
3370,1658,18,Feira de beleza,2025-07-23,Qualificação,25,50950.16,,,
3371,1660,4,WhatsApp,2026-03-29,Prospecção,10,9286.88,,,
3372,1661,19,WhatsApp,2025-07-17,Fechado ganho,100,75509.99,2025-08-18,32,
3373,1662,33,Prospecção ativa,2025-05-29,Fechado perdido,0,74590.36,2025-06-08,10,Sem contato
3374,1662,33,WhatsApp,2025-10-15,Prospecção,10,40188.84,,,
3375,1662,33,Inbound site,2026-02-07,Negociação,75,60929.50,,,
3376,1663,12,Instagram,2025-04-04,Fechado ganho,100,92653.02,2025-04-16,12,
3377,1663,42,Instagram,2026-07-13,Fechado ganho,100,45731.76,2026-08-15,33,
3378,1663,42,Instagram,2026-05-26,Prospecção,10,92587.75,,,
3379,1664,26,Indicação,2026-08-20,Negociação,75,85306.82,,,
3380,1664,26,Instagram,2026-02-07,Negociação,75,94995.99,,,
3381,1665,10,Indicação,2025-01-03,Fechado perdido,0,22067.32,2025-03-07,63,Prazo de entrega
3382,1665,10,Instagram,2026-03-09,Prospecção,10,61622.41,,,
3383,1665,10,Indicação,2026-02-18,Fechado perdido,0,94855.30,2026-03-05,15,Pediu exclusividade de marca
3384,1666,33,WhatsApp,2025-06-20,Qualificação,25,138224.63,,,
3385,1666,33,Indicação,2026-06-12,Fechado ganho,100,71346.32,2026-07-08,26,
3386,1666,33,Instagram,2025-04-06,Fechado ganho,100,22375.83,2025-04-26,20,
3387,1667,40,Feira de beleza,2025-12-11,Fechado perdido,0,9051.34,2026-01-25,45,Sem verba no momento
3388,1668,1,Instagram,2025-07-09,Prospecção,10,25029.92,,,
3389,1668,1,Prospecção ativa,2026-04-26,Qualificação,25,52320.68,,,
3390,1668,1,Inbound site,2025-07-23,Proposta enviada,50,36303.78,,,
3391,1668,1,Inbound site,2026-06-30,Proposta enviada,50,41384.74,,,
3392,1670,10,Prospecção ativa,2026-05-09,Negociação,75,148210.32,,,
3393,1671,40,Reativação,2026-08-27,Negociação,75,55511.89,,,
3394,1672,6,WhatsApp,2026-02-11,Fechado perdido,0,70303.31,2026-04-23,71,Mix de fragrâncias não atende
3395,1672,6,Instagram,2026-07-17,Negociação,75,34304.15,,,
3396,1674,39,Inbound site,2025-11-24,Fechado ganho,100,25523.12,2026-01-28,65,
3397,1674,39,WhatsApp,2026-04-27,Negociação,75,53699.87,,,
3398,1674,39,Reativação,2026-04-01,Negociação,75,28044.76,,,
3399,1674,39,Feira de beleza,2026-03-20,Fechado ganho,100,55397.57,2026-05-10,51,
3400,1674,39,Instagram,2026-06-10,Qualificação,25,24061.11,,,
3401,1674,39,Instagram,2026-01-31,Fechado perdido,0,3122.82,2026-02-14,14,Pediu exclusividade de marca
3402,1675,12,Prospecção ativa,2026-03-27,Fechado perdido,0,3232.61,2026-04-07,11,Pediu exclusividade de marca
3403,1675,20,Feira de beleza,2025-01-29,Qualificação,25,70488.82,,,
3404,1676,2,WhatsApp,2025-02-15,Fechado perdido,0,79491.39,2025-04-15,59,Mix de fragrâncias não atende
3405,1676,2,Prospecção ativa,2026-05-26,Qualificação,25,7412.09,,,
3406,1676,2,Reativação,2026-05-07,Fechado perdido,0,45291.24,2026-06-21,45,Prazo de entrega
3407,1676,2,WhatsApp,2026-08-11,Negociação,75,39259.15,,,
3408,1676,2,Reativação,2025-12-23,Proposta enviada,50,38638.78,,,
3409,1676,2,WhatsApp,2024-09-13,Fechado ganho,100,32477.06,2024-11-23,71,
3410,1678,22,Instagram,2026-04-07,Qualificação,25,77775.30,,,
3411,1679,7,WhatsApp,2024-12-07,Negociação,75,5416.87,,,
3412,1679,7,Inbound site,2025-04-23,Qualificação,25,55868.68,,,
3413,1680,36,Instagram,2026-08-23,Negociação,75,60762.90,,,
3414,1680,36,Indicação,2025-05-11,Qualificação,25,61095.57,,,
3415,1681,14,WhatsApp,2025-02-10,Fechado perdido,0,66253.15,2025-03-26,44,Prazo de entrega
3416,1681,14,Feira de beleza,2024-11-10,Proposta enviada,50,9337.15,,,
3417,1683,36,Feira de beleza,2025-03-17,Fechado perdido,0,49999.77,2025-05-06,50,Sem verba no momento
3418,1684,5,Inbound site,2026-05-30,Qualificação,25,81819.77,,,
3419,1685,20,WhatsApp,2026-03-20,Fechado ganho,100,90753.34,2026-04-03,14,
3420,1685,20,Feira de beleza,2025-10-21,Fechado ganho,100,87073.65,2025-12-03,43,
3421,1685,20,Indicação,2026-06-04,Fechado ganho,100,80687.07,2026-06-25,21,
3422,1685,20,Instagram,2025-07-02,Negociação,75,22772.84,,,
3423,1686,19,Inbound site,2026-04-09,Prospecção,10,61324.33,,,
3424,1686,19,WhatsApp,2025-05-31,Fechado perdido,0,128768.53,2025-06-13,13,Pediu exclusividade de marca
3425,1687,22,Instagram,2025-07-15,Fechado perdido,0,154264.30,2025-07-22,7,Sem verba no momento
3426,1687,22,Prospecção ativa,2025-05-10,Negociação,75,133071.93,,,
3427,1687,22,Feira de beleza,2026-05-31,Proposta enviada,50,69170.21,,,
3428,1688,17,WhatsApp,2026-01-03,Fechado ganho,100,2915.91,2026-03-16,72,
3429,1688,17,Instagram,2025-03-02,Fechado ganho,100,78605.57,2025-04-24,53,
3430,1688,17,Instagram,2024-10-25,Qualificação,25,87063.78,,,
3431,1689,35,Reativação,2025-11-30,Fechado perdido,0,79456.83,2026-02-02,64,Fechou com concorrente
3432,1690,38,Feira de beleza,2025-02-12,Fechado perdido,0,57145.37,2025-04-02,49,Mix de fragrâncias não atende
3433,1690,38,WhatsApp,2025-09-29,Fechado perdido,0,59418.56,2025-10-17,18,Pediu exclusividade de marca
3434,1690,38,Inbound site,2026-08-03,Proposta enviada,50,6548.70,,,
3435,1691,19,Reativação,2024-11-22,Prospecção,10,28762.71,,,
3436,1691,19,Prospecção ativa,2025-05-22,Fechado ganho,100,86207.38,2025-07-31,70,
3437,1692,26,Instagram,2025-06-19,Fechado ganho,100,37986.39,2025-07-03,14,
3438,1694,11,Feira de beleza,2024-11-06,Fechado ganho,100,63005.81,2024-12-06,30,
3439,1694,11,Prospecção ativa,2025-02-19,Proposta enviada,50,42989.28,,,
3440,1695,36,Instagram,2026-05-24,Qualificação,25,83870.23,,,
3441,1695,36,WhatsApp,2026-06-27,Proposta enviada,50,45399.77,,,
3442,1695,36,Feira de beleza,2026-06-07,Negociação,75,66807.94,,,
3443,1695,36,Reativação,2026-06-16,Negociação,75,65276.76,,,
3444,1696,20,Prospecção ativa,2024-12-19,Fechado ganho,100,16493.28,2025-01-25,37,
3445,1697,41,Prospecção ativa,2025-10-13,Fechado ganho,100,66207.08,2025-11-18,36,
3446,1697,41,Prospecção ativa,2024-12-19,Fechado ganho,100,127142.54,2025-01-15,27,
3447,1698,31,Indicação,2025-04-30,Qualificação,25,45103.16,,,
3448,1699,8,Instagram,2025-12-30,Negociação,75,39283.06,,,
3449,1701,41,Instagram,2025-07-05,Qualificação,25,52643.02,,,
3450,1703,24,WhatsApp,2025-09-12,Prospecção,10,79046.83,,,
3451,1703,24,Feira de beleza,2025-04-20,Prospecção,10,46475.84,,,
3452,1703,24,Inbound site,2025-05-03,Prospecção,10,63776.92,,,
3453,1703,24,Inbound site,2025-03-23,Fechado ganho,100,67126.85,2025-05-16,54,
3454,1703,24,WhatsApp,2025-06-21,Fechado perdido,0,61114.23,2025-08-20,60,Sem verba no momento
3455,1703,24,Indicação,2024-09-23,Fechado ganho,100,60497.14,2024-09-26,3,
3456,1704,23,Feira de beleza,2025-09-04,Proposta enviada,50,44036.30,,,
3457,1704,23,Instagram,2026-01-28,Negociação,75,41624.98,,,
3458,1706,15,Reativação,2024-10-11,Qualificação,25,70033.08,,,
3459,1706,15,Instagram,2026-03-17,Fechado perdido,0,94210.44,2026-05-12,56,Sem contato
3460,1706,15,Reativação,2025-04-07,Fechado ganho,100,83412.33,2025-04-29,22,
3461,1706,15,Feira de beleza,2026-08-18,Negociação,75,8900.32,,,
3462,1709,4,Inbound site,2025-11-29,Qualificação,25,73173.93,,,
3463,1709,4,Feira de beleza,2024-11-14,Negociação,75,56944.86,,,
3464,1709,4,WhatsApp,2025-11-13,Fechado ganho,100,84326.21,2025-12-07,24,
3465,1709,4,Reativação,2025-02-22,Qualificação,25,47818.34,,,
3466,1712,4,Feira de beleza,2024-10-12,Fechado ganho,100,52457.47,2024-11-06,25,
3467,1712,4,WhatsApp,2026-07-07,Qualificação,25,4680.22,,,
3468,1712,4,Feira de beleza,2024-09-06,Qualificação,25,84980.10,,,
3469,1712,4,WhatsApp,2026-02-16,Prospecção,10,7351.72,,,
3470,1712,4,Indicação,2025-05-16,Fechado perdido,0,33962.11,2025-07-02,47,Sem contato
3471,1712,4,Prospecção ativa,2026-01-26,Fechado perdido,0,4963.40,2026-03-20,53,Fechou com concorrente
3472,1714,40,WhatsApp,2025-03-06,Qualificação,25,92385.59,,,
3473,1715,16,Instagram,2026-06-13,Fechado ganho,100,85327.29,2026-08-03,51,
3474,1716,37,Inbound site,2025-03-30,Negociação,75,23512.08,,,
3475,1716,37,Instagram,2025-11-24,Prospecção,10,38270.23,,,
3476,1716,37,Feira de beleza,2025-09-07,Negociação,75,41133.58,,,
3477,1716,37,Indicação,2025-08-07,Qualificação,25,18680.22,,,
3478,1717,14,Instagram,2024-11-29,Fechado ganho,100,18737.40,2024-12-11,12,
3479,1717,14,Inbound site,2025-08-11,Qualificação,25,73793.56,,,
3480,1717,14,Indicação,2026-01-09,Qualificação,25,106540.22,,,
3481,1718,8,Prospecção ativa,2026-06-13,Fechado ganho,100,49511.12,2026-07-14,31,
3482,1718,8,Inbound site,2025-09-17,Negociação,75,34138.29,,,
3483,1718,8,Prospecção ativa,2025-11-10,Fechado ganho,100,70814.49,2025-12-14,34,
3484,1718,8,WhatsApp,2025-04-24,Fechado perdido,0,61748.91,2025-06-30,67,Sem contato
3485,1722,33,Inbound site,2025-09-23,Fechado ganho,100,23855.13,2025-10-10,17,
3486,1722,33,Inbound site,2026-03-03,Fechado ganho,100,27489.07,2026-04-16,44,
3487,1722,33,WhatsApp,2026-07-04,Fechado ganho,100,52237.86,2026-07-18,14,
3488,1723,38,WhatsApp,2025-11-19,Fechado ganho,100,15752.48,2025-11-25,6,
3489,1723,38,Prospecção ativa,2025-01-18,Fechado perdido,0,26652.46,2025-01-28,10,Pediu exclusividade de marca
3490,1723,38,WhatsApp,2025-09-18,Prospecção,10,20008.11,,,
3491,1726,40,Feira de beleza,2026-02-04,Prospecção,10,77585.28,,,
3492,1726,40,Reativação,2025-09-10,Fechado perdido,0,47700.33,2025-11-06,57,Sem contato
3493,1727,26,Inbound site,2025-11-29,Fechado perdido,0,39836.28,2026-01-31,63,Prazo de entrega
3494,1728,25,Instagram,2025-02-08,Prospecção,10,55832.91,,,
3495,1728,25,Inbound site,2024-11-29,Prospecção,10,23206.62,,,
3496,1729,5,Reativação,2026-01-19,Fechado perdido,0,27744.46,2026-03-05,45,Prazo de entrega
3497,1729,5,Inbound site,2025-12-17,Proposta enviada,50,87590.68,,,
3498,1729,5,WhatsApp,2024-09-24,Qualificação,25,92745.62,,,
3499,1729,5,Prospecção ativa,2024-12-13,Proposta enviada,50,13920.83,,,
3500,1730,37,Indicação,2026-05-06,Qualificação,25,6593.18,,,
3501,1730,37,Inbound site,2026-05-15,Negociação,75,168546.96,,,
3502,1730,37,Prospecção ativa,2026-01-05,Fechado perdido,0,162092.23,2026-02-20,46,Sem verba no momento
3503,1730,37,Inbound site,2026-05-08,Fechado ganho,100,27494.82,2026-06-03,26,
3504,1730,8,Instagram,2026-06-20,Proposta enviada,50,87768.71,,,
3505,1730,37,Reativação,2026-03-23,Prospecção,10,14619.07,,,
3506,1731,33,Inbound site,2026-05-18,Negociação,75,66571.77,,,
3507,1731,33,Inbound site,2024-09-09,Qualificação,25,55814.67,,,
3508,1732,31,Indicação,2025-11-23,Proposta enviada,50,33828.29,,,
3509,1732,31,WhatsApp,2026-06-30,Negociação,75,81421.23,,,
3510,1732,31,WhatsApp,2025-05-30,Qualificação,25,9118.71,,,
3511,1733,11,Instagram,2025-12-28,Proposta enviada,50,72399.62,,,
3512,1733,11,Inbound site,2024-09-27,Fechado ganho,100,121801.57,2024-10-08,11,
3513,1733,11,Instagram,2025-01-16,Prospecção,10,152975.34,,,
3514,1733,11,Instagram,2026-02-15,Negociação,75,65445.89,,,
3515,1734,34,Instagram,2025-01-31,Fechado ganho,100,27705.16,2025-02-20,20,
3516,1734,34,Indicação,2026-05-10,Negociação,75,76342.51,,,
3517,1734,34,Prospecção ativa,2025-03-26,Proposta enviada,50,32675.62,,,
3518,1736,18,Inbound site,2026-03-22,Fechado ganho,100,52740.01,2026-04-23,32,
3519,1736,18,Prospecção ativa,2026-04-13,Fechado ganho,100,81713.95,2026-05-16,33,
3520,1737,5,Reativação,2024-12-30,Proposta enviada,50,46830.87,,,
3521,1737,5,Inbound site,2026-05-23,Fechado ganho,100,57792.79,2026-07-11,49,
3522,1738,14,Feira de beleza,2025-08-11,Prospecção,10,75606.99,,,
3523,1738,14,WhatsApp,2025-08-11,Prospecção,10,89261.49,,,
3524,1739,34,Inbound site,2025-03-21,Prospecção,10,41042.42,,,
3525,1739,34,Inbound site,2024-10-09,Fechado ganho,100,90496.60,2024-12-10,62,
3526,1739,34,Inbound site,2026-05-25,Fechado ganho,100,56549.45,2026-06-28,34,
3527,1739,34,Instagram,2026-08-23,Negociação,75,20366.53,,,
3528,1741,6,Reativação,2026-05-02,Qualificação,25,36689.14,,,
3529,1741,6,WhatsApp,2026-04-12,Fechado ganho,100,32700.22,2026-04-28,16,
3530,1741,6,Reativação,2025-08-04,Fechado ganho,100,27498.13,2025-08-11,7,
3531,1742,32,Reativação,2024-12-25,Qualificação,25,84063.88,,,
3532,1742,32,Instagram,2025-05-30,Fechado ganho,100,88010.83,2025-07-30,61,
3533,1742,32,Inbound site,2026-08-04,Negociação,75,35895.66,,,
3534,1744,2,Instagram,2026-07-08,Fechado ganho,100,2766.25,2026-07-18,10,
3535,1744,2,Inbound site,2026-08-20,Qualificação,25,34762.05,,,
3536,1744,2,Prospecção ativa,2026-08-09,Proposta enviada,50,13949.47,,,
3537,1744,2,Inbound site,2026-07-05,Qualificação,25,10692.04,,,
3538,1744,2,Instagram,2026-05-22,Fechado perdido,0,53438.84,2026-06-09,18,Prazo de entrega
3539,1744,2,Inbound site,2026-06-06,Prospecção,10,49542.70,,,
3540,1745,24,Instagram,2025-09-14,Fechado perdido,0,8091.92,2025-11-20,67,Mix de fragrâncias não atende
3541,1745,24,Indicação,2025-07-05,Fechado ganho,100,77088.24,2025-07-21,16,
3542,1745,24,Instagram,2025-05-07,Fechado ganho,100,42250.40,2025-06-05,29,
3543,1746,26,Prospecção ativa,2025-06-26,Fechado ganho,100,10181.14,2025-07-05,9,
3544,1746,26,Instagram,2024-11-10,Fechado ganho,100,9657.58,2024-12-22,42,
3545,1746,26,Prospecção ativa,2025-01-17,Proposta enviada,50,39368.34,,,
3546,1746,26,Reativação,2024-10-08,Proposta enviada,50,49130.50,,,
3547,1747,28,Reativação,2024-09-23,Prospecção,10,10668.53,,,
3548,1748,19,Prospecção ativa,2026-02-21,Prospecção,10,88504.49,,,
3549,1748,19,Inbound site,2025-10-23,Fechado perdido,0,46866.88,2025-11-11,19,Sem verba no momento
3550,1748,19,WhatsApp,2025-09-02,Fechado ganho,100,70958.43,2025-09-25,23,
3551,1748,19,Reativação,2026-06-19,Negociação,75,38291.75,,,
3552,1748,19,Prospecção ativa,2026-04-14,Fechado ganho,100,31623.80,2026-05-02,18,
3553,1748,19,Feira de beleza,2025-02-13,Fechado perdido,0,62989.18,2025-02-28,15,Já compra de outro importador
3554,1749,32,WhatsApp,2026-01-25,Qualificação,25,38378.25,,,
3555,1749,32,Inbound site,2026-04-27,Fechado ganho,100,69063.51,2026-05-08,11,
3556,1749,32,Reativação,2026-08-22,Qualificação,25,82305.34,,,
3557,1750,6,Reativação,2026-02-12,Negociação,75,40707.95,,,
3558,1752,37,Instagram,2025-05-11,Proposta enviada,50,45547.12,,,
3559,1752,37,Prospecção ativa,2026-02-09,Proposta enviada,50,68470.80,,,
3560,1752,37,Instagram,2025-06-13,Fechado perdido,0,50009.78,2025-07-02,19,Fechou com concorrente
3561,1752,37,Indicação,2025-05-24,Negociação,75,59432.55,,,
3562,1752,37,Feira de beleza,2025-12-28,Fechado perdido,0,61241.02,2026-02-10,44,Sem verba no momento
3563,1752,37,Indicação,2025-05-25,Fechado perdido,0,27070.23,2025-07-06,42,Sem contato
3564,1753,35,Reativação,2025-03-15,Negociação,75,41849.45,,,
3565,1753,35,Inbound site,2024-09-17,Proposta enviada,50,16790.45,,,
3566,1753,35,WhatsApp,2026-03-02,Negociação,75,83412.68,,,
3567,1754,5,Indicação,2026-02-05,Fechado perdido,0,54835.84,2026-02-27,22,Sem verba no momento
3568,1755,6,Feira de beleza,2025-10-14,Proposta enviada,50,152753.60,,,
3569,1755,6,Instagram,2026-06-08,Fechado ganho,100,135295.95,2026-08-03,56,
3570,1756,12,Reativação,2026-01-08,Qualificação,25,19726.06,,,
3571,1756,12,Instagram,2025-11-22,Fechado perdido,0,82394.71,2025-12-07,15,Já compra de outro importador
3572,1757,21,WhatsApp,2026-03-01,Proposta enviada,50,13893.19,,,
3573,1758,19,Indicação,2025-08-11,Prospecção,10,23086.24,,,
3574,1759,38,Prospecção ativa,2024-11-09,Fechado ganho,100,91993.74,2024-11-29,20,
3575,1759,38,Indicação,2026-04-24,Fechado ganho,100,143940.45,2026-06-28,65,
3576,1761,31,Inbound site,2025-06-23,Qualificação,25,46224.42,,,
3577,1761,31,Inbound site,2025-11-09,Qualificação,25,6965.18,,,
3578,1763,13,Indicação,2025-09-02,Proposta enviada,50,28012.81,,,
3579,1763,13,Reativação,2025-01-10,Negociação,75,91776.42,,,
3580,1764,38,Prospecção ativa,2025-12-09,Qualificação,25,43491.74,,,
3581,1765,24,WhatsApp,2025-09-21,Fechado ganho,100,80436.29,2025-11-30,70,
3582,1765,34,Feira de beleza,2025-04-11,Fechado ganho,100,81282.52,2025-05-11,30,
3583,1765,24,Prospecção ativa,2025-11-09,Fechado perdido,0,45624.99,2025-12-05,26,Preço acima do concorrente
3584,1765,24,Prospecção ativa,2025-07-24,Qualificação,25,60309.17,,,
3585,1765,34,Indicação,2024-09-30,Fechado ganho,100,16399.78,2024-10-05,5,
3586,1765,24,Indicação,2026-07-06,Fechado perdido,0,34101.83,2026-07-09,3,Prazo de entrega
3587,1767,23,Indicação,2026-07-29,Qualificação,25,11483.08,,,
3588,1767,23,Instagram,2026-07-25,Negociação,75,22884.30,,,
3589,1767,23,Reativação,2026-07-09,Proposta enviada,50,80975.76,,,
3590,1768,18,WhatsApp,2026-07-16,Qualificação,25,75182.84,,,
3591,1768,18,Inbound site,2026-08-04,Prospecção,10,21692.83,,,
3592,1769,41,Reativação,2026-04-01,Fechado ganho,100,54539.14,2026-05-27,56,
3593,1771,22,Indicação,2026-03-28,Proposta enviada,50,75091.76,,,
3594,1771,22,Indicação,2026-02-04,Proposta enviada,50,66073.61,,,
3595,1771,22,Feira de beleza,2026-04-11,Proposta enviada,50,74010.68,,,
3596,1771,22,Feira de beleza,2025-08-27,Fechado ganho,100,80596.41,2025-09-05,9,
3597,1773,16,Reativação,2026-03-03,Negociação,75,44029.72,,,
3598,1774,27,Prospecção ativa,2026-07-24,Proposta enviada,50,53755.68,,,
3599,1774,27,Instagram,2026-06-17,Qualificação,25,26920.83,,,
3600,1774,27,Prospecção ativa,2025-11-11,Negociação,75,9106.59,,,
3601,1774,27,Feira de beleza,2026-06-05,Proposta enviada,50,20996.33,,,
3602,1775,23,Feira de beleza,2026-06-10,Qualificação,25,10160.14,,,
3603,1775,23,Instagram,2026-05-12,Fechado ganho,100,71031.62,2026-07-10,59,
3604,1775,23,Reativação,2024-11-08,Prospecção,10,26551.28,,,
3605,1776,40,Inbound site,2025-07-07,Qualificação,25,18685.05,,,
3606,1776,40,Instagram,2025-04-16,Fechado ganho,100,60762.65,2025-06-30,75,
3607,1777,13,Indicação,2025-12-28,Prospecção,10,17417.99,,,
3608,1777,13,Inbound site,2025-04-20,Fechado ganho,100,22921.41,2025-06-11,52,
3609,1777,13,Reativação,2025-12-30,Proposta enviada,50,40815.08,,,
3610,1778,17,Reativação,2025-05-18,Fechado ganho,100,144266.08,2025-05-21,3,
3611,1778,17,Inbound site,2026-01-13,Prospecção,10,60187.45,,,
3612,1778,17,Inbound site,2025-10-31,Negociação,75,62030.88,,,
3613,1780,32,Prospecção ativa,2025-11-14,Fechado ganho,100,55122.30,2026-01-13,60,
3614,1781,36,Reativação,2025-06-06,Fechado ganho,100,68421.60,2025-07-02,26,
3615,1782,8,WhatsApp,2025-06-19,Prospecção,10,75700.76,,,
3616,1782,8,Instagram,2025-08-27,Fechado ganho,100,134988.55,2025-11-04,69,
3617,1782,14,WhatsApp,2024-10-08,Fechado ganho,100,76060.29,2024-12-09,62,
3618,1783,2,Feira de beleza,2026-01-06,Fechado ganho,100,92415.74,2026-02-22,47,
3619,1784,33,Reativação,2025-10-20,Negociação,75,87578.27,,,
3620,1784,33,Reativação,2025-03-07,Fechado perdido,0,49028.84,2025-04-14,38,Fechou com concorrente
3621,1785,22,Inbound site,2026-06-12,Negociação,75,94130.12,,,
3622,1785,22,Indicação,2026-07-28,Proposta enviada,50,71895.16,,,
3623,1785,22,Prospecção ativa,2026-07-06,Fechado ganho,100,14711.11,2026-08-31,56,
3624,1787,38,WhatsApp,2025-05-31,Negociação,75,5905.37,,,
3625,1787,38,Inbound site,2025-08-14,Fechado ganho,100,41168.69,2025-10-09,56,
3626,1787,38,Prospecção ativa,2026-07-27,Fechado ganho,100,25764.65,2026-08-08,12,
3627,1788,13,Prospecção ativa,2025-12-16,Proposta enviada,50,90142.58,,,
3628,1788,13,Indicação,2024-12-04,Fechado ganho,100,47006.74,2025-01-05,32,
3629,1788,13,Prospecção ativa,2024-10-28,Prospecção,10,33836.56,,,
3630,1788,13,Feira de beleza,2024-10-05,Proposta enviada,50,24116.00,,,
3631,1788,13,Inbound site,2026-04-21,Prospecção,10,11792.10,,,
3632,1788,13,Feira de beleza,2024-11-02,Fechado perdido,0,78941.05,2024-12-30,58,Sem verba no momento
3633,1789,35,Reativação,2025-04-20,Proposta enviada,50,34691.30,,,
3634,1790,6,Instagram,2026-07-13,Negociação,75,44668.34,,,
3635,1790,6,Inbound site,2025-08-10,Fechado ganho,100,78046.22,2025-10-07,58,
3636,1791,30,Instagram,2024-10-01,Qualificação,25,41015.16,,,
3637,1791,30,Indicação,2024-10-17,Fechado ganho,100,14445.92,2024-12-10,54,
3638,1792,31,Inbound site,2024-10-05,Fechado ganho,100,90786.76,2024-11-29,55,
3639,1793,9,Inbound site,2025-03-30,Qualificação,25,62776.14,,,
3640,1794,4,Inbound site,2026-03-06,Negociação,75,21509.54,,,
3641,1796,35,Reativação,2024-11-11,Qualificação,25,92116.54,,,
3642,1797,42,Instagram,2025-01-30,Prospecção,10,42903.59,,,
3643,1797,42,Inbound site,2024-12-05,Proposta enviada,50,37578.96,,,
3644,1797,42,Feira de beleza,2026-08-13,Qualificação,25,25301.57,,,
3645,1799,40,Prospecção ativa,2026-01-20,Qualificação,25,87717.26,,,
3646,1799,40,Inbound site,2025-11-02,Prospecção,10,22673.95,,,
3647,1799,40,Prospecção ativa,2024-11-07,Fechado ganho,100,94052.83,2024-11-26,19,
3648,1799,40,Indicação,2024-11-25,Qualificação,25,21285.85,,,
3649,1799,40,WhatsApp,2025-01-17,Fechado ganho,100,13920.26,2025-02-14,28,
3650,1799,40,Indicação,2025-06-23,Qualificação,25,42549.99,,,
3651,1800,19,Inbound site,2025-07-10,Proposta enviada,50,64305.52,,,
3652,1800,19,Instagram,2025-03-08,Fechado perdido,0,20846.69,2025-04-11,34,Sem contato
3653,1801,40,Reativação,2025-12-05,Fechado ganho,100,82164.96,2026-02-18,75,
3654,1801,40,Inbound site,2026-02-03,Qualificação,25,37874.84,,,
3655,1801,40,Reativação,2026-05-13,Fechado perdido,0,38290.58,2026-07-25,73,Mix de fragrâncias não atende
3656,1803,40,Reativação,2025-12-05,Fechado ganho,100,56080.12,2026-01-17,43,
3657,1804,37,WhatsApp,2026-08-24,Proposta enviada,50,39919.03,,,
3658,1804,37,Indicação,2025-11-10,Fechado ganho,100,44724.95,2026-01-17,68,
3659,1805,25,Instagram,2025-12-06,Fechado perdido,0,81488.49,2026-01-02,27,Mix de fragrâncias não atende
3660,1805,25,Instagram,2025-06-12,Proposta enviada,50,45950.14,,,
3661,1805,25,Feira de beleza,2025-07-12,Fechado ganho,100,13697.56,2025-09-14,64,
3662,1807,42,Indicação,2024-09-17,Fechado ganho,100,53478.53,2024-10-10,23,
3663,1807,42,Instagram,2025-07-27,Proposta enviada,50,58092.29,,,
3664,1808,24,Reativação,2026-08-24,Negociação,75,55474.07,,,
3665,1809,27,WhatsApp,2026-06-16,Qualificação,25,37186.97,,,
3666,1809,27,Inbound site,2026-03-21,Fechado ganho,100,70193.25,2026-05-28,68,
3667,1809,27,Reativação,2025-02-09,Fechado perdido,0,13334.38,2025-04-10,60,Pediu exclusividade de marca
3668,1809,27,Prospecção ativa,2026-02-18,Fechado perdido,0,57558.49,2026-03-31,41,Prazo de entrega
3669,1810,12,WhatsApp,2026-04-08,Negociação,75,39801.39,,,
3670,1810,12,Feira de beleza,2025-12-29,Prospecção,10,44215.35,,,
3671,1810,12,Instagram,2026-04-15,Fechado ganho,100,37747.79,2026-05-26,41,
3672,1811,38,Reativação,2026-04-16,Prospecção,10,83014.53,,,
3673,1812,32,Feira de beleza,2024-10-25,Prospecção,10,65246.19,,,
3674,1812,38,Prospecção ativa,2025-12-12,Qualificação,25,65359.22,,,
3675,1812,32,Inbound site,2024-09-30,Fechado ganho,100,33968.69,2024-10-17,17,
3676,1812,38,WhatsApp,2026-02-22,Proposta enviada,50,75980.59,,,
3677,1813,13,Indicação,2024-12-02,Negociação,75,23571.58,,,
3678,1813,13,Feira de beleza,2025-09-25,Prospecção,10,66173.98,,,
3679,1813,13,Inbound site,2025-07-08,Fechado ganho,100,58030.23,2025-08-06,29,
3680,1813,13,Reativação,2026-05-10,Fechado ganho,100,37325.06,2026-07-11,62,
3681,1813,13,Feira de beleza,2026-04-28,Qualificação,25,57921.56,,,
3682,1813,13,WhatsApp,2026-01-25,Proposta enviada,50,90151.12,,,
3683,1814,31,Inbound site,2026-03-18,Prospecção,10,150125.86,,,
3684,1815,25,Prospecção ativa,2024-12-05,Fechado ganho,100,32116.20,2024-12-10,5,
3685,1815,25,Reativação,2026-01-31,Prospecção,10,92606.19,,,
3686,1815,25,Prospecção ativa,2024-12-23,Proposta enviada,50,85731.02,,,
3687,1816,32,Instagram,2024-11-21,Fechado perdido,0,89012.97,2025-02-01,72,Sem contato
3688,1817,39,Indicação,2026-07-24,Fechado ganho,100,28756.13,2026-08-04,11,
3689,1817,39,Prospecção ativa,2025-05-15,Qualificação,25,58039.64,,,
3690,1817,39,Prospecção ativa,2024-12-13,Fechado perdido,0,73690.27,2025-01-03,21,Já compra de outro importador
3691,1817,39,Instagram,2025-12-25,Prospecção,10,78766.14,,,
3692,1818,27,Instagram,2025-06-28,Fechado ganho,100,25157.05,2025-08-10,43,
3693,1818,27,Indicação,2025-05-01,Qualificação,25,17415.96,,,
3694,1819,40,Indicação,2026-03-12,Proposta enviada,50,93470.41,,,
3695,1819,40,Prospecção ativa,2025-07-01,Qualificação,25,48196.23,,,
3696,1819,40,WhatsApp,2025-09-11,Qualificação,25,39371.73,,,
3697,1820,20,Instagram,2026-08-10,Proposta enviada,50,78284.15,,,
3698,1820,12,Prospecção ativa,2025-06-18,Negociação,75,86543.04,,,
3699,1821,25,Indicação,2025-10-24,Negociação,75,36665.30,,,
3700,1821,25,WhatsApp,2025-08-16,Prospecção,10,16209.16,,,
3701,1822,16,Prospecção ativa,2024-11-02,Qualificação,25,83064.97,,,
3702,1822,16,Prospecção ativa,2025-02-17,Prospecção,10,84938.52,,,
3703,1822,16,Reativação,2025-03-01,Negociação,75,77629.34,,,
3704,1822,16,Prospecção ativa,2026-04-19,Fechado ganho,100,18115.25,2026-05-02,13,
3705,1824,28,Indicação,2026-04-09,Negociação,75,35151.65,,,
3706,1824,17,WhatsApp,2024-09-11,Fechado perdido,0,13267.09,2024-11-23,73,Pediu exclusividade de marca
3707,1824,28,WhatsApp,2026-05-07,Fechado perdido,0,41853.53,2026-06-18,42,Pediu exclusividade de marca
3708,1824,17,Reativação,2025-05-20,Fechado perdido,0,7537.27,2025-06-25,36,Sem verba no momento
3709,1824,28,Indicação,2025-12-31,Proposta enviada,50,55374.97,,,
3710,1824,17,Prospecção ativa,2025-06-02,Fechado ganho,100,19015.99,2025-07-09,37,
3711,1825,13,Reativação,2025-01-18,Prospecção,10,27751.05,,,
3712,1825,13,Inbound site,2026-06-11,Negociação,75,10923.58,,,
3713,1825,13,Reativação,2025-12-20,Proposta enviada,50,54416.56,,,
3714,1825,13,Feira de beleza,2024-09-09,Prospecção,10,12939.57,,,
3715,1826,14,Inbound site,2025-09-09,Fechado ganho,100,43546.30,2025-10-08,29,
3716,1826,14,Reativação,2025-11-10,Proposta enviada,50,42725.41,,,
3717,1826,14,Instagram,2025-10-24,Fechado perdido,0,19530.71,2025-11-07,14,Sem contato
3718,1827,20,Instagram,2025-05-17,Negociação,75,73339.30,,,
3719,1828,8,Reativação,2025-09-26,Negociação,75,33120.78,,,
3720,1828,8,Prospecção ativa,2025-01-03,Prospecção,10,49891.24,,,
3721,1828,8,Inbound site,2025-03-19,Fechado ganho,100,69542.45,2025-05-21,63,
3722,1829,12,Indicação,2026-06-09,Negociação,75,85469.86,,,
3723,1830,37,Prospecção ativa,2025-08-20,Fechado perdido,0,93847.78,2025-09-02,13,Sem verba no momento
3724,1830,37,Instagram,2025-10-06,Prospecção,10,17197.02,,,
3725,1831,17,Inbound site,2025-05-27,Proposta enviada,50,16132.24,,,
3726,1831,17,WhatsApp,2024-11-26,Fechado ganho,100,47570.47,2025-01-13,48,
3727,1831,17,Feira de beleza,2025-07-17,Fechado ganho,100,15668.40,2025-09-19,64,
3728,1831,17,Inbound site,2026-08-29,Qualificação,25,76267.05,,,
3729,1832,10,Indicação,2025-01-31,Prospecção,10,67205.71,,,
3730,1832,10,Prospecção ativa,2025-01-19,Qualificação,25,48004.91,,,
3731,1835,25,Feira de beleza,2026-02-27,Qualificação,25,36369.06,,,
3732,1835,25,Inbound site,2026-05-04,Prospecção,10,86621.61,,,
3733,1836,21,Reativação,2025-11-08,Fechado perdido,0,26665.56,2025-12-14,36,Sem verba no momento
3734,1837,39,Inbound site,2025-03-08,Fechado perdido,0,63434.20,2025-05-18,71,Pediu exclusividade de marca
3735,1837,41,Instagram,2026-05-13,Fechado ganho,100,40834.20,2026-07-21,69,
3736,1837,41,Indicação,2026-08-01,Fechado ganho,100,59855.81,2026-08-20,19,
3737,1837,41,Instagram,2026-06-17,Prospecção,10,3329.20,,,
3738,1838,36,Reativação,2026-03-19,Proposta enviada,50,42332.36,,,
3739,1838,36,Reativação,2026-05-16,Fechado ganho,100,94533.28,2026-07-22,67,
3740,1839,42,Prospecção ativa,2025-11-15,Fechado ganho,100,66931.62,2025-12-29,44,
3741,1839,30,Feira de beleza,2026-05-24,Fechado ganho,100,67744.63,2026-07-18,55,
3742,1839,42,Inbound site,2025-09-10,Fechado perdido,0,49886.40,2025-11-21,72,Sem verba no momento
3743,1840,1,WhatsApp,2026-08-02,Prospecção,10,27357.67,,,
3744,1840,1,Instagram,2026-02-21,Fechado perdido,0,30942.62,2026-04-27,65,Mix de fragrâncias não atende
3745,1840,1,Inbound site,2026-02-22,Qualificação,25,163037.23,,,
3746,1840,1,Instagram,2025-10-28,Negociação,75,11237.54,,,
3747,1841,14,Prospecção ativa,2026-02-16,Fechado perdido,0,76488.47,2026-03-26,38,Pediu exclusividade de marca
3748,1842,34,Prospecção ativa,2025-04-02,Prospecção,10,19042.08,,,
3749,1843,34,Reativação,2025-07-11,Fechado ganho,100,45705.13,2025-08-04,24,
3750,1843,30,Feira de beleza,2026-08-01,Fechado ganho,100,86863.91,2026-08-24,23,
3751,1843,34,Inbound site,2025-10-08,Fechado perdido,0,82575.62,2025-11-09,32,Preço acima do concorrente
3752,1843,34,Reativação,2025-06-28,Prospecção,10,52586.86,,,
3753,1843,34,WhatsApp,2026-01-29,Prospecção,10,68406.22,,,
3754,1843,34,Feira de beleza,2026-03-08,Fechado ganho,100,87182.84,2026-05-12,65,
3755,1846,33,Inbound site,2026-06-26,Fechado ganho,100,59060.54,2026-07-20,24,
3756,1846,33,Inbound site,2026-08-11,Qualificação,25,6303.80,,,
3757,1846,33,Reativação,2026-08-16,Proposta enviada,50,85498.92,,,
3758,1847,40,Prospecção ativa,2024-10-20,Proposta enviada,50,40590.25,,,
3759,1847,40,Reativação,2024-10-31,Negociação,75,15609.27,,,
3760,1848,40,Instagram,2026-02-15,Proposta enviada,50,38855.83,,,
3761,1848,40,Reativação,2026-05-10,Fechado perdido,0,57601.38,2026-06-08,29,Mix de fragrâncias não atende
3762,1848,40,WhatsApp,2026-03-01,Fechado perdido,0,16932.34,2026-03-29,28,Já compra de outro importador
3763,1848,40,Feira de beleza,2025-07-11,Qualificação,25,82529.55,,,
3764,1848,40,Indicação,2024-11-19,Prospecção,10,90092.35,,,
3765,1848,40,WhatsApp,2025-04-05,Prospecção,10,81023.84,,,
3766,1849,12,Inbound site,2026-01-15,Prospecção,10,80371.08,,,
3767,1849,29,Reativação,2025-07-26,Negociação,75,16491.06,,,
3768,1849,12,Indicação,2025-12-02,Fechado ganho,100,78795.11,2025-12-14,12,
3769,1850,36,Reativação,2025-07-01,Qualificação,25,66112.11,,,
3770,1850,36,WhatsApp,2025-09-18,Fechado ganho,100,31649.03,2025-10-05,17,
3771,1850,36,WhatsApp,2024-10-03,Fechado ganho,100,64420.15,2024-11-05,33,
3772,1851,7,Inbound site,2024-10-18,Proposta enviada,50,46774.22,,,
3773,1851,7,Reativação,2026-08-15,Proposta enviada,50,80578.13,,,
3774,1853,11,Instagram,2026-03-03,Prospecção,10,8447.05,,,
3775,1853,11,Feira de beleza,2026-02-14,Negociação,75,36612.49,,,
3776,1853,11,WhatsApp,2025-12-01,Negociação,75,59147.29,,,
3777,1853,11,Indicação,2025-06-23,Fechado ganho,100,74929.26,2025-09-05,74,
3778,1853,11,Reativação,2025-01-17,Fechado ganho,100,93700.31,2025-02-07,21,
3779,1853,11,Instagram,2024-12-31,Qualificação,25,17814.94,,,
3780,1854,7,WhatsApp,2026-08-28,Negociação,75,41040.12,,,
3781,1854,7,Feira de beleza,2026-04-07,Fechado perdido,0,68815.55,2026-05-31,54,Já compra de outro importador
3782,1855,38,Instagram,2026-03-03,Prospecção,10,19807.24,,,
3783,1856,31,WhatsApp,2026-02-08,Fechado ganho,100,83494.65,2026-02-24,16,
3784,1856,31,Inbound site,2025-08-13,Fechado ganho,100,56615.26,2025-09-27,45,
3785,1856,31,Inbound site,2026-01-16,Fechado ganho,100,45577.33,2026-01-23,7,
3786,1856,31,Indicação,2025-10-15,Proposta enviada,50,73735.22,,,
3787,1857,2,Indicação,2025-02-21,Proposta enviada,50,81627.85,,,
3788,1857,2,Indicação,2025-03-07,Fechado ganho,100,46210.20,2025-04-23,47,
3789,1857,2,Prospecção ativa,2025-06-20,Negociação,75,79628.20,,,
3790,1857,2,Prospecção ativa,2024-09-03,Qualificação,25,55704.22,,,
3791,1858,5,Instagram,2025-05-11,Negociação,75,6487.14,,,
3792,1858,24,Reativação,2026-01-08,Fechado ganho,100,39298.62,2026-03-17,68,
3793,1860,34,Reativação,2025-11-23,Prospecção,10,55780.92,,,
3794,1860,34,Inbound site,2024-10-24,Fechado ganho,100,65867.34,2024-12-13,50,
3795,1860,34,Prospecção ativa,2026-05-26,Proposta enviada,50,26451.22,,,
3796,1861,33,Indicação,2025-03-25,Fechado ganho,100,29036.80,2025-04-25,31,
3797,1863,40,WhatsApp,2025-02-18,Fechado ganho,100,55532.77,2025-02-26,8,
3798,1863,40,Indicação,2026-02-12,Negociação,75,79355.74,,,
3799,1864,8,WhatsApp,2025-12-16,Prospecção,10,79665.28,,,
3800,1864,21,Prospecção ativa,2026-05-15,Prospecção,10,86288.93,,,
3801,1865,17,Instagram,2026-08-19,Proposta enviada,50,21570.76,,,
3802,1865,17,Reativação,2025-03-02,Qualificação,25,72658.61,,,
3803,1866,35,Reativação,2025-12-12,Prospecção,10,33484.82,,,
3804,1866,35,WhatsApp,2026-04-22,Fechado ganho,100,89244.90,2026-05-18,26,
3805,1867,8,Prospecção ativa,2025-01-24,Fechado perdido,0,39756.10,2025-02-28,35,Prazo de entrega
3806,1867,8,Indicação,2024-12-25,Proposta enviada,50,46079.80,,,
3807,1867,8,WhatsApp,2026-02-02,Negociação,75,87316.03,,,
3808,1867,8,Inbound site,2025-01-12,Fechado ganho,100,18095.35,2025-01-21,9,
3809,1868,40,WhatsApp,2026-08-25,Negociação,75,67162.74,,,
3810,1868,40,Indicação,2025-05-16,Proposta enviada,50,75027.94,,,
3811,1869,27,Feira de beleza,2025-12-20,Prospecção,10,152644.62,,,
3812,1870,1,WhatsApp,2025-12-31,Prospecção,10,45023.21,,,
3813,1870,1,Reativação,2025-08-04,Qualificação,25,9460.13,,,
3814,1870,1,Inbound site,2025-11-24,Prospecção,10,56665.66,,,
3815,1870,1,Reativação,2025-01-27,Fechado ganho,100,13195.63,2025-02-04,8,
3816,1871,35,Reativação,2026-07-15,Qualificação,25,23415.39,,,
3817,1872,42,Reativação,2026-04-20,Negociação,75,45252.72,,,
3818,1872,42,Inbound site,2025-11-25,Qualificação,25,72566.40,,,
3819,1872,42,Reativação,2025-04-11,Proposta enviada,50,90945.34,,,
3820,1872,42,Indicação,2025-03-02,Fechado perdido,0,86378.94,2025-03-27,25,Preço acima do concorrente
3821,1873,39,Instagram,2025-03-19,Fechado ganho,100,27866.19,2025-05-21,63,
3822,1874,20,Inbound site,2026-03-20,Fechado ganho,100,165587.76,2026-03-27,7,
3823,1874,8,WhatsApp,2024-10-22,Prospecção,10,17573.08,,,
3824,1874,20,Inbound site,2026-02-10,Fechado ganho,100,20848.82,2026-03-09,27,
3825,1874,20,Instagram,2026-04-15,Proposta enviada,50,39836.65,,,
3826,1875,31,Instagram,2024-09-17,Fechado ganho,100,77093.08,2024-10-20,33,
3827,1875,36,Feira de beleza,2025-07-07,Negociação,75,70465.85,,,
3828,1876,19,WhatsApp,2025-08-17,Negociação,75,83683.15,,,
3829,1877,7,Inbound site,2025-02-23,Fechado perdido,0,11312.12,2025-03-04,9,Fechou com concorrente
3830,1877,7,WhatsApp,2025-10-16,Prospecção,10,13238.04,,,
3831,1877,7,Inbound site,2025-08-30,Proposta enviada,50,4847.39,,,
3832,1877,7,Inbound site,2026-03-13,Fechado ganho,100,65724.13,2026-05-07,55,
3833,1877,7,Prospecção ativa,2025-09-28,Negociação,75,12210.67,,,
3834,1877,7,Reativação,2025-04-25,Fechado ganho,100,57393.16,2025-06-20,56,
3835,1878,6,Instagram,2026-05-23,Prospecção,10,5962.76,,,
3836,1878,6,Inbound site,2026-06-17,Proposta enviada,50,89525.10,,,
3837,1879,41,Feira de beleza,2025-08-06,Fechado perdido,0,51241.97,2025-08-28,22,Sem verba no momento
3838,1879,41,WhatsApp,2025-08-26,Negociação,75,52767.11,,,
3839,1879,41,Inbound site,2025-04-14,Fechado ganho,100,30756.99,2025-05-23,39,
3840,1879,41,Reativação,2025-05-09,Qualificação,25,45974.90,,,
3841,1879,41,Feira de beleza,2025-06-16,Negociação,75,6947.37,,,
3842,1879,41,Instagram,2025-03-06,Proposta enviada,50,79881.78,,,
3843,1880,40,Instagram,2026-01-28,Fechado ganho,100,40243.50,2026-02-08,11,
3844,1881,28,WhatsApp,2026-08-29,Negociação,75,57998.66,,,
3845,1881,28,Prospecção ativa,2025-02-21,Fechado ganho,100,31407.61,2025-04-12,50,
3846,1881,28,Feira de beleza,2025-11-06,Fechado ganho,100,31256.64,2026-01-14,69,
3847,1881,28,Inbound site,2025-09-29,Fechado ganho,100,140719.54,2025-11-18,50,
3848,1881,28,WhatsApp,2026-07-06,Prospecção,10,46871.08,,,
3849,1881,28,Reativação,2025-03-23,Fechado perdido,0,60949.69,2025-05-04,42,Sem contato
3850,1882,3,Prospecção ativa,2026-04-01,Prospecção,10,89924.20,,,
3851,1882,4,Reativação,2025-09-17,Qualificação,25,41115.57,,,
3852,1882,3,Inbound site,2026-08-29,Negociação,75,38829.24,,,
3853,1882,3,Indicação,2026-03-06,Negociação,75,78816.70,,,
3854,1882,4,WhatsApp,2025-01-20,Negociação,75,83645.13,,,
3855,1882,4,Indicação,2026-01-18,Fechado perdido,0,7459.12,2026-02-14,27,Sem contato
3856,1883,22,Prospecção ativa,2026-03-14,Qualificação,25,23804.53,,,
3857,1885,9,Feira de beleza,2026-05-28,Fechado ganho,100,48414.33,2026-08-04,68,
3858,1885,9,Indicação,2025-01-17,Proposta enviada,50,22575.73,,,
3859,1885,9,Reativação,2024-10-28,Qualificação,25,60338.37,,,
3860,1886,29,Inbound site,2025-06-17,Negociação,75,38107.31,,,
3861,1886,29,WhatsApp,2025-07-31,Prospecção,10,139943.76,,,
3862,1886,29,Prospecção ativa,2025-07-05,Fechado ganho,100,79800.51,2025-09-18,75,
3863,1886,29,Instagram,2025-08-24,Qualificação,25,55652.78,,,
3864,1887,36,Instagram,2026-06-03,Negociação,75,83711.85,,,
3865,1888,34,Prospecção ativa,2024-12-27,Prospecção,10,29186.35,,,
3866,1888,34,WhatsApp,2024-09-14,Qualificação,25,31494.68,,,
3867,1888,34,Prospecção ativa,2024-10-10,Qualificação,25,76991.12,,,
3868,1889,13,Indicação,2024-09-01,Fechado perdido,0,43489.68,2024-10-19,48,Fechou com concorrente
3869,1889,13,Prospecção ativa,2025-06-22,Fechado ganho,100,43087.26,2025-07-10,18,
3870,1891,17,WhatsApp,2026-04-30,Fechado ganho,100,92172.30,2026-06-19,50,
3871,1891,17,Feira de beleza,2026-08-22,Prospecção,10,94892.78,,,
3872,1891,17,Instagram,2025-04-01,Prospecção,10,28953.02,,,
3873,1891,17,Inbound site,2025-01-02,Fechado perdido,0,27263.52,2025-01-16,14,Preço acima do concorrente
3874,1892,10,Feira de beleza,2025-10-10,Prospecção,10,84559.47,,,
3875,1892,10,Inbound site,2025-10-22,Negociação,75,50601.33,,,
3876,1892,10,Reativação,2026-04-19,Fechado ganho,100,16927.54,2026-05-21,32,
3877,1893,31,Instagram,2024-11-11,Negociação,75,85131.04,,,
3878,1893,31,Inbound site,2026-07-01,Qualificação,25,51431.53,,,
3879,1893,31,Instagram,2024-10-03,Fechado ganho,100,37208.58,2024-10-19,16,
3880,1894,24,Prospecção ativa,2025-11-12,Fechado ganho,100,12847.10,2026-01-20,69,
3881,1897,27,Feira de beleza,2026-08-25,Negociação,75,42750.81,,,
3882,1897,27,Feira de beleza,2026-02-20,Proposta enviada,50,18293.00,,,
3883,1898,26,Inbound site,2025-06-17,Fechado perdido,0,3926.70,2025-07-02,15,Já compra de outro importador
3884,1898,26,Instagram,2025-10-22,Prospecção,10,66000.07,,,
3885,1898,26,Instagram,2024-10-12,Fechado perdido,0,43316.96,2024-11-18,37,Sem verba no momento
3886,1898,26,Indicação,2025-01-08,Proposta enviada,50,45431.99,,,
3887,1899,4,Prospecção ativa,2024-09-15,Fechado ganho,100,51741.62,2024-10-17,32,
3888,1899,4,Inbound site,2025-05-22,Negociação,75,63723.81,,,
3889,1899,4,Instagram,2025-01-30,Proposta enviada,50,85473.90,,,
3890,1900,20,Instagram,2025-03-28,Fechado perdido,0,99525.27,2025-04-01,4,Mix de fragrâncias não atende
3891,1900,20,Feira de beleza,2025-04-16,Fechado perdido,0,32725.48,2025-05-25,39,Mix de fragrâncias não atende
3892,1901,8,Prospecção ativa,2026-02-21,Negociação,75,68972.02,,,
3893,1901,8,Instagram,2025-11-29,Prospecção,10,52756.39,,,
3894,1901,8,WhatsApp,2026-08-24,Prospecção,10,55190.31,,,
3895,1901,8,Instagram,2026-07-29,Qualificação,25,85764.25,,,
3896,1901,8,Inbound site,2025-07-29,Fechado ganho,100,87664.39,2025-08-24,26,
3897,1901,8,Reativação,2025-09-25,Proposta enviada,50,64282.08,,,
3898,1904,22,Feira de beleza,2026-04-06,Qualificação,25,85399.65,,,
3899,1904,14,Reativação,2025-05-11,Negociação,75,15354.49,,,
3900,1904,22,Indicação,2026-05-08,Fechado perdido,0,116818.60,2026-06-12,35,Preço acima do concorrente
3901,1904,14,Prospecção ativa,2025-02-10,Prospecção,10,105147.86,,,
3902,1904,22,WhatsApp,2026-01-26,Proposta enviada,50,100237.50,,,
3903,1904,14,Inbound site,2024-11-03,Proposta enviada,50,94417.02,,,
3904,1905,29,Instagram,2026-02-22,Proposta enviada,50,31346.62,,,
3905,1905,29,Prospecção ativa,2025-08-23,Negociação,75,34555.59,,,
3906,1905,4,Prospecção ativa,2024-11-12,Qualificação,25,67446.32,,,
3907,1906,25,Instagram,2025-08-27,Fechado ganho,100,80975.18,2025-09-29,33,
3908,1907,3,Feira de beleza,2025-10-18,Fechado perdido,0,18115.49,2025-10-25,7,Já compra de outro importador
3909,1908,21,Inbound site,2025-05-10,Fechado perdido,0,11223.73,2025-06-16,37,Já compra de outro importador
3910,1909,29,Prospecção ativa,2025-10-04,Qualificação,25,154806.54,,,
3911,1909,29,Instagram,2024-10-02,Qualificação,25,148041.42,,,
3912,1910,6,Instagram,2024-10-07,Qualificação,25,9517.21,,,
3913,1910,6,Inbound site,2024-10-14,Prospecção,10,78804.63,,,
3914,1910,6,Feira de beleza,2025-09-28,Qualificação,25,23644.90,,,
3915,1911,42,Indicação,2026-07-21,Proposta enviada,50,25129.49,,,
3916,1911,42,Prospecção ativa,2026-08-10,Qualificação,25,92726.40,,,
3917,1912,40,Reativação,2026-04-25,Prospecção,10,75991.82,,,
3918,1914,30,Indicação,2026-03-11,Fechado perdido,0,62936.96,2026-03-23,12,Fechou com concorrente
3919,1915,29,Feira de beleza,2026-07-24,Qualificação,25,92216.66,,,
3920,1915,29,Feira de beleza,2026-08-03,Negociação,75,5162.87,,,
3921,1917,2,Feira de beleza,2026-04-09,Fechado ganho,100,11301.99,2026-05-01,22,
3922,1919,23,WhatsApp,2025-03-06,Negociação,75,89958.19,,,
3923,1919,23,Reativação,2025-12-13,Proposta enviada,50,71707.90,,,
3924,1919,23,Inbound site,2026-04-14,Negociação,75,36701.60,,,
3925,1919,23,Reativação,2025-08-04,Fechado perdido,0,72590.58,2025-10-03,60,Fechou com concorrente
3926,1919,23,Reativação,2026-08-25,Prospecção,10,7550.55,,,
3927,1919,23,Feira de beleza,2024-10-02,Proposta enviada,50,40512.25,,,
3928,1920,37,Feira de beleza,2025-01-18,Fechado perdido,0,94481.78,2025-04-01,73,Já compra de outro importador
3929,1920,37,Prospecção ativa,2024-11-09,Fechado ganho,100,89568.18,2024-12-17,38,
3930,1921,7,Feira de beleza,2026-06-13,Fechado perdido,0,80487.33,2026-08-21,69,Pediu exclusividade de marca
3931,1921,7,WhatsApp,2025-08-03,Fechado ganho,100,64046.18,2025-09-27,55,
3932,1921,7,WhatsApp,2025-05-29,Fechado ganho,100,50749.62,2025-08-08,71,
3933,1922,15,Reativação,2026-04-06,Fechado ganho,100,46239.64,2026-05-02,26,
3934,1922,15,Inbound site,2026-07-13,Fechado perdido,0,26933.96,2026-08-28,46,Sem verba no momento
3935,1923,2,Inbound site,2024-12-30,Proposta enviada,50,39651.09,,,
3936,1924,5,Inbound site,2025-08-30,Qualificação,25,85294.44,,,
3937,1924,5,Reativação,2026-02-14,Fechado perdido,0,43752.43,2026-04-28,73,Sem verba no momento
3938,1924,5,Indicação,2024-11-27,Qualificação,25,10072.21,,,
3939,1925,19,Indicação,2025-12-19,Proposta enviada,50,31397.26,,,
3940,1926,2,Indicação,2025-12-01,Negociação,75,4848.79,,,
3941,1927,9,Instagram,2025-04-11,Prospecção,10,29133.09,,,
3942,1927,9,WhatsApp,2025-09-22,Qualificação,25,84524.76,,,
3943,1928,11,Reativação,2026-04-05,Fechado perdido,0,25088.94,2026-06-18,74,Sem verba no momento
3944,1928,11,Prospecção ativa,2025-10-25,Fechado ganho,100,65631.29,2025-12-24,60,
3945,1928,11,Feira de beleza,2025-08-13,Fechado ganho,100,86283.15,2025-09-12,30,
3946,1929,22,Reativação,2024-09-22,Fechado ganho,100,10745.06,2024-11-03,42,
3947,1929,22,WhatsApp,2025-04-01,Prospecção,10,42007.00,,,
3948,1930,30,Feira de beleza,2026-05-29,Fechado ganho,100,12514.84,2026-07-02,34,
3949,1931,12,Reativação,2025-07-30,Prospecção,10,55471.20,,,
3950,1931,12,Feira de beleza,2025-03-25,Prospecção,10,8557.18,,,
3951,1931,12,Feira de beleza,2026-03-25,Qualificação,25,34555.77,,,
3952,1932,39,Feira de beleza,2025-03-27,Qualificação,25,114588.47,,,
3953,1933,20,Inbound site,2025-05-29,Fechado ganho,100,10266.65,2025-08-09,72,
3954,1933,20,Feira de beleza,2026-05-17,Qualificação,25,13541.74,,,
3955,1933,20,WhatsApp,2025-04-02,Negociação,75,81485.85,,,
3956,1934,32,Prospecção ativa,2025-12-09,Negociação,75,26007.61,,,
3957,1934,25,Feira de beleza,2024-10-29,Negociação,75,61357.48,,,
3958,1935,13,Feira de beleza,2026-01-30,Fechado ganho,100,41931.52,2026-03-18,47,
3959,1935,13,Prospecção ativa,2026-04-06,Qualificação,25,67862.27,,,
3960,1936,36,Inbound site,2026-05-05,Proposta enviada,50,124377.54,,,
3961,1936,36,Reativação,2025-02-14,Proposta enviada,50,112233.59,,,
3962,1937,35,Feira de beleza,2025-08-22,Prospecção,10,76300.29,,,
3963,1937,35,Reativação,2025-07-28,Fechado ganho,100,89906.65,2025-08-06,9,
3964,1937,35,Prospecção ativa,2026-06-07,Qualificação,25,16921.19,,,
3965,1937,35,WhatsApp,2025-11-21,Prospecção,10,51897.51,,,
3966,1937,35,Indicação,2026-07-29,Fechado ganho,100,57808.80,2026-08-10,12,
3967,1937,35,Feira de beleza,2025-12-06,Fechado perdido,0,10061.56,2025-12-09,3,Mix de fragrâncias não atende
3968,1938,19,Instagram,2025-06-23,Fechado ganho,100,40817.64,2025-08-15,53,
3969,1938,19,Indicação,2026-03-13,Proposta enviada,50,76029.46,,,
3970,1938,19,Prospecção ativa,2025-10-27,Negociação,75,60814.01,,,
3971,1939,10,WhatsApp,2025-09-19,Fechado perdido,0,147181.59,2025-10-18,29,Já compra de outro importador
3972,1940,1,Indicação,2025-01-22,Fechado ganho,100,62039.36,2025-02-17,26,
3973,1940,1,Reativação,2025-03-28,Qualificação,25,5694.09,,,
3974,1940,1,Instagram,2025-04-16,Negociação,75,67464.81,,,
3975,1940,1,Indicação,2026-03-09,Fechado ganho,100,133988.25,2026-05-22,74,
3976,1941,33,Feira de beleza,2026-04-10,Prospecção,10,77293.02,,,
3977,1942,25,Instagram,2026-05-24,Fechado ganho,100,70875.94,2026-06-05,12,
3978,1942,25,Indicação,2026-07-18,Negociação,75,60033.48,,,
3979,1942,25,Prospecção ativa,2026-01-07,Prospecção,10,63079.51,,,
3980,1943,11,Prospecção ativa,2025-06-19,Fechado perdido,0,37208.92,2025-08-15,57,Fechou com concorrente
3981,1944,14,Reativação,2026-03-01,Fechado ganho,100,88766.87,2026-03-09,8,
3982,1944,14,Inbound site,2026-06-12,Fechado perdido,0,27926.54,2026-07-29,47,Fechou com concorrente
3983,1944,14,WhatsApp,2026-02-13,Proposta enviada,50,82732.19,,,
3984,1944,14,Feira de beleza,2026-05-10,Qualificação,25,4851.14,,,
3985,1944,14,Feira de beleza,2026-02-23,Fechado perdido,0,22629.12,2026-03-02,7,Mix de fragrâncias não atende
3986,1944,14,Indicação,2026-07-03,Qualificação,25,54054.71,,,
3987,1945,16,Indicação,2026-07-18,Proposta enviada,50,77120.01,,,
3988,1945,16,Indicação,2026-01-09,Fechado ganho,100,11715.56,2026-03-15,65,
3989,1945,16,Indicação,2025-10-07,Fechado ganho,100,9752.51,2025-11-09,33,
3990,1945,16,WhatsApp,2026-05-25,Qualificação,25,67301.91,,,
3991,1945,16,Inbound site,2026-03-20,Proposta enviada,50,70350.95,,,
3992,1945,16,Indicação,2026-04-08,Prospecção,10,84143.48,,,
3993,1946,27,Indicação,2026-07-22,Qualificação,25,58288.95,,,
3994,1946,27,Reativação,2024-12-26,Qualificação,25,47863.12,,,
3995,1946,27,Inbound site,2025-03-13,Qualificação,25,82372.37,,,
3996,1947,16,Prospecção ativa,2026-03-25,Negociação,75,32337.48,,,
3997,1948,22,Prospecção ativa,2026-05-27,Prospecção,10,32823.78,,,
3998,1949,10,Prospecção ativa,2026-01-05,Fechado ganho,100,82242.76,2026-03-20,74,
3999,1949,10,Reativação,2025-06-10,Qualificação,25,55226.05,,,
4000,1951,21,Inbound site,2026-04-22,Proposta enviada,50,91129.82,,,
4001,1951,21,Instagram,2025-12-05,Fechado perdido,0,50207.19,2026-01-11,37,Sem verba no momento
4002,1951,21,Feira de beleza,2026-02-22,Negociação,75,66695.09,,,
4003,1951,21,Prospecção ativa,2025-12-18,Proposta enviada,50,90709.67,,,
4004,1952,12,Indicação,2025-09-23,Proposta enviada,50,21872.40,,,
4005,1953,26,Indicação,2025-11-13,Qualificação,25,107435.24,,,
4006,1953,26,Prospecção ativa,2026-04-21,Prospecção,10,119863.58,,,
4007,1954,29,WhatsApp,2025-03-02,Prospecção,10,27263.85,,,
4008,1954,29,Prospecção ativa,2025-02-28,Fechado ganho,100,12304.00,2025-04-21,52,
4009,1955,3,Inbound site,2026-05-08,Prospecção,10,27013.48,,,
4010,1955,41,Indicação,2025-08-30,Fechado perdido,0,4261.92,2025-10-09,40,Fechou com concorrente
4011,1955,41,Prospecção ativa,2025-08-17,Fechado ganho,100,90624.03,2025-08-21,4,
4012,1955,41,Instagram,2024-10-28,Qualificação,25,80545.97,,,
4013,1956,26,Instagram,2026-07-13,Prospecção,10,61190.13,,,
4014,1957,14,Reativação,2026-07-11,Negociação,75,34064.45,,,
4015,1957,14,Instagram,2025-08-07,Qualificação,25,36118.11,,,
4016,1957,14,Reativação,2026-02-01,Negociação,75,29386.85,,,
4017,1958,31,Feira de beleza,2025-04-13,Fechado perdido,0,110364.59,2025-05-19,36,Preço acima do concorrente
4018,1959,38,Reativação,2026-02-03,Fechado ganho,100,39778.42,2026-02-10,7,
4019,1960,41,Feira de beleza,2025-02-15,Negociação,75,38607.05,,,
4020,1961,20,WhatsApp,2026-03-16,Negociação,75,21838.24,,,
4021,1961,10,Inbound site,2025-02-14,Fechado ganho,100,4856.54,2025-03-27,41,
4022,1961,10,Feira de beleza,2025-01-18,Fechado ganho,100,66493.70,2025-02-20,33,
4023,1962,6,Indicação,2026-06-11,Fechado ganho,100,45808.12,2026-07-08,27,
4024,1963,12,WhatsApp,2026-01-06,Fechado ganho,100,55309.47,2026-02-04,29,
4025,1963,12,Indicação,2025-06-29,Fechado perdido,0,7660.50,2025-07-09,10,Pediu exclusividade de marca
4026,1963,12,Instagram,2024-12-19,Qualificação,25,65967.09,,,
4027,1964,12,Instagram,2026-06-12,Fechado perdido,0,82501.67,2026-06-21,9,Prazo de entrega
4028,1965,12,WhatsApp,2026-02-02,Fechado ganho,100,53485.02,2026-04-10,67,
4029,1965,12,Indicação,2025-10-27,Fechado ganho,100,10156.32,2025-12-17,51,
4030,1969,42,Instagram,2025-07-08,Fechado ganho,100,39652.13,2025-08-15,38,
4031,1969,42,WhatsApp,2026-08-03,Negociação,75,118736.31,,,
4032,1969,42,Reativação,2025-02-22,Fechado ganho,100,136255.07,2025-04-20,57,
4033,1970,4,Prospecção ativa,2024-09-18,Fechado ganho,100,37991.02,2024-09-29,11,
4034,1970,4,WhatsApp,2025-10-10,Negociação,75,137988.97,,,
4035,1970,4,WhatsApp,2024-09-28,Fechado perdido,0,68418.44,2024-12-03,66,Mix de fragrâncias não atende
4036,1971,17,WhatsApp,2024-11-29,Qualificação,25,93925.61,,,
4037,1972,3,WhatsApp,2026-03-02,Prospecção,10,5728.20,,,
4038,1972,3,WhatsApp,2024-11-21,Fechado perdido,0,81413.07,2025-01-07,47,Fechou com concorrente
4039,1973,41,Feira de beleza,2024-10-08,Proposta enviada,50,57363.99,,,
4040,1973,11,Feira de beleza,2025-09-16,Fechado perdido,0,85408.24,2025-10-10,24,Fechou com concorrente
4041,1973,11,Instagram,2026-01-16,Fechado ganho,100,2894.23,2026-02-05,20,
4042,1975,9,Feira de beleza,2024-10-08,Proposta enviada,50,22905.68,,,
4043,1976,20,Instagram,2025-09-05,Qualificação,25,144333.27,,,
4044,1976,20,WhatsApp,2026-08-31,Proposta enviada,50,91125.74,,,
4045,1977,32,Inbound site,2026-03-14,Negociação,75,11984.22,,,
4046,1978,16,WhatsApp,2025-06-22,Proposta enviada,50,22092.63,,,
4047,1979,20,Reativação,2025-10-11,Qualificação,25,32991.59,,,
4048,1980,19,WhatsApp,2026-08-28,Negociação,75,43577.03,,,
4049,1980,19,Instagram,2025-05-21,Proposta enviada,50,48913.28,,,
4050,1981,15,WhatsApp,2026-04-06,Proposta enviada,50,30664.37,,,
4051,1982,27,WhatsApp,2024-12-09,Proposta enviada,50,66227.27,,,
4052,1983,11,Indicação,2026-08-20,Negociação,75,70340.62,,,
4053,1983,11,WhatsApp,2026-08-13,Qualificação,25,17336.32,,,
4054,1983,11,Feira de beleza,2025-07-31,Proposta enviada,50,46825.23,,,
4055,1983,11,Indicação,2026-07-13,Fechado perdido,0,33894.64,2026-08-12,30,Sem verba no momento
4056,1985,37,Prospecção ativa,2024-09-05,Negociação,75,39010.70,,,
4057,1985,30,Instagram,2025-12-12,Fechado perdido,0,52601.12,2025-12-19,7,Mix de fragrâncias não atende
4058,1985,37,WhatsApp,2025-06-22,Fechado ganho,100,20014.46,2025-09-05,75,
4059,1985,37,WhatsApp,2024-11-29,Negociação,75,39335.40,,,
4060,1986,36,Instagram,2025-06-07,Fechado ganho,100,82386.50,2025-08-19,73,
4061,1986,36,Prospecção ativa,2025-08-29,Prospecção,10,72241.94,,,
4062,1986,36,Reativação,2025-08-15,Prospecção,10,65384.28,,,
4063,1987,14,Instagram,2024-09-26,Fechado ganho,100,50913.66,2024-11-24,59,
4064,1988,20,Inbound site,2025-03-08,Fechado ganho,100,13775.03,2025-04-10,33,
4065,1989,6,Feira de beleza,2026-04-07,Qualificação,25,71329.56,,,
4066,1989,6,Feira de beleza,2025-07-25,Fechado ganho,100,24972.95,2025-08-16,22,
4067,1989,6,Instagram,2026-02-24,Proposta enviada,50,65681.53,,,
4068,1989,6,Reativação,2025-12-20,Negociação,75,15239.60,,,
4069,1990,31,Instagram,2024-11-29,Fechado ganho,100,94500.37,2025-01-16,48,
4070,1990,31,Indicação,2025-06-19,Fechado ganho,100,20961.65,2025-08-11,53,
4071,1991,9,Instagram,2026-02-23,Fechado ganho,100,62035.18,2026-04-18,54,
4072,1991,9,WhatsApp,2026-01-25,Negociação,75,31573.71,,,
4073,1991,9,Instagram,2025-05-30,Fechado ganho,100,70317.36,2025-07-30,61,
4074,1992,4,Feira de beleza,2025-09-17,Negociação,75,102336.48,,,
4075,1992,4,Instagram,2026-05-27,Prospecção,10,125047.43,,,
4076,1994,22,Reativação,2025-08-08,Fechado ganho,100,61079.89,2025-08-17,9,
4077,1994,22,WhatsApp,2025-02-12,Proposta enviada,50,45350.91,,,
4078,1994,22,Instagram,2025-05-29,Qualificação,25,91950.87,,,
4079,1994,22,Feira de beleza,2026-01-27,Qualificação,25,70520.99,,,
4080,1995,38,Feira de beleza,2025-01-09,Fechado ganho,100,83277.46,2025-01-12,3,
4081,1995,38,Feira de beleza,2026-03-05,Negociação,75,49636.22,,,
4082,1996,20,Indicação,2026-06-17,Qualificação,25,22808.50,,,
4083,1997,19,Prospecção ativa,2026-06-27,Proposta enviada,50,74158.53,,,
4084,1997,19,Indicação,2025-08-09,Proposta enviada,50,78065.74,,,
4085,1997,19,Reativação,2025-09-06,Prospecção,10,70575.92,,,
4086,1997,19,WhatsApp,2026-05-29,Fechado ganho,100,68743.83,2026-07-17,49,
4087,1998,32,Feira de beleza,2026-04-25,Fechado perdido,0,40720.29,2026-05-20,25,Mix de fragrâncias não atende
4088,1998,32,Indicação,2025-08-24,Qualificação,25,75862.25,,,
4089,1999,27,Indicação,2026-08-19,Prospecção,10,104014.51,,,
4090,2000,7,Feira de beleza,2026-08-13,Negociação,75,76609.62,,,
4091,2000,7,Feira de beleza,2026-05-12,Negociação,75,45507.17,,,
4092,2001,19,Indicação,2026-02-17,Qualificação,25,79209.98,,,
4093,2003,4,Inbound site,2025-08-10,Negociação,75,104878.10,,,
4094,2003,4,Instagram,2024-09-05,Prospecção,10,123179.64,,,
4095,2003,33,Inbound site,2026-06-17,Qualificação,25,126440.71,,,
4096,2003,4,Indicação,2024-12-08,Proposta enviada,50,114052.62,,,
4097,2003,33,WhatsApp,2026-02-21,Proposta enviada,50,76693.35,,,
4098,2003,4,Instagram,2025-01-11,Negociação,75,12543.44,,,
4099,2006,24,Prospecção ativa,2026-06-13,Qualificação,25,42317.59,,,
4100,2006,24,Indicação,2025-07-18,Negociação,75,11716.51,,,
4101,2007,21,Reativação,2025-03-28,Prospecção,10,28124.56,,,
4102,2007,21,Prospecção ativa,2025-08-10,Prospecção,10,45998.55,,,
4103,2007,21,WhatsApp,2026-02-20,Prospecção,10,94619.84,,,
4104,2008,24,Prospecção ativa,2026-06-28,Fechado ganho,100,72238.90,2026-07-26,28,
4105,2009,33,Prospecção ativa,2025-09-01,Prospecção,10,9509.83,,,
4106,2009,33,Prospecção ativa,2025-11-03,Proposta enviada,50,46608.51,,,
4107,2010,9,Feira de beleza,2026-05-01,Fechado perdido,0,126665.77,2026-06-24,54,Prazo de entrega
4108,2011,21,Inbound site,2025-08-31,Prospecção,10,27879.14,,,
4109,2011,21,Reativação,2024-10-16,Negociação,75,94837.09,,,
4110,2012,23,Prospecção ativa,2026-05-25,Negociação,75,14155.35,,,
4111,2013,10,Feira de beleza,2025-12-13,Negociação,75,94194.71,,,
4112,2013,10,Reativação,2026-01-18,Prospecção,10,41654.64,,,
4113,2013,10,Inbound site,2026-04-25,Fechado ganho,100,90492.63,2026-05-28,33,
4114,2013,10,Inbound site,2026-05-11,Qualificação,25,59034.11,,,
4115,2014,7,Feira de beleza,2025-06-22,Proposta enviada,50,44649.24,,,
4116,2014,7,Instagram,2025-06-30,Fechado ganho,100,21488.90,2025-09-12,74,
4117,2015,6,WhatsApp,2024-12-26,Negociação,75,14772.88,,,
4118,2015,6,Indicação,2025-06-10,Fechado ganho,100,63550.55,2025-08-19,70,
4119,2016,1,WhatsApp,2024-12-03,Fechado ganho,100,89641.04,2025-01-10,38,
4120,2016,1,Inbound site,2024-09-24,Negociação,75,76703.49,,,
4121,2017,40,Feira de beleza,2025-01-01,Fechado ganho,100,65925.01,2025-01-27,26,
4122,2017,40,WhatsApp,2025-02-17,Prospecção,10,13112.60,,,
4123,2017,40,WhatsApp,2025-05-01,Fechado ganho,100,22500.54,2025-07-10,70,
4124,2018,12,Prospecção ativa,2026-05-19,Proposta enviada,50,58488.03,,,
4125,2018,12,WhatsApp,2025-12-21,Proposta enviada,50,93094.33,,,
4126,2018,12,Inbound site,2026-03-29,Fechado ganho,100,20719.79,2026-06-08,71,
4127,2019,13,Feira de beleza,2026-05-08,Qualificação,25,15467.79,,,
4128,2020,11,Prospecção ativa,2026-05-18,Fechado ganho,100,63832.01,2026-05-21,3,
4129,2021,24,WhatsApp,2025-10-11,Fechado perdido,0,52671.73,2025-12-12,62,Prazo de entrega
4130,2021,24,Indicação,2026-03-20,Fechado ganho,100,22409.89,2026-04-15,26,
4131,2021,24,Inbound site,2025-07-27,Prospecção,10,67895.24,,,
4132,2021,24,Indicação,2025-04-02,Fechado ganho,100,5785.43,2025-05-17,45,
4133,2022,19,Reativação,2025-12-23,Fechado ganho,100,99422.26,2026-02-07,46,
4134,2023,23,Feira de beleza,2025-03-02,Proposta enviada,50,42235.18,,,
4135,2023,23,Indicação,2025-08-05,Prospecção,10,17258.00,,,
4136,2024,24,Instagram,2026-04-21,Negociação,75,92516.90,,,
4137,2024,24,Prospecção ativa,2026-02-12,Prospecção,10,34725.60,,,
4138,2025,38,WhatsApp,2026-05-24,Fechado ganho,100,8197.02,2026-07-26,63,
4139,2025,38,Feira de beleza,2026-06-23,Prospecção,10,107309.15,,,
4140,2025,38,Reativação,2026-02-15,Fechado ganho,100,43591.79,2026-02-19,4,
4141,2025,38,Reativação,2024-11-26,Prospecção,10,108704.81,,,
4142,2025,38,WhatsApp,2026-07-30,Qualificação,25,66999.67,,,
4143,2025,38,WhatsApp,2024-09-12,Fechado ganho,100,80707.53,2024-10-19,37,
4144,2026,12,Feira de beleza,2026-03-30,Qualificação,25,71225.30,,,
4145,2026,12,Inbound site,2026-08-30,Prospecção,10,32535.60,,,
4146,2029,22,Instagram,2025-11-05,Qualificação,25,49900.52,,,
4147,2030,39,Reativação,2026-08-20,Prospecção,10,16301.87,,,
4148,2031,42,Instagram,2025-10-03,Fechado ganho,100,61281.09,2025-10-30,27,
4149,2031,42,Prospecção ativa,2025-10-31,Fechado perdido,0,62254.37,2025-12-04,34,Sem contato
4150,2031,42,Feira de beleza,2026-06-20,Proposta enviada,50,78572.05,,,
4151,2031,42,Instagram,2024-11-20,Fechado perdido,0,10633.71,2024-12-01,11,Pediu exclusividade de marca
4152,2031,42,Reativação,2025-04-01,Qualificação,25,77142.83,,,
4153,2031,42,Feira de beleza,2025-01-19,Qualificação,25,91306.56,,,
4154,2032,11,Feira de beleza,2026-08-02,Fechado perdido,0,79838.73,2026-08-31,29,Prazo de entrega
4155,2032,11,WhatsApp,2026-06-06,Negociação,75,35264.93,,,
4156,2032,11,Feira de beleza,2026-04-30,Fechado ganho,100,69187.49,2026-06-05,36,
4157,2033,25,Reativação,2026-08-11,Proposta enviada,50,35397.17,,,
4158,2033,25,Indicação,2025-04-07,Proposta enviada,50,46386.31,,,
4159,2034,35,Prospecção ativa,2024-10-26,Prospecção,10,71361.39,,,
4160,2034,35,Feira de beleza,2026-07-09,Qualificação,25,38695.72,,,
4161,2034,35,Prospecção ativa,2026-06-01,Fechado ganho,100,83945.58,2026-06-17,16,
4162,2035,35,WhatsApp,2026-07-05,Fechado ganho,100,49318.58,2026-08-15,41,
4163,2036,6,Instagram,2025-02-01,Negociação,75,34738.59,,,
4164,2036,6,Instagram,2025-07-18,Fechado ganho,100,58962.64,2025-07-23,5,
4165,2036,6,WhatsApp,2025-03-20,Negociação,75,3236.16,,,
4166,2036,6,Inbound site,2024-10-30,Prospecção,10,12061.18,,,
4167,2037,9,Prospecção ativa,2025-06-07,Fechado ganho,100,54175.61,2025-07-12,35,
4168,2038,21,Inbound site,2025-10-27,Qualificação,25,45098.11,,,
4169,2039,18,Feira de beleza,2024-09-25,Proposta enviada,50,83579.19,,,
4170,2039,18,WhatsApp,2024-12-11,Fechado perdido,0,43342.53,2024-12-25,14,Já compra de outro importador
4171,2040,37,Instagram,2025-10-13,Fechado perdido,0,50603.50,2025-11-27,45,Preço acima do concorrente
4172,2040,37,Inbound site,2024-10-31,Fechado perdido,0,57272.10,2024-11-09,9,Pediu exclusividade de marca
4173,2042,8,Instagram,2025-01-04,Proposta enviada,50,14853.11,,,
4174,2043,2,Prospecção ativa,2026-05-24,Negociação,75,40663.81,,,
4175,2043,2,Indicação,2026-01-30,Fechado ganho,100,12439.35,2026-04-07,67,
4176,2043,2,WhatsApp,2026-01-22,Negociação,75,59764.43,,,
4177,2043,2,Instagram,2026-04-16,Fechado ganho,100,47735.02,2026-05-05,19,
4178,2044,4,Feira de beleza,2026-06-17,Negociação,75,22962.65,,,
4179,2044,4,Instagram,2025-11-19,Proposta enviada,50,50989.02,,,
4180,2045,5,Reativação,2026-07-15,Fechado ganho,100,91746.48,2026-08-30,46,
4181,2045,5,Reativação,2026-08-28,Proposta enviada,50,16501.89,,,
4182,2045,5,Indicação,2026-06-03,Fechado ganho,100,74525.65,2026-07-03,30,
4183,2046,25,Inbound site,2025-09-21,Proposta enviada,50,33688.12,,,
4184,2046,25,Indicação,2026-07-01,Fechado ganho,100,16232.66,2026-08-05,35,
4185,2047,16,Prospecção ativa,2024-09-04,Fechado ganho,100,54682.82,2024-09-28,24,
4186,2047,16,Instagram,2025-04-10,Prospecção,10,82058.33,,,
4187,2049,20,Prospecção ativa,2025-04-11,Fechado ganho,100,18230.29,2025-04-29,18,
4188,2049,20,Feira de beleza,2026-07-05,Proposta enviada,50,134091.09,,,
4189,2049,20,Instagram,2024-10-20,Fechado ganho,100,21362.42,2024-12-20,61,
4190,2050,28,Prospecção ativa,2025-08-03,Fechado ganho,100,44328.64,2025-09-22,50,
4191,2050,28,Feira de beleza,2024-12-13,Prospecção,10,69228.27,,,
4192,2050,28,Feira de beleza,2025-06-06,Fechado ganho,100,77130.71,2025-06-21,15,
4193,2051,26,Instagram,2026-02-12,Fechado perdido,0,51562.82,2026-04-04,51,Mix de fragrâncias não atende
4194,2052,18,Instagram,2025-08-01,Fechado perdido,0,37723.55,2025-09-13,43,Sem verba no momento
4195,2053,8,Indicação,2026-07-02,Fechado perdido,0,77313.75,2026-08-12,41,Sem contato
4196,2054,16,Feira de beleza,2026-04-26,Prospecção,10,74773.32,,,
4197,2055,39,Feira de beleza,2025-07-01,Fechado ganho,100,43790.05,2025-07-15,14,
4198,2056,1,Indicação,2026-08-30,Prospecção,10,81890.63,,,
4199,2056,1,Prospecção ativa,2025-08-28,Fechado perdido,0,64745.03,2025-10-28,61,Prazo de entrega
4200,2056,1,Inbound site,2025-02-27,Negociação,75,71270.55,,,
4201,2057,26,Reativação,2024-10-29,Fechado ganho,100,87234.02,2024-11-25,27,
4202,2057,26,Reativação,2024-09-22,Fechado ganho,100,64894.32,2024-10-24,32,
4203,2057,27,Inbound site,2026-08-03,Proposta enviada,50,70923.79,,,
4204,2058,37,Indicação,2026-05-07,Proposta enviada,50,23948.95,,,
4205,2058,37,Feira de beleza,2026-02-14,Negociação,75,38555.23,,,
4206,2059,20,Inbound site,2026-01-18,Fechado ganho,100,90628.21,2026-03-17,58,
4207,2059,20,Indicação,2025-10-13,Prospecção,10,37320.96,,,
4208,2060,17,Prospecção ativa,2024-09-27,Fechado perdido,0,35179.12,2024-11-05,39,Pediu exclusividade de marca
4209,2060,17,Prospecção ativa,2025-08-13,Proposta enviada,50,66027.04,,,
4210,2060,17,Feira de beleza,2025-08-20,Negociação,75,40557.58,,,
4211,2061,25,Instagram,2026-04-23,Fechado ganho,100,82899.94,2026-06-30,68,
4212,2061,25,Instagram,2025-07-31,Negociação,75,86044.94,,,
4213,2061,25,Feira de beleza,2025-11-02,Proposta enviada,50,78619.89,,,
4214,2061,25,Instagram,2025-08-05,Qualificação,25,60449.90,,,
4215,2061,25,Prospecção ativa,2025-01-18,Proposta enviada,50,65069.81,,,
4216,2061,25,Inbound site,2025-09-05,Fechado perdido,0,75068.43,2025-10-16,41,Sem verba no momento
4217,2063,1,Feira de beleza,2026-02-07,Qualificação,25,20573.73,,,
4218,2063,1,WhatsApp,2026-02-25,Negociação,75,9598.16,,,
4219,2063,1,Instagram,2026-01-02,Fechado perdido,0,38767.51,2026-01-06,4,Sem verba no momento
4220,2065,40,Instagram,2024-10-14,Prospecção,10,38065.04,,,
4221,2067,14,Instagram,2025-02-13,Negociação,75,3925.18,,,
4222,2067,14,Indicação,2026-05-19,Qualificação,25,7175.44,,,
4223,2070,41,WhatsApp,2024-10-11,Fechado ganho,100,52389.11,2024-11-04,24,
4224,2070,41,Prospecção ativa,2025-01-02,Prospecção,10,25142.67,,,
4225,2070,41,Inbound site,2024-09-29,Fechado perdido,0,10037.92,2024-11-29,61,Já compra de outro importador
4226,2071,41,Prospecção ativa,2024-12-26,Qualificação,25,66777.36,,,
4227,2071,41,Prospecção ativa,2026-03-25,Fechado perdido,0,74488.60,2026-05-15,51,Fechou com concorrente
4228,2072,2,Prospecção ativa,2026-03-12,Fechado ganho,100,6148.36,2026-04-09,28,
4229,2072,30,Instagram,2024-09-26,Fechado ganho,100,13550.59,2024-12-09,74,
4230,2073,20,Reativação,2025-04-10,Negociação,75,11830.79,,,
4231,2075,26,Instagram,2024-09-04,Prospecção,10,71880.70,,,
4232,2075,26,Indicação,2025-07-07,Proposta enviada,50,37797.31,,,
4233,2075,26,Indicação,2025-06-23,Fechado ganho,100,32675.45,2025-09-01,70,
4234,2076,37,Instagram,2025-02-09,Fechado ganho,100,59195.73,2025-02-15,6,
4235,2076,37,Prospecção ativa,2024-10-25,Qualificação,25,29926.93,,,
4236,2077,3,Reativação,2026-06-04,Prospecção,10,60466.32,,,
4237,2078,5,Instagram,2026-07-02,Qualificação,25,78407.73,,,
4238,2078,5,WhatsApp,2026-07-01,Proposta enviada,50,37701.90,,,
4239,2080,40,WhatsApp,2026-02-14,Fechado ganho,100,49472.24,2026-02-28,14,
4240,2080,40,Instagram,2024-11-10,Prospecção,10,17303.82,,,
4241,2081,32,Reativação,2026-01-07,Fechado ganho,100,10087.76,2026-02-25,49,
4242,2081,32,Reativação,2026-08-30,Negociação,75,23872.33,,,
4243,2083,22,Feira de beleza,2025-07-30,Fechado ganho,100,50238.72,2025-08-13,14,
4244,2083,22,Reativação,2025-12-08,Fechado ganho,100,17464.04,2025-12-21,13,
4245,2084,4,Inbound site,2026-06-17,Fechado ganho,100,10718.15,2026-07-29,42,
4246,2085,22,Indicação,2026-08-19,Negociação,75,17821.26,,,
4247,2085,22,Instagram,2026-03-31,Prospecção,10,40352.76,,,
4248,2086,18,Prospecção ativa,2025-06-16,Fechado perdido,0,76798.19,2025-06-22,6,Mix de fragrâncias não atende
4249,2087,33,WhatsApp,2026-06-30,Prospecção,10,26779.05,,,
4250,2088,11,Feira de beleza,2026-04-09,Fechado ganho,100,89592.81,2026-06-22,74,
4251,2088,11,Reativação,2026-06-09,Negociação,75,88706.39,,,
4252,2089,29,WhatsApp,2025-04-27,Negociação,75,68031.04,,,
4253,2090,3,Instagram,2026-06-07,Proposta enviada,50,12480.98,,,
4254,2091,27,Inbound site,2025-04-06,Negociação,75,12629.82,,,
4255,2091,27,Instagram,2025-02-24,Prospecção,10,24107.54,,,
4256,2091,27,Instagram,2026-04-05,Proposta enviada,50,27299.49,,,
4257,2091,27,Prospecção ativa,2025-04-26,Proposta enviada,50,84234.36,,,
4258,2092,37,Instagram,2026-04-26,Qualificação,25,42377.07,,,
4259,2094,21,Indicação,2026-08-08,Negociação,75,19497.64,,,
4260,2095,2,Reativação,2025-11-27,Prospecção,10,12895.10,,,
4261,2096,31,Reativação,2025-12-30,Fechado perdido,0,47771.24,2026-01-27,28,Mix de fragrâncias não atende
4262,2096,31,Feira de beleza,2024-12-15,Qualificação,25,89786.22,,,
4263,2097,19,Indicação,2025-10-08,Negociação,75,45625.19,,,
4264,2098,41,Indicação,2025-04-12,Prospecção,10,133973.78,,,
4265,2098,41,Indicação,2025-04-17,Fechado ganho,100,107164.76,2025-06-08,52,
4266,2098,41,WhatsApp,2025-02-22,Fechado perdido,0,37997.43,2025-03-24,30,Pediu exclusividade de marca
4267,2099,8,WhatsApp,2026-07-13,Negociação,75,22687.19,,,
4268,2099,8,Inbound site,2026-02-18,Fechado ganho,100,90233.53,2026-03-08,18,
4269,2099,8,WhatsApp,2026-03-21,Proposta enviada,50,52618.59,,,
4270,2100,29,Indicação,2026-04-11,Prospecção,10,83085.90,,,
4271,2100,29,Prospecção ativa,2026-03-15,Prospecção,10,61471.82,,,
4272,2100,29,Prospecção ativa,2026-07-04,Negociação,75,24533.13,,,
4273,2101,35,Instagram,2025-02-09,Qualificação,25,45021.95,,,
4274,2101,35,Indicação,2026-03-07,Fechado ganho,100,79876.05,2026-05-08,62,
4275,2103,16,Indicação,2025-10-21,Qualificação,25,55076.13,,,
4276,2103,16,Inbound site,2025-03-13,Qualificação,25,83973.26,,,
4277,2103,16,WhatsApp,2025-09-11,Qualificação,25,81317.16,,,
4278,2107,7,Prospecção ativa,2025-11-09,Fechado ganho,100,12270.40,2026-01-15,67,
4279,2109,40,Indicação,2026-05-26,Fechado ganho,100,84804.43,2026-06-14,19,
4280,2109,40,Instagram,2026-06-14,Proposta enviada,50,7579.86,,,
4281,2110,19,WhatsApp,2025-10-27,Fechado ganho,100,11333.65,2025-12-24,58,
4282,2110,19,Feira de beleza,2025-10-17,Prospecção,10,44158.63,,,
4283,2110,19,Inbound site,2025-04-12,Fechado ganho,100,65573.20,2025-04-17,5,
4284,2110,19,Reativação,2026-02-19,Prospecção,10,42084.43,,,
4285,2110,19,Inbound site,2025-01-04,Fechado perdido,0,44446.66,2025-02-23,50,Prazo de entrega
4286,2110,19,Indicação,2026-02-09,Fechado ganho,100,84939.05,2026-03-25,44,
4287,2111,21,Indicação,2025-04-27,Fechado perdido,0,8893.83,2025-05-27,30,Mix de fragrâncias não atende
4288,2111,21,Indicação,2026-08-05,Negociação,75,39935.61,,,
4289,2112,5,Inbound site,2025-07-02,Prospecção,10,61559.21,,,
4290,2112,5,Indicação,2025-01-01,Negociação,75,25810.14,,,
4291,2112,5,Feira de beleza,2026-02-17,Fechado ganho,100,86095.94,2026-04-10,52,
4292,2113,14,Reativação,2026-01-24,Negociação,75,41439.05,,,
4293,2114,2,Reativação,2026-08-16,Negociação,75,46509.28,,,
4294,2114,4,Prospecção ativa,2025-08-19,Fechado perdido,0,57106.77,2025-09-18,30,Fechou com concorrente
4295,2114,4,WhatsApp,2025-01-11,Fechado ganho,100,48888.54,2025-03-11,59,
4296,2115,28,Instagram,2025-04-02,Proposta enviada,50,85099.77,,,
4297,2115,37,Instagram,2026-06-04,Fechado ganho,100,30288.34,2026-06-26,22,
4298,2115,28,Inbound site,2025-11-21,Fechado ganho,100,14532.12,2025-12-06,15,
4299,2116,7,Instagram,2025-08-24,Fechado ganho,100,77509.19,2025-09-18,25,
4300,2117,35,Prospecção ativa,2026-07-10,Negociação,75,21992.39,,,
4301,2117,35,Prospecção ativa,2026-03-14,Qualificação,25,128271.12,,,
4302,2120,30,Instagram,2025-06-30,Fechado ganho,100,83447.27,2025-07-03,3,
4303,2120,30,Inbound site,2024-12-04,Qualificação,25,35106.45,,,
4304,2122,40,Prospecção ativa,2026-05-28,Fechado ganho,100,24161.75,2026-07-24,57,
4305,2123,8,Feira de beleza,2026-06-29,Negociação,75,21620.17,,,
4306,2125,31,Feira de beleza,2026-05-08,Prospecção,10,40964.19,,,
4307,2126,11,Indicação,2025-06-15,Qualificação,25,80012.66,,,
4308,2126,11,Reativação,2024-09-19,Negociação,75,149829.43,,,
4309,2127,42,Inbound site,2024-10-13,Fechado perdido,0,34779.00,2024-12-05,53,Preço acima do concorrente
4310,2127,42,Feira de beleza,2024-09-30,Negociação,75,74082.03,,,
4311,2127,42,Prospecção ativa,2024-12-07,Fechado ganho,100,19072.17,2025-01-08,32,
4312,2128,42,WhatsApp,2024-09-13,Proposta enviada,50,42198.21,,,
4313,2129,5,Prospecção ativa,2025-05-16,Fechado ganho,100,64923.24,2025-05-31,15,
4314,2129,9,Indicação,2026-07-19,Negociação,75,33727.88,,,
4315,2129,5,Prospecção ativa,2025-10-10,Proposta enviada,50,62817.64,,,
4316,2129,9,Indicação,2026-03-08,Prospecção,10,40844.23,,,
4317,2129,9,Indicação,2026-04-16,Negociação,75,28193.68,,,
4318,2129,5,Indicação,2025-06-29,Fechado perdido,0,25814.03,2025-08-15,47,Pediu exclusividade de marca
4319,2130,33,Prospecção ativa,2026-02-26,Proposta enviada,50,33317.14,,,
4320,2131,5,WhatsApp,2025-08-28,Prospecção,10,49598.63,,,
4321,2131,5,WhatsApp,2026-07-18,Fechado perdido,0,72407.11,2026-08-26,39,Pediu exclusividade de marca
4322,2131,5,Prospecção ativa,2025-07-06,Prospecção,10,94259.38,,,
4323,2131,5,WhatsApp,2024-11-11,Fechado ganho,100,88747.61,2025-01-24,74,
4324,2132,36,Feira de beleza,2025-04-22,Fechado ganho,100,7497.60,2025-06-25,64,
4325,2132,36,Inbound site,2024-11-02,Qualificação,25,50966.67,,,
4326,2132,36,Instagram,2024-10-06,Fechado ganho,100,58859.98,2024-10-30,24,
4327,2133,15,WhatsApp,2025-02-16,Fechado ganho,100,8356.63,2025-02-23,7,
4328,2134,24,Instagram,2024-09-05,Fechado ganho,100,46513.60,2024-09-10,5,
4329,2135,30,Feira de beleza,2025-02-01,Negociação,75,36643.75,,,
4330,2135,30,Reativação,2025-05-31,Fechado perdido,0,29305.48,2025-08-12,73,Mix de fragrâncias não atende
4331,2136,32,Feira de beleza,2025-05-29,Proposta enviada,50,65603.53,,,
4332,2136,32,Feira de beleza,2025-04-17,Fechado ganho,100,39216.72,2025-06-08,52,
4333,2136,32,Feira de beleza,2025-07-15,Fechado perdido,0,19455.39,2025-08-02,18,Fechou com concorrente
4334,2136,32,Prospecção ativa,2026-02-07,Negociação,75,47376.20,,,
4335,2137,40,WhatsApp,2025-01-07,Prospecção,10,167641.01,,,
4336,2137,40,Indicação,2026-06-02,Fechado ganho,100,125518.86,2026-08-04,63,
4337,2137,40,WhatsApp,2025-09-29,Fechado perdido,0,23601.92,2025-12-05,67,Sem verba no momento
4338,2138,1,Instagram,2026-02-10,Fechado ganho,100,64098.36,2026-03-05,23,
4339,2138,1,Inbound site,2025-09-30,Fechado ganho,100,6971.53,2025-11-11,42,
4340,2138,1,Reativação,2026-05-10,Qualificação,25,30109.96,,,
4341,2138,1,Reativação,2025-07-20,Fechado perdido,0,42291.99,2025-08-19,30,Fechou com concorrente
4342,2139,20,Inbound site,2026-07-01,Qualificação,25,73834.75,,,
4343,2139,20,Indicação,2026-08-13,Proposta enviada,50,18969.40,,,
4344,2139,20,WhatsApp,2026-02-13,Proposta enviada,50,70794.67,,,
4345,2139,20,Prospecção ativa,2026-03-27,Prospecção,10,45989.17,,,
4346,2140,8,Reativação,2026-02-05,Fechado ganho,100,91732.07,2026-04-08,62,
4347,2142,25,Indicação,2025-12-07,Proposta enviada,50,5810.81,,,
4348,2142,25,Instagram,2025-05-20,Qualificação,25,29184.67,,,
4349,2143,14,Indicação,2026-05-15,Fechado ganho,100,79749.37,2026-07-21,67,
4350,2143,6,Reativação,2025-11-14,Fechado ganho,100,53797.96,2026-01-17,64,
4351,2146,27,Inbound site,2025-07-09,Fechado ganho,100,82990.84,2025-08-31,53,
4352,2146,27,Indicação,2025-06-23,Prospecção,10,64948.32,,,
4353,2147,38,WhatsApp,2026-04-29,Negociação,75,37664.44,,,
4354,2148,37,WhatsApp,2025-07-15,Fechado ganho,100,26326.67,2025-09-10,57,
4355,2148,37,Feira de beleza,2026-05-21,Fechado ganho,100,93340.74,2026-05-27,6,
4356,2148,37,Indicação,2025-07-10,Fechado ganho,100,74143.43,2025-09-01,53,
4357,2148,37,WhatsApp,2026-06-18,Prospecção,10,82742.21,,,
4358,2149,29,Reativação,2026-08-16,Proposta enviada,50,74893.76,,,
4359,2149,29,Feira de beleza,2025-05-03,Fechado ganho,100,14590.84,2025-06-18,46,
4360,2150,28,Inbound site,2026-02-25,Fechado perdido,0,57556.70,2026-04-08,42,Fechou com concorrente
4361,2150,28,Instagram,2026-08-11,Negociação,75,73751.64,,,
4362,2150,28,Prospecção ativa,2026-02-26,Qualificação,25,66702.07,,,
4363,2150,28,Feira de beleza,2026-04-28,Proposta enviada,50,52605.01,,,
4364,2151,37,Feira de beleza,2026-08-20,Negociação,75,28267.92,,,
4365,2152,4,WhatsApp,2026-02-22,Fechado perdido,0,92536.59,2026-03-31,37,Fechou com concorrente
4366,2152,4,Inbound site,2025-04-06,Negociação,75,85187.53,,,
4367,2152,4,Prospecção ativa,2025-04-16,Fechado ganho,100,78490.86,2025-05-27,41,
4368,2152,4,Inbound site,2026-01-13,Fechado ganho,100,86220.49,2026-02-14,32,
4369,2153,26,Instagram,2026-05-02,Prospecção,10,33564.52,,,
4370,2153,36,Inbound site,2025-08-09,Prospecção,10,19583.90,,,
4371,2153,26,Reativação,2026-01-24,Negociação,75,45065.18,,,
4372,2155,16,Instagram,2024-10-26,Proposta enviada,50,2842.88,,,
4373,2155,16,Inbound site,2025-01-18,Fechado ganho,100,55353.42,2025-03-22,63,
4374,2156,42,Feira de beleza,2025-09-11,Fechado ganho,100,94218.46,2025-10-29,48,
4375,2156,42,Reativação,2024-10-13,Fechado perdido,0,101530.80,2024-11-04,22,Pediu exclusividade de marca
4376,2157,3,Inbound site,2024-10-25,Negociação,75,94757.57,,,
4377,2157,3,Instagram,2026-01-14,Fechado perdido,0,42152.22,2026-01-23,9,Fechou com concorrente
4378,2157,3,WhatsApp,2025-05-09,Fechado ganho,100,2610.60,2025-07-18,70,
4379,2157,3,Prospecção ativa,2025-10-10,Negociação,75,62080.58,,,
4380,2157,3,Inbound site,2026-01-09,Fechado perdido,0,48867.64,2026-02-25,47,Sem verba no momento
4381,2157,3,Prospecção ativa,2025-06-24,Prospecção,10,7448.81,,,
4382,2158,37,Prospecção ativa,2025-09-27,Prospecção,10,71245.83,,,
4383,2158,37,Reativação,2026-03-02,Proposta enviada,50,53664.36,,,
4384,2159,16,Prospecção ativa,2026-08-22,Prospecção,10,47812.17,,,
4385,2159,31,Prospecção ativa,2025-10-15,Fechado ganho,100,47706.33,2025-10-30,15,
4386,2160,20,Feira de beleza,2024-10-21,Proposta enviada,50,89924.52,,,
4387,2163,1,Prospecção ativa,2026-07-19,Negociação,75,9091.97,,,
4388,2163,1,Indicação,2026-08-09,Qualificação,25,7803.70,,,
4389,2163,1,Prospecção ativa,2025-11-01,Fechado ganho,100,27457.41,2025-11-16,15,
4390,2164,31,Reativação,2025-06-16,Fechado perdido,0,45877.46,2025-08-18,63,Já compra de outro importador
4391,2164,31,Inbound site,2025-06-12,Prospecção,10,75169.39,,,
4392,2164,31,Instagram,2025-03-19,Proposta enviada,50,94045.29,,,
4393,2165,40,Inbound site,2026-06-06,Fechado ganho,100,88371.93,2026-06-16,10,
4394,2166,23,Indicação,2025-08-27,Prospecção,10,12786.28,,,
4395,2168,15,WhatsApp,2026-05-05,Fechado ganho,100,81979.44,2026-07-11,67,
4396,2168,15,Instagram,2024-10-01,Prospecção,10,3007.25,,,
4397,2169,3,Indicação,2026-02-20,Fechado ganho,100,56206.85,2026-03-18,26,
4398,2171,42,Prospecção ativa,2026-07-01,Negociação,75,35660.40,,,
4399,2172,23,Prospecção ativa,2026-04-12,Fechado ganho,100,56248.60,2026-04-15,3,
4400,2173,16,Indicação,2025-07-03,Negociação,75,39479.82,,,
4401,2173,16,Prospecção ativa,2025-03-23,Fechado perdido,0,60167.98,2025-05-10,48,Fechou com concorrente
4402,2174,6,Instagram,2024-12-19,Fechado ganho,100,52773.75,2025-01-25,37,
4403,2175,13,WhatsApp,2025-10-12,Proposta enviada,50,26999.41,,,
4404,2176,17,Feira de beleza,2025-01-03,Proposta enviada,50,79182.75,,,
4405,2177,17,Instagram,2026-07-05,Qualificação,25,41522.73,,,
4406,2177,17,Inbound site,2025-11-26,Negociação,75,83259.43,,,
4407,2178,41,Indicação,2025-07-09,Fechado ganho,100,34765.84,2025-08-13,35,
4408,2178,41,Prospecção ativa,2025-02-04,Prospecção,10,80881.71,,,
4409,2178,41,Feira de beleza,2026-08-08,Proposta enviada,50,70852.60,,,
4410,2179,39,Inbound site,2026-01-23,Fechado ganho,100,84060.60,2026-03-06,42,
4411,2180,25,Prospecção ativa,2024-09-05,Fechado ganho,100,30501.88,2024-10-15,40,
4412,2181,21,Reativação,2024-11-18,Fechado ganho,100,30115.94,2024-12-01,13,
4413,2181,21,Feira de beleza,2025-10-01,Fechado ganho,100,94126.34,2025-12-14,74,
4414,2181,21,WhatsApp,2024-11-21,Fechado perdido,0,84366.52,2024-12-29,38,Sem verba no momento
4415,2182,31,Reativação,2025-08-21,Negociação,75,11207.51,,,
4416,2182,31,Prospecção ativa,2025-11-24,Negociação,75,2642.80,,,
4417,2183,24,Prospecção ativa,2025-09-07,Fechado ganho,100,63069.02,2025-10-09,32,
4418,2185,19,Inbound site,2026-07-08,Negociação,75,80157.56,,,
4419,2186,25,Inbound site,2025-06-23,Fechado ganho,100,83446.44,2025-08-03,41,
4420,2186,28,Inbound site,2026-07-16,Negociação,75,32211.43,,,
4421,2187,4,Prospecção ativa,2024-09-01,Fechado ganho,100,38040.21,2024-10-18,47,
4422,2191,26,Instagram,2026-07-01,Qualificação,25,23778.34,,,
4423,2191,26,Prospecção ativa,2025-10-30,Fechado ganho,100,24231.21,2025-11-07,8,
4424,2192,36,WhatsApp,2026-04-04,Fechado ganho,100,58522.44,2026-04-27,23,
4425,2193,34,Inbound site,2026-06-11,Proposta enviada,50,10733.94,,,
4426,2195,7,Reativação,2026-01-09,Negociação,75,16363.02,,,
4427,2195,7,WhatsApp,2024-12-02,Fechado perdido,0,52293.64,2025-02-10,70,Já compra de outro importador
4428,2195,7,Instagram,2024-09-09,Fechado ganho,100,76547.07,2024-11-09,61,
4429,2196,32,Instagram,2024-09-20,Fechado perdido,0,65855.52,2024-10-01,11,Já compra de outro importador
4430,2197,3,Instagram,2025-08-16,Fechado ganho,100,11309.44,2025-08-29,13,
4431,2198,10,WhatsApp,2024-12-03,Negociação,75,151754.51,,,
4432,2198,10,Feira de beleza,2025-10-04,Qualificação,25,91106.50,,,
4433,2199,38,WhatsApp,2026-05-17,Fechado ganho,100,78827.68,2026-06-30,44,
4434,2199,38,Feira de beleza,2026-06-13,Fechado perdido,0,30237.20,2026-07-15,32,Mix de fragrâncias não atende
4435,2199,38,Indicação,2026-07-11,Negociação,75,25715.27,,,
4436,2201,28,Prospecção ativa,2026-06-22,Negociação,75,69906.87,,,
4437,2202,15,Feira de beleza,2026-07-30,Fechado ganho,100,77610.19,2026-08-25,26,
4438,2202,15,Inbound site,2025-12-06,Fechado ganho,100,70879.87,2026-01-21,46,
4439,2202,15,WhatsApp,2026-05-11,Fechado perdido,0,42091.74,2026-06-21,41,Pediu exclusividade de marca
4440,2202,15,Instagram,2026-06-19,Negociação,75,27436.20,,,
4441,2203,4,Instagram,2025-02-11,Proposta enviada,50,87074.37,,,
4442,2203,4,Reativação,2024-09-11,Qualificação,25,92568.23,,,
4443,2203,4,Feira de beleza,2026-07-08,Negociação,75,18237.12,,,
4444,2203,34,Indicação,2026-08-13,Qualificação,25,54853.57,,,
4445,2203,4,Prospecção ativa,2025-03-29,Fechado ganho,100,33557.35,2025-05-21,53,
4446,2203,4,Feira de beleza,2026-01-15,Negociação,75,23959.09,,,
4447,2204,3,Indicação,2026-08-09,Negociação,75,134314.18,,,
4448,2205,40,Indicação,2025-06-04,Qualificação,25,85159.58,,,
4449,2206,12,Instagram,2025-03-14,Qualificação,25,37185.21,,,
4450,2207,16,Feira de beleza,2026-07-22,Proposta enviada,50,49874.16,,,
4451,2208,40,Prospecção ativa,2025-11-04,Proposta enviada,50,20981.20,,,
4452,2208,15,Feira de beleza,2025-03-05,Proposta enviada,50,58186.15,,,
4453,2208,15,Indicação,2025-04-26,Prospecção,10,74110.22,,,
4454,2209,25,Indicação,2025-04-24,Proposta enviada,50,42828.61,,,
4455,2209,25,Reativação,2025-02-09,Fechado ganho,100,92937.78,2025-02-26,17,
4456,2210,15,Feira de beleza,2026-01-03,Negociação,75,75735.21,,,
4457,2210,15,Indicação,2025-06-15,Fechado perdido,0,51549.91,2025-06-22,7,Preço acima do concorrente
4458,2210,15,Prospecção ativa,2026-01-24,Negociação,75,93076.57,,,
4459,2211,21,Feira de beleza,2025-01-24,Negociação,75,73250.62,,,
4460,2212,4,WhatsApp,2024-11-04,Fechado ganho,100,91485.51,2024-12-22,48,
4461,2212,4,WhatsApp,2026-06-09,Fechado ganho,100,140728.43,2026-07-05,26,
4462,2212,4,Instagram,2026-07-22,Proposta enviada,50,105116.76,,,
4463,2212,4,Feira de beleza,2026-02-28,Negociação,75,113246.42,,,
4464,2213,25,Indicação,2025-05-06,Prospecção,10,37847.92,,,
4465,2213,25,Indicação,2024-12-07,Negociação,75,31938.20,,,
4466,2213,25,WhatsApp,2026-04-29,Negociação,75,47750.56,,,
4467,2214,21,Indicação,2026-06-04,Fechado perdido,0,3629.37,2026-06-07,3,Fechou com concorrente
4468,2215,14,Instagram,2025-12-02,Fechado ganho,100,29463.72,2026-01-26,55,
4469,2215,14,Instagram,2025-09-22,Fechado ganho,100,72366.60,2025-10-25,33,
4470,2215,14,WhatsApp,2026-04-19,Qualificação,25,33345.44,,,
4471,2217,13,Prospecção ativa,2024-11-14,Prospecção,10,86824.28,,,
4472,2217,13,Prospecção ativa,2024-12-08,Fechado ganho,100,95487.32,2025-02-16,70,
4473,2217,13,Prospecção ativa,2025-11-28,Proposta enviada,50,49247.62,,,
4474,2218,22,Feira de beleza,2026-08-19,Negociação,75,68994.46,,,
4475,2218,22,Inbound site,2026-04-16,Proposta enviada,50,56707.30,,,
4476,2218,22,Prospecção ativa,2026-01-28,Qualificação,25,51728.20,,,
4477,2219,15,WhatsApp,2025-09-06,Prospecção,10,59120.73,,,
4478,2219,15,Inbound site,2025-11-20,Negociação,75,62725.36,,,
4479,2219,15,WhatsApp,2025-08-03,Fechado ganho,100,67113.31,2025-10-17,75,
4480,2220,40,WhatsApp,2026-08-25,Negociação,75,91283.82,,,
4481,2220,40,Indicação,2026-05-24,Proposta enviada,50,5469.20,,,
4482,2222,20,WhatsApp,2026-01-27,Fechado ganho,100,5334.27,2026-02-12,16,
4483,2222,20,Indicação,2026-06-21,Fechado perdido,0,52071.11,2026-07-18,27,Sem verba no momento
4484,2222,20,WhatsApp,2026-03-21,Fechado ganho,100,77773.11,2026-04-15,25,
4485,2222,20,Feira de beleza,2026-08-06,Qualificação,25,90546.97,,,
4486,2222,20,Prospecção ativa,2025-08-02,Fechado perdido,0,80517.71,2025-10-09,68,Sem contato
4487,2222,22,Feira de beleza,2024-10-29,Negociação,75,79145.39,,,
4488,2223,35,Instagram,2026-02-27,Fechado ganho,100,69724.64,2026-05-12,74,
4489,2223,35,Instagram,2025-05-13,Negociação,75,15535.62,,,
4490,2223,35,Prospecção ativa,2024-09-27,Fechado perdido,0,64331.49,2024-11-14,48,Fechou com concorrente
4491,2224,21,Indicação,2024-12-07,Proposta enviada,50,15138.29,,,
4492,2224,21,Prospecção ativa,2025-07-24,Negociação,75,14089.38,,,
4493,2224,21,Indicação,2025-08-06,Fechado ganho,100,13469.26,2025-09-28,53,
4494,2224,39,Indicação,2026-07-05,Negociação,75,66872.35,,,
4495,2226,33,Prospecção ativa,2026-01-27,Negociação,75,160060.41,,,
4496,2226,33,Reativação,2026-01-16,Negociação,75,133970.48,,,
4497,2226,33,Instagram,2025-09-26,Proposta enviada,50,111988.73,,,
4498,2226,33,Reativação,2025-06-22,Proposta enviada,50,71096.72,,,
4499,2226,33,Inbound site,2025-07-17,Proposta enviada,50,59399.59,,,
4500,2226,33,Instagram,2025-06-12,Prospecção,10,125664.24,,,
4501,2229,3,Instagram,2026-02-25,Prospecção,10,85653.08,,,
4502,2230,33,WhatsApp,2026-05-25,Prospecção,10,20099.33,,,
4503,2232,34,Indicação,2026-08-28,Negociação,75,46175.39,,,
4504,2233,9,Indicação,2026-08-23,Qualificação,25,25421.57,,,
4505,2233,9,Indicação,2026-01-17,Qualificação,25,103541.50,,,
4506,2234,6,Prospecção ativa,2024-12-12,Qualificação,25,51611.97,,,
4507,2235,35,Instagram,2025-09-02,Negociação,75,47947.64,,,
4508,2237,23,Feira de beleza,2025-10-14,Fechado ganho,100,80387.25,2025-12-20,67,
4509,2237,23,Inbound site,2026-02-06,Proposta enviada,50,63003.32,,,
4510,2237,23,Prospecção ativa,2026-02-15,Fechado ganho,100,34152.52,2026-04-09,53,
4511,2238,1,Reativação,2026-08-29,Proposta enviada,50,6289.51,,,
4512,2238,1,Feira de beleza,2024-09-03,Fechado ganho,100,54981.21,2024-10-24,51,
4513,2238,1,Reativação,2025-04-17,Fechado ganho,100,9100.78,2025-04-20,3,
4514,2238,1,Indicação,2024-12-27,Negociação,75,84870.41,,,
4515,2238,1,Inbound site,2025-09-16,Proposta enviada,50,49149.03,,,
4516,2238,1,WhatsApp,2025-09-12,Fechado perdido,0,30430.53,2025-11-20,69,Sem verba no momento
4517,2239,41,Prospecção ativa,2026-06-21,Prospecção,10,43875.99,,,
4518,2239,41,Indicação,2025-11-25,Qualificação,25,51224.04,,,
4519,2239,41,Indicação,2025-09-02,Qualificação,25,91111.58,,,
4520,2239,41,Prospecção ativa,2024-10-16,Negociação,75,19851.77,,,
4521,2239,41,Reativação,2025-06-10,Fechado ganho,100,45319.81,2025-07-22,42,
4522,2239,41,WhatsApp,2025-04-05,Prospecção,10,49441.76,,,
4523,2240,34,Feira de beleza,2026-02-07,Fechado ganho,100,59259.45,2026-04-06,58,
4524,2240,34,Prospecção ativa,2024-11-24,Negociação,75,47089.86,,,
4525,2240,34,Inbound site,2025-08-13,Negociação,75,6594.07,,,
4526,2240,34,WhatsApp,2025-11-07,Fechado ganho,100,84196.86,2026-01-17,71,
4527,2241,2,Feira de beleza,2026-05-30,Fechado ganho,100,64082.32,2026-06-17,18,
4528,2242,14,WhatsApp,2025-03-25,Fechado ganho,100,79895.67,2025-04-12,18,
4529,2244,27,Reativação,2025-12-23,Negociação,75,18236.97,,,
4530,2246,42,Prospecção ativa,2026-03-11,Fechado ganho,100,8753.72,2026-05-20,70,
4531,2247,22,Prospecção ativa,2025-04-24,Fechado ganho,100,16802.59,2025-05-17,23,
4532,2247,22,Indicação,2024-10-19,Negociação,75,69615.51,,,
4533,2247,22,Indicação,2025-06-26,Negociação,75,24403.33,,,
4534,2247,22,Inbound site,2026-03-27,Fechado ganho,100,30437.14,2026-04-01,5,
4535,2248,23,Prospecção ativa,2026-08-26,Fechado perdido,0,56462.18,2026-08-30,4,Sem verba no momento
4536,2248,23,Instagram,2025-10-15,Qualificação,25,70431.55,,,
4537,2248,23,WhatsApp,2026-07-25,Qualificação,25,53823.09,,,
4538,2248,23,Feira de beleza,2025-07-04,Negociação,75,14195.23,,,
4539,2249,11,WhatsApp,2025-09-14,Fechado ganho,100,75029.86,2025-10-08,24,
4540,2250,9,Instagram,2026-02-26,Fechado perdido,0,17539.11,2026-04-12,45,Mix de fragrâncias não atende
4541,2250,9,Instagram,2024-12-29,Negociação,75,61118.98,,,
4542,2250,9,Inbound site,2025-05-05,Fechado ganho,100,80868.16,2025-07-15,71,
4543,2251,39,Feira de beleza,2025-12-03,Qualificação,25,44219.51,,,
4544,2252,14,Feira de beleza,2026-06-10,Fechado ganho,100,52711.86,2026-06-13,3,
4545,2252,14,Reativação,2026-03-23,Fechado ganho,100,58154.58,2026-03-26,3,
4546,2252,14,Indicação,2026-06-15,Negociação,75,38256.57,,,
4547,2252,14,Instagram,2025-01-25,Fechado ganho,100,71239.79,2025-03-09,43,
4548,2253,17,Indicação,2025-03-26,Fechado ganho,100,84002.40,2025-04-09,14,
4549,2253,17,Prospecção ativa,2025-01-10,Fechado ganho,100,77020.45,2025-02-07,28,
4550,2253,17,Indicação,2025-05-08,Fechado perdido,0,79598.04,2025-06-17,40,Já compra de outro importador
4551,2254,17,Inbound site,2026-06-05,Fechado perdido,0,48485.21,2026-07-11,36,Sem contato
4552,2255,7,Prospecção ativa,2026-04-15,Fechado perdido,0,36009.13,2026-05-07,22,Preço acima do concorrente
4553,2256,37,WhatsApp,2024-11-27,Prospecção,10,3470.73,,,
4554,2256,37,Indicação,2024-11-16,Negociação,75,23720.23,,,
4555,2258,30,Indicação,2026-01-01,Fechado ganho,100,27941.26,2026-02-25,55,
4556,2258,30,Indicação,2025-06-04,Fechado ganho,100,81582.18,2025-08-09,66,
4557,2259,21,Prospecção ativa,2026-05-20,Prospecção,10,45459.04,,,
4558,2259,21,Prospecção ativa,2026-01-04,Fechado perdido,0,18076.75,2026-01-09,5,Preço acima do concorrente
4559,2259,21,Prospecção ativa,2026-06-13,Fechado perdido,0,13852.01,2026-07-02,19,Preço acima do concorrente
4560,2260,7,Reativação,2025-06-26,Fechado perdido,0,94076.16,2025-07-20,24,Mix de fragrâncias não atende
4561,2260,7,Instagram,2025-10-02,Prospecção,10,9477.53,,,
4562,2261,6,Feira de beleza,2025-03-08,Negociação,75,28539.49,,,
4563,2261,42,Feira de beleza,2025-09-05,Fechado ganho,100,38421.11,2025-11-03,59,
4564,2261,42,Reativação,2026-07-27,Fechado ganho,100,37088.48,2026-08-04,8,
4565,2261,42,Instagram,2026-02-26,Proposta enviada,50,70375.69,,,
4566,2261,6,Feira de beleza,2025-01-18,Fechado ganho,100,68715.87,2025-03-08,49,
4567,2261,6,Indicação,2025-07-05,Fechado ganho,100,26210.38,2025-08-24,50,
4568,2262,19,Instagram,2026-01-05,Fechado ganho,100,88913.56,2026-03-12,66,
4569,2263,21,Inbound site,2026-03-29,Fechado perdido,0,49393.51,2026-06-12,75,Mix de fragrâncias não atende
4570,2264,3,Reativação,2026-02-13,Proposta enviada,50,24911.87,,,
4571,2264,3,Instagram,2025-12-22,Fechado perdido,0,3331.46,2026-02-22,62,Fechou com concorrente
4572,2264,3,Feira de beleza,2026-03-07,Prospecção,10,48711.70,,,
4573,2264,3,Feira de beleza,2025-02-20,Fechado perdido,0,20883.90,2025-05-01,70,Já compra de outro importador
4574,2265,11,Instagram,2026-06-02,Prospecção,10,9923.70,,,
4575,2265,11,Reativação,2025-10-24,Fechado perdido,0,50346.08,2025-11-21,28,Pediu exclusividade de marca
4576,2265,11,Reativação,2025-11-11,Prospecção,10,34122.62,,,
4577,2266,3,Prospecção ativa,2025-09-19,Prospecção,10,29436.00,,,
4578,2269,6,Prospecção ativa,2025-03-07,Fechado perdido,0,69802.87,2025-05-04,58,Mix de fragrâncias não atende
4579,2270,15,Inbound site,2025-06-20,Prospecção,10,48290.75,,,
4580,2270,15,Reativação,2025-07-15,Negociação,75,55882.86,,,
4581,2271,21,WhatsApp,2025-09-05,Negociação,75,67070.69,,,
4582,2271,21,Prospecção ativa,2025-01-16,Proposta enviada,50,49367.86,,,
4583,2271,21,Reativação,2025-10-01,Qualificação,25,63233.79,,,
4584,2272,27,Instagram,2026-03-26,Fechado ganho,100,64601.31,2026-04-25,30,
4585,2272,27,Inbound site,2025-08-09,Prospecção,10,60514.43,,,
4586,2272,27,Feira de beleza,2025-08-30,Fechado perdido,0,31418.52,2025-09-15,16,Preço acima do concorrente
4587,2273,7,Feira de beleza,2026-02-10,Negociação,75,19946.43,,,
4588,2273,7,Indicação,2026-04-24,Fechado ganho,100,82784.81,2026-05-01,7,
4589,2273,7,Instagram,2026-04-11,Fechado ganho,100,61370.21,2026-06-21,71,
4590,2273,7,Inbound site,2026-01-03,Fechado ganho,100,58471.96,2026-01-24,21,
4591,2275,40,Inbound site,2025-04-28,Negociação,75,42905.82,,,
4592,2275,6,Indicação,2024-09-30,Negociação,75,6848.88,,,
4593,2277,6,Prospecção ativa,2026-07-27,Fechado ganho,100,49787.16,2026-08-29,33,
4594,2277,6,Inbound site,2025-07-21,Negociação,75,62693.41,,,
4595,2277,6,Reativação,2025-05-27,Qualificação,25,14643.46,,,
4596,2278,35,Inbound site,2026-08-24,Proposta enviada,50,86360.82,,,
4597,2279,35,Feira de beleza,2025-08-22,Fechado ganho,100,71921.44,2025-08-29,7,
4598,2279,35,Prospecção ativa,2026-02-17,Fechado ganho,100,6314.25,2026-03-22,33,
4599,2279,35,Reativação,2025-05-31,Proposta enviada,50,166827.35,,,
4600,2280,16,Feira de beleza,2025-07-17,Fechado ganho,100,83848.39,2025-08-10,24,
4601,2280,16,Instagram,2024-09-28,Proposta enviada,50,34914.96,,,
4602,2281,4,Inbound site,2025-04-08,Prospecção,10,68727.52,,,
4603,2282,23,Indicação,2024-11-23,Negociação,75,26007.48,,,
4604,2283,40,Prospecção ativa,2026-08-04,Proposta enviada,50,29304.65,,,
4605,2283,40,Indicação,2025-10-21,Proposta enviada,50,23766.57,,,
4606,2284,29,Indicação,2024-09-09,Fechado ganho,100,53650.83,2024-10-02,23,
4607,2285,5,Feira de beleza,2025-10-20,Fechado ganho,100,55117.09,2025-12-16,57,
4608,2286,1,Instagram,2025-10-20,Fechado ganho,100,64620.03,2025-11-06,17,
4609,2287,10,Prospecção ativa,2025-01-18,Prospecção,10,6626.03,,,
4610,2287,10,Feira de beleza,2026-04-27,Negociação,75,81673.05,,,
4611,2287,10,Prospecção ativa,2024-12-26,Qualificação,25,50030.59,,,
4612,2287,10,Instagram,2025-09-25,Fechado perdido,0,45227.55,2025-11-22,58,Sem verba no momento
4613,2289,7,WhatsApp,2026-04-07,Fechado perdido,0,99198.26,2026-05-07,30,Pediu exclusividade de marca
4614,2291,2,Feira de beleza,2024-12-31,Fechado ganho,100,15692.76,2025-01-12,12,
4615,2291,35,Indicação,2025-10-07,Fechado perdido,0,64896.02,2025-10-19,12,Preço acima do concorrente
4616,2291,2,Inbound site,2024-12-02,Fechado perdido,0,41917.98,2025-02-02,62,Já compra de outro importador
4617,2291,35,Inbound site,2026-06-22,Qualificação,25,20171.21,,,
4618,2292,3,Instagram,2024-09-29,Negociação,75,57147.49,,,
4619,2292,3,Inbound site,2025-06-23,Fechado perdido,0,127584.61,2025-09-06,75,Preço acima do concorrente
4620,2292,3,Indicação,2026-03-28,Qualificação,25,140154.77,,,
4621,2292,3,Feira de beleza,2024-12-17,Qualificação,25,127522.41,,,
4622,2292,3,Instagram,2026-08-07,Fechado perdido,0,59040.65,2026-08-25,18,Sem verba no momento
4623,2292,3,Inbound site,2026-05-18,Prospecção,10,84447.72,,,
4624,2293,22,Instagram,2026-07-11,Qualificação,25,25412.05,,,
4625,2293,22,Feira de beleza,2026-08-26,Proposta enviada,50,51495.44,,,
4626,2294,29,WhatsApp,2026-03-30,Negociação,75,17940.27,,,
4627,2295,35,Indicação,2026-01-05,Negociação,75,35240.41,,,
4628,2295,35,Indicação,2026-04-27,Proposta enviada,50,76084.10,,,
4629,2297,15,Feira de beleza,2024-09-29,Proposta enviada,50,6771.81,,,
4630,2297,15,Inbound site,2025-01-01,Prospecção,10,28563.83,,,
4631,2297,15,Indicação,2025-12-20,Fechado ganho,100,82140.89,2025-12-31,11,
4632,2299,28,Indicação,2025-11-27,Proposta enviada,50,88976.42,,,
4633,2299,28,WhatsApp,2025-12-13,Prospecção,10,63387.05,,,
4634,2300,24,Prospecção ativa,2026-06-22,Prospecção,10,3763.21,,,
4635,2301,24,Prospecção ativa,2025-02-11,Fechado perdido,0,42403.74,2025-04-06,54,Mix de fragrâncias não atende
4636,2303,2,Instagram,2026-02-22,Fechado perdido,0,65081.29,2026-04-06,43,Preço acima do concorrente
4637,2304,25,Inbound site,2026-04-25,Fechado ganho,100,45486.73,2026-05-03,8,
4638,2304,25,Feira de beleza,2026-03-07,Fechado ganho,100,150826.31,2026-04-06,30,
4639,2305,20,Reativação,2026-01-03,Proposta enviada,50,26041.46,,,
4640,2305,20,WhatsApp,2025-03-15,Fechado ganho,100,11191.65,2025-05-06,52,
4641,2307,1,Indicação,2026-06-03,Fechado ganho,100,91756.94,2026-08-07,65,
4642,2307,1,Prospecção ativa,2026-05-04,Proposta enviada,50,15476.57,,,
4643,2307,1,Prospecção ativa,2026-07-26,Fechado perdido,0,68627.20,2026-08-31,36,Já compra de outro importador
4644,2308,22,Instagram,2026-02-02,Fechado ganho,100,30195.31,2026-03-28,54,
4645,2308,22,Feira de beleza,2026-01-15,Qualificação,25,40851.81,,,
4646,2308,22,WhatsApp,2025-10-27,Fechado ganho,100,48406.75,2025-12-11,45,
4647,2309,12,Prospecção ativa,2026-05-22,Prospecção,10,13751.34,,,
4648,2311,1,Feira de beleza,2026-03-24,Fechado perdido,0,26862.86,2026-05-14,51,Mix de fragrâncias não atende
4649,2311,1,Reativação,2026-07-21,Prospecção,10,25794.18,,,
4650,2311,1,Feira de beleza,2025-12-18,Prospecção,10,69197.97,,,
4651,2311,1,Reativação,2026-03-24,Fechado perdido,0,76395.84,2026-04-05,12,Sem verba no momento
4652,2312,28,Indicação,2025-04-18,Prospecção,10,99228.46,,,
4653,2312,28,Prospecção ativa,2025-08-05,Proposta enviada,50,127103.98,,,
4654,2313,27,Reativação,2025-12-11,Fechado ganho,100,15050.52,2026-01-02,22,
4655,2313,27,Prospecção ativa,2025-12-13,Qualificação,25,28325.54,,,
4656,2313,27,Instagram,2026-02-16,Prospecção,10,80158.54,,,
4657,2314,12,Prospecção ativa,2024-12-07,Fechado ganho,100,44709.85,2025-01-22,46,
4658,2315,11,Feira de beleza,2025-09-23,Prospecção,10,84230.77,,,
4659,2315,11,WhatsApp,2026-05-02,Fechado perdido,0,22310.62,2026-05-12,10,Prazo de entrega
4660,2315,11,Feira de beleza,2026-04-12,Qualificação,25,47046.69,,,
4661,2316,23,Instagram,2025-10-02,Proposta enviada,50,75805.88,,,
4662,2316,23,Reativação,2025-10-12,Proposta enviada,50,45543.09,,,
4663,2320,37,Inbound site,2026-05-06,Negociação,75,46152.08,,,
4664,2320,17,Inbound site,2026-01-08,Proposta enviada,50,80887.18,,,
4665,2320,37,Inbound site,2026-07-27,Fechado ganho,100,2850.50,2026-08-08,12,
4666,2321,19,Indicação,2026-02-23,Proposta enviada,50,11593.43,,,
4667,2321,17,Instagram,2024-11-24,Negociação,75,33161.07,,,
4668,2322,18,Indicação,2025-07-21,Fechado ganho,100,128193.99,2025-08-12,22,
4669,2324,3,Inbound site,2025-07-22,Qualificação,25,44674.39,,,
4670,2324,3,Reativação,2024-11-28,Fechado ganho,100,11348.83,2025-01-25,58,
4671,2325,12,Reativação,2025-09-01,Fechado ganho,100,74764.00,2025-10-25,54,
4672,2325,12,Instagram,2026-03-02,Negociação,75,50808.65,,,
4673,2325,12,WhatsApp,2024-09-07,Proposta enviada,50,41210.97,,,
4674,2325,12,Feira de beleza,2026-01-31,Qualificação,25,24866.18,,,
4675,2326,32,Reativação,2026-04-02,Proposta enviada,50,84815.28,,,
4676,2326,32,Instagram,2026-06-19,Prospecção,10,10226.32,,,
4677,2326,32,Reativação,2025-08-20,Fechado perdido,0,20624.88,2025-10-02,43,Pediu exclusividade de marca
4678,2327,38,Prospecção ativa,2024-10-24,Prospecção,10,33876.41,,,
4679,2327,38,Reativação,2025-08-06,Prospecção,10,5750.84,,,
4680,2327,38,Reativação,2025-12-09,Proposta enviada,50,19883.39,,,
4681,2327,38,Prospecção ativa,2025-09-26,Proposta enviada,50,50071.76,,,
4682,2328,16,WhatsApp,2025-09-24,Proposta enviada,50,21941.49,,,
4683,2331,33,Reativação,2025-12-30,Fechado ganho,100,89588.57,2026-02-13,45,
4684,2331,33,Instagram,2026-04-18,Qualificação,25,80636.15,,,
4685,2332,42,Indicação,2026-02-28,Fechado ganho,100,33161.36,2026-05-14,75,
4686,2333,11,Prospecção ativa,2026-08-02,Negociação,75,45405.74,,,
4687,2333,11,Reativação,2024-09-28,Fechado ganho,100,87848.43,2024-10-04,6,
4688,2334,15,Prospecção ativa,2024-11-07,Prospecção,10,33632.77,,,
4689,2334,15,Inbound site,2026-05-12,Prospecção,10,63189.01,,,
4690,2335,14,WhatsApp,2025-12-03,Proposta enviada,50,40576.98,,,
4691,2336,34,WhatsApp,2025-03-13,Qualificação,25,46832.40,,,
4692,2337,42,Feira de beleza,2025-02-25,Prospecção,10,36775.78,,,
4693,2337,42,Instagram,2025-06-21,Qualificação,25,81026.19,,,
4694,2338,12,Indicação,2025-11-17,Proposta enviada,50,28048.87,,,
4695,2339,15,Instagram,2025-08-18,Negociação,75,10540.04,,,
4696,2340,6,Inbound site,2026-05-16,Fechado ganho,100,63664.02,2026-07-07,52,
4697,2342,8,Prospecção ativa,2025-03-12,Proposta enviada,50,34079.71,,,
4698,2342,8,Prospecção ativa,2025-11-11,Proposta enviada,50,43861.79,,,
4699,2342,8,WhatsApp,2026-04-10,Fechado perdido,0,49104.24,2026-04-29,19,Sem contato
4700,2343,21,Instagram,2025-07-07,Negociação,75,21425.46,,,
4701,2344,28,Inbound site,2025-06-06,Fechado ganho,100,78946.86,2025-06-24,18,
4702,2344,28,Reativação,2025-05-21,Proposta enviada,50,5925.34,,,
4703,2344,28,Reativação,2025-02-26,Fechado ganho,100,30547.33,2025-04-06,39,
4704,2345,30,WhatsApp,2025-08-12,Fechado ganho,100,52705.74,2025-10-19,68,
4705,2346,13,Feira de beleza,2026-02-25,Fechado ganho,100,32104.12,2026-04-01,35,
4706,2346,13,Reativação,2025-08-04,Prospecção,10,56276.08,,,
4707,2346,13,Inbound site,2024-11-19,Negociação,75,11955.78,,,
4708,2347,5,Instagram,2024-10-21,Negociação,75,60669.17,,,
4709,2348,30,Instagram,2024-09-07,Fechado perdido,0,51074.54,2024-11-12,66,Fechou com concorrente
4710,2348,30,Feira de beleza,2026-04-05,Fechado ganho,100,34199.98,2026-05-10,35,
4711,2348,30,WhatsApp,2025-08-07,Fechado ganho,100,69141.48,2025-10-10,64,
4712,2348,30,Instagram,2026-01-13,Qualificação,25,94882.03,,,
4713,2348,30,Inbound site,2026-07-31,Negociação,75,63060.99,,,
4714,2348,30,Prospecção ativa,2024-10-28,Fechado ganho,100,47913.37,2025-01-11,75,
4715,2349,36,Reativação,2025-04-09,Fechado perdido,0,76707.95,2025-04-19,10,Prazo de entrega
4716,2350,32,Indicação,2026-05-16,Fechado ganho,100,162007.93,2026-06-06,21,
4717,2350,32,Feira de beleza,2025-09-05,Negociação,75,165265.20,,,
4718,2351,41,Reativação,2025-02-24,Negociação,75,20519.13,,,
4719,2352,42,Instagram,2026-08-28,Qualificação,25,63085.78,,,
4720,2352,42,WhatsApp,2025-02-02,Fechado ganho,100,4416.13,2025-02-27,25,
4721,2354,19,Inbound site,2026-03-20,Negociação,75,57904.83,,,
4722,2355,24,WhatsApp,2026-08-17,Negociação,75,48641.41,,,
4723,2355,24,Feira de beleza,2025-05-23,Negociação,75,90153.53,,,
4724,2355,24,WhatsApp,2025-07-23,Prospecção,10,3253.99,,,
4725,2356,3,Feira de beleza,2026-02-28,Proposta enviada,50,62485.77,,,
4726,2356,3,Reativação,2026-01-23,Fechado ganho,100,54788.74,2026-03-20,56,
4727,2356,3,Reativação,2025-09-11,Fechado perdido,0,58677.44,2025-11-20,70,Preço acima do concorrente
4728,2357,9,Indicação,2026-06-16,Fechado ganho,100,88934.69,2026-06-28,12,
4729,2358,7,Indicação,2025-04-24,Qualificação,25,128586.13,,,
4730,2359,22,WhatsApp,2026-04-01,Fechado perdido,0,133024.31,2026-06-07,67,Pediu exclusividade de marca
4731,2360,33,Instagram,2025-02-22,Fechado ganho,100,84977.47,2025-05-06,73,
4732,2361,14,Feira de beleza,2025-11-03,Fechado ganho,100,28623.83,2026-01-01,59,
4733,2361,14,Reativação,2025-11-22,Fechado perdido,0,45964.81,2026-01-19,58,Fechou com concorrente
4734,2362,34,Instagram,2025-07-21,Fechado ganho,100,91022.91,2025-09-26,67,
4735,2362,34,Feira de beleza,2025-01-15,Proposta enviada,50,22520.43,,,
4736,2362,34,Feira de beleza,2025-11-05,Fechado ganho,100,72977.13,2025-12-07,32,
4737,2362,34,Indicação,2026-05-15,Proposta enviada,50,50141.44,,,
4738,2362,34,Inbound site,2026-02-27,Fechado ganho,100,60044.37,2026-03-18,19,
4739,2362,34,Prospecção ativa,2026-07-04,Proposta enviada,50,57298.83,,,
4740,2364,30,Indicação,2025-04-10,Proposta enviada,50,80860.73,,,
4741,2364,30,Indicação,2025-10-18,Qualificação,25,57278.49,,,
4742,2364,30,Prospecção ativa,2025-12-20,Qualificação,25,37724.32,,,
4743,2364,30,Instagram,2025-01-03,Qualificação,25,81776.10,,,
4744,2365,42,WhatsApp,2026-02-22,Proposta enviada,50,63224.06,,,
4745,2365,41,Prospecção ativa,2024-09-10,Fechado ganho,100,32884.70,2024-10-03,23,
4746,2365,41,Feira de beleza,2025-09-09,Fechado ganho,100,38108.29,2025-11-20,72,
4747,2366,24,Inbound site,2026-08-10,Negociação,75,91055.10,,,
4748,2366,24,Feira de beleza,2026-04-18,Qualificação,25,115055.10,,,
4749,2367,10,Reativação,2025-01-01,Fechado perdido,0,35667.55,2025-03-08,66,Pediu exclusividade de marca
4750,2367,10,WhatsApp,2024-10-02,Qualificação,25,22460.41,,,
4751,2367,10,Prospecção ativa,2025-04-11,Proposta enviada,50,59003.29,,,
4752,2368,30,Feira de beleza,2026-06-18,Fechado ganho,100,27318.94,2026-07-28,40,
4753,2368,30,Inbound site,2026-06-06,Fechado ganho,100,26166.57,2026-07-31,55,
4754,2369,28,Reativação,2025-04-02,Fechado ganho,100,72924.37,2025-05-26,54,
4755,2369,28,Instagram,2025-11-09,Fechado perdido,0,55114.70,2025-12-30,51,Fechou com concorrente
4756,2370,16,Prospecção ativa,2025-02-18,Negociação,75,29403.28,,,
4757,2370,16,Inbound site,2025-04-09,Prospecção,10,48491.66,,,
4758,2370,16,Reativação,2026-03-30,Proposta enviada,50,36157.87,,,
4759,2371,11,Feira de beleza,2026-05-16,Fechado ganho,100,84001.24,2026-07-23,68,
4760,2371,20,Feira de beleza,2024-10-15,Fechado ganho,100,87541.37,2024-12-24,70,
4761,2371,11,Instagram,2025-07-13,Prospecção,10,51606.12,,,
4762,2372,36,WhatsApp,2024-11-30,Fechado ganho,100,88741.96,2025-02-06,68,
4763,2372,5,Reativação,2026-06-10,Negociação,75,28709.55,,,
4764,2372,36,Reativação,2025-04-11,Fechado ganho,100,48642.84,2025-05-23,42,
4765,2372,36,Feira de beleza,2025-04-05,Fechado ganho,100,76505.55,2025-05-19,44,
4766,2372,5,Instagram,2026-05-06,Fechado perdido,0,15466.31,2026-07-15,70,Fechou com concorrente
4767,2372,5,WhatsApp,2025-06-06,Fechado ganho,100,35172.95,2025-07-30,54,
4768,2373,13,Indicação,2024-09-12,Qualificação,25,15088.81,,,
4769,2374,20,WhatsApp,2025-07-20,Fechado perdido,0,65243.93,2025-07-25,5,Mix de fragrâncias não atende
4770,2375,20,Prospecção ativa,2026-01-10,Qualificação,25,89238.77,,,
4771,2375,20,Indicação,2026-03-12,Qualificação,25,50204.44,,,
4772,2377,1,Inbound site,2026-04-07,Fechado perdido,0,84341.99,2026-05-26,49,Mix de fragrâncias não atende
4773,2378,14,Prospecção ativa,2025-04-21,Qualificação,25,15962.77,,,
4774,2378,14,Indicação,2025-09-10,Negociação,75,87954.70,,,
4775,2379,18,Inbound site,2026-07-23,Qualificação,25,44013.22,,,
4776,2379,18,Indicação,2024-11-16,Fechado perdido,0,85752.47,2024-12-24,38,Sem verba no momento
4777,2379,18,Reativação,2026-05-01,Negociação,75,46088.09,,,
4778,2379,18,Inbound site,2025-05-01,Fechado ganho,100,30854.97,2025-06-25,55,
4779,2379,18,Indicação,2025-10-15,Qualificação,25,8225.88,,,
4780,2379,18,Instagram,2024-10-09,Fechado ganho,100,31510.65,2024-11-16,38,
4781,2380,12,Indicação,2025-05-15,Qualificação,25,58623.05,,,
4782,2381,32,WhatsApp,2025-08-30,Negociação,75,38187.34,,,
4783,2381,32,Feira de beleza,2026-02-09,Prospecção,10,93099.71,,,
4784,2382,39,Feira de beleza,2026-06-21,Qualificação,25,12909.84,,,
4785,2382,39,WhatsApp,2026-03-11,Proposta enviada,50,72739.29,,,
4786,2382,39,Indicação,2025-09-05,Fechado perdido,0,4817.33,2025-10-07,32,Sem contato
4787,2383,31,Prospecção ativa,2026-06-08,Qualificação,25,13963.36,,,
4788,2383,31,Reativação,2025-11-01,Fechado ganho,100,37617.61,2026-01-15,75,
4789,2384,12,Reativação,2025-08-11,Prospecção,10,37929.65,,,
4790,2385,29,Feira de beleza,2026-07-31,Proposta enviada,50,39130.64,,,
4791,2385,16,Instagram,2025-05-11,Prospecção,10,80382.10,,,
4792,2386,11,Indicação,2026-01-02,Fechado perdido,0,18837.55,2026-03-06,63,Já compra de outro importador
4793,2387,17,Indicação,2025-11-22,Qualificação,25,31156.62,,,
4794,2387,17,Reativação,2026-01-27,Proposta enviada,50,150812.59,,,
4795,2387,17,Indicação,2025-02-28,Proposta enviada,50,39922.90,,,
4796,2387,17,WhatsApp,2025-03-10,Fechado perdido,0,53552.52,2025-03-27,17,Sem contato
4797,2388,35,Instagram,2025-04-20,Fechado ganho,100,79445.28,2025-05-22,32,
4798,2388,35,Inbound site,2025-02-24,Fechado perdido,0,61993.49,2025-03-21,25,Prazo de entrega
4799,2389,17,Instagram,2026-04-26,Prospecção,10,86463.13,,,
4800,2389,17,WhatsApp,2026-07-21,Fechado perdido,0,37286.58,2026-08-07,17,Prazo de entrega
4801,2390,32,Reativação,2025-04-16,Fechado ganho,100,71425.19,2025-05-03,17,
4802,2390,32,Instagram,2026-06-12,Qualificação,25,49736.85,,,
4803,2390,32,Prospecção ativa,2026-02-24,Prospecção,10,87186.53,,,
4804,2390,32,Prospecção ativa,2025-08-28,Proposta enviada,50,92843.80,,,
4805,2391,10,Instagram,2026-08-13,Prospecção,10,32272.09,,,
4806,2392,10,Feira de beleza,2025-05-13,Negociação,75,22876.80,,,
4807,2392,10,Prospecção ativa,2025-10-06,Proposta enviada,50,64077.20,,,
4808,2393,24,Inbound site,2025-09-07,Negociação,75,68254.98,,,
4809,2393,24,Indicação,2025-02-25,Fechado ganho,100,43321.32,2025-03-05,8,
4810,2394,20,Inbound site,2026-02-11,Fechado perdido,0,80639.72,2026-02-19,8,Prazo de entrega
4811,2395,19,Prospecção ativa,2026-02-11,Qualificação,25,17548.04,,,
4812,2395,19,WhatsApp,2024-09-14,Proposta enviada,50,27464.26,,,
4813,2396,32,WhatsApp,2026-02-11,Qualificação,25,81197.38,,,
4814,2396,32,Feira de beleza,2026-04-22,Prospecção,10,30821.28,,,
4815,2397,25,Inbound site,2025-04-14,Qualificação,25,55173.09,,,
4816,2397,25,Prospecção ativa,2026-01-14,Negociação,75,58833.52,,,
4817,2398,39,WhatsApp,2024-10-26,Fechado perdido,0,15907.62,2024-12-02,37,Fechou com concorrente
4818,2400,41,Inbound site,2024-10-13,Qualificação,25,88499.44,,,
4819,2400,41,Indicação,2026-04-03,Proposta enviada,50,29047.68,,,
4820,2400,41,Indicação,2026-08-23,Fechado perdido,0,68478.84,2026-08-27,4,Pediu exclusividade de marca
4821,2401,37,Reativação,2025-10-22,Negociação,75,83886.38,,,
4822,2401,37,Instagram,2026-05-20,Fechado ganho,100,27491.46,2026-07-29,70,
4823,2403,2,Indicação,2025-06-23,Negociação,75,59142.07,,,
4824,2403,2,Feira de beleza,2025-11-13,Proposta enviada,50,40345.50,,,
4825,2403,2,Feira de beleza,2026-03-08,Negociação,75,48666.55,,,
4826,2403,2,Feira de beleza,2025-06-25,Prospecção,10,6248.44,,,
4827,2404,4,Prospecção ativa,2024-09-11,Qualificação,25,64239.77,,,
4828,2404,4,Prospecção ativa,2026-01-08,Fechado perdido,0,87820.59,2026-03-13,64,Prazo de entrega
4829,2404,4,Prospecção ativa,2025-02-11,Fechado ganho,100,39857.37,2025-02-14,3,
4830,2404,4,WhatsApp,2025-05-22,Proposta enviada,50,19246.27,,,
4831,2405,15,Indicação,2025-10-17,Fechado perdido,0,27230.98,2025-11-21,35,Fechou com concorrente
4832,2407,26,Indicação,2025-01-26,Proposta enviada,50,9399.03,,,
4833,2407,26,Feira de beleza,2024-10-25,Fechado perdido,0,7221.20,2024-12-26,62,Mix de fragrâncias não atende
4834,2408,7,WhatsApp,2025-02-12,Proposta enviada,50,37644.50,,,
4835,2408,7,Prospecção ativa,2025-11-21,Proposta enviada,50,20008.65,,,
4836,2408,7,Indicação,2024-09-21,Proposta enviada,50,44307.29,,,
4837,2408,7,Feira de beleza,2024-10-18,Fechado perdido,0,88769.95,2024-12-16,59,Prazo de entrega
4838,2408,7,Reativação,2026-01-16,Fechado ganho,100,81562.91,2026-03-29,72,
4839,2408,7,Feira de beleza,2026-05-14,Fechado perdido,0,69875.39,2026-05-26,12,Sem contato
4840,2409,17,Instagram,2026-04-29,Proposta enviada,50,88132.22,,,
4841,2409,17,Reativação,2026-02-27,Proposta enviada,50,134919.98,,,
4842,2410,18,Inbound site,2026-06-15,Proposta enviada,50,5279.62,,,
4843,2412,38,WhatsApp,2025-06-19,Qualificação,25,78215.50,,,
4844,2412,38,Indicação,2026-02-09,Fechado ganho,100,10374.59,2026-02-17,8,
4845,2413,26,Feira de beleza,2025-04-09,Qualificação,25,35120.66,,,
4846,2413,26,Inbound site,2025-12-31,Fechado ganho,100,60878.29,2026-01-10,10,
4847,2413,26,Reativação,2026-08-03,Prospecção,10,56141.71,,,
4848,2415,22,WhatsApp,2026-03-19,Qualificação,25,13840.03,,,
4849,2415,22,Prospecção ativa,2026-03-09,Prospecção,10,90443.54,,,
4850,2416,32,Inbound site,2026-04-11,Negociação,75,59241.57,,,
4851,2416,32,Prospecção ativa,2025-08-15,Qualificação,25,67083.96,,,
4852,2416,32,WhatsApp,2025-11-19,Fechado perdido,0,67276.55,2026-01-18,60,Sem verba no momento
4853,2416,32,Feira de beleza,2025-10-20,Fechado ganho,100,58115.00,2025-12-23,64,
4854,2417,28,WhatsApp,2025-02-02,Fechado perdido,0,75083.17,2025-02-14,12,Pediu exclusividade de marca
4855,2417,28,Prospecção ativa,2026-04-13,Qualificação,25,31177.14,,,
4856,2417,28,Indicação,2024-09-06,Fechado ganho,100,50834.23,2024-11-07,62,
4857,2418,18,Prospecção ativa,2026-01-07,Fechado ganho,100,65665.40,2026-03-20,72,
4858,2419,21,Prospecção ativa,2026-02-17,Fechado ganho,100,72804.44,2026-03-21,32,
4859,2419,4,Reativação,2026-05-21,Prospecção,10,67805.92,,,
4860,2419,4,Feira de beleza,2026-07-08,Qualificação,25,78788.48,,,
4861,2420,38,Feira de beleza,2026-01-18,Qualificação,25,45362.02,,,
4862,2420,38,Reativação,2026-08-16,Qualificação,25,9713.48,,,
4863,2422,15,Inbound site,2025-11-24,Qualificação,25,83886.33,,,
4864,2422,15,Prospecção ativa,2025-02-01,Proposta enviada,50,63417.72,,,
4865,2423,34,Feira de beleza,2026-02-24,Fechado ganho,100,77992.01,2026-04-06,41,
4866,2423,34,WhatsApp,2025-01-13,Fechado perdido,0,58757.52,2025-03-16,62,Já compra de outro importador
4867,2424,31,Reativação,2026-03-24,Qualificação,25,55171.40,,,
4868,2426,20,Prospecção ativa,2025-05-03,Negociação,75,116302.89,,,
4869,2427,20,WhatsApp,2025-04-03,Proposta enviada,50,64516.74,,,
4870,2428,38,Prospecção ativa,2025-09-18,Qualificação,25,21135.09,,,
4871,2428,38,Indicação,2026-01-11,Proposta enviada,50,85721.07,,,
4872,2428,38,Indicação,2025-09-28,Fechado ganho,100,60478.57,2025-11-14,47,
4873,2428,38,WhatsApp,2026-08-10,Qualificação,25,83159.33,,,
4874,2429,15,Reativação,2026-07-10,Prospecção,10,47725.11,,,
4875,2429,15,Indicação,2026-07-01,Negociação,75,70962.79,,,
4876,2430,3,WhatsApp,2025-05-12,Fechado ganho,100,91236.29,2025-05-29,17,
4877,2430,3,Prospecção ativa,2026-06-28,Proposta enviada,50,87596.40,,,
4878,2431,23,Inbound site,2026-02-07,Qualificação,25,16976.16,,,
4879,2432,19,Reativação,2025-10-28,Negociação,75,60282.26,,,
4880,2432,19,WhatsApp,2025-03-07,Prospecção,10,25627.21,,,
4881,2432,19,Indicação,2025-03-21,Proposta enviada,50,8124.33,,,
4882,2433,20,Reativação,2026-08-08,Fechado ganho,100,29451.44,2026-08-31,23,
4883,2434,8,Instagram,2024-11-19,Fechado perdido,0,74229.18,2024-12-05,16,Prazo de entrega
4884,2434,8,Instagram,2025-04-14,Proposta enviada,50,81913.80,,,
4885,2434,8,Instagram,2026-05-11,Fechado ganho,100,24873.14,2026-07-18,68,
4886,2434,8,Instagram,2025-04-22,Proposta enviada,50,46888.20,,,
4887,2436,22,Inbound site,2025-08-30,Negociação,75,25700.93,,,
4888,2437,36,Inbound site,2024-10-17,Proposta enviada,50,40108.05,,,
4889,2437,36,WhatsApp,2025-03-03,Proposta enviada,50,13957.01,,,
4890,2437,36,WhatsApp,2026-03-25,Negociação,75,56166.05,,,
4891,2438,25,Feira de beleza,2025-05-17,Qualificação,25,67261.10,,,
4892,2438,25,Feira de beleza,2026-05-05,Proposta enviada,50,45101.63,,,
4893,2438,25,Prospecção ativa,2025-09-08,Negociação,75,3721.22,,,
4894,2439,5,Instagram,2025-11-13,Fechado ganho,100,31469.12,2025-12-22,39,
4895,2439,5,Reativação,2025-02-14,Proposta enviada,50,70193.07,,,
4896,2439,5,Instagram,2024-12-09,Fechado perdido,0,50344.99,2024-12-20,11,Preço acima do concorrente
4897,2439,5,Indicação,2025-06-16,Proposta enviada,50,25354.04,,,
4898,2440,21,Feira de beleza,2024-12-31,Prospecção,10,4665.81,,,
4899,2440,21,Prospecção ativa,2024-09-21,Qualificação,25,74041.58,,,
4900,2443,34,WhatsApp,2026-04-25,Negociação,75,11599.52,,,
4901,2443,34,WhatsApp,2024-10-25,Proposta enviada,50,92975.67,,,
4902,2443,34,Inbound site,2025-02-16,Proposta enviada,50,31743.88,,,
4903,2444,39,Prospecção ativa,2026-01-31,Proposta enviada,50,16669.53,,,
4904,2445,24,Inbound site,2026-05-28,Fechado perdido,0,3327.65,2026-07-31,64,Prazo de entrega
4905,2447,2,Instagram,2025-03-30,Qualificação,25,10244.17,,,
4906,2447,2,Inbound site,2024-10-21,Fechado perdido,0,31688.55,2024-11-30,40,Sem contato
4907,2449,25,Feira de beleza,2026-06-09,Prospecção,10,87065.81,,,
4908,2449,25,Feira de beleza,2025-01-08,Qualificação,25,62605.30,,,
4909,2449,25,Instagram,2025-10-25,Fechado ganho,100,20242.42,2025-11-04,10,
4910,2449,25,Feira de beleza,2025-10-07,Fechado ganho,100,35463.46,2025-10-13,6,
4911,2451,1,Reativação,2025-04-20,Proposta enviada,50,41184.66,,,
4912,2451,1,Feira de beleza,2025-06-06,Qualificação,25,48910.30,,,
4913,2452,39,Feira de beleza,2025-10-29,Fechado ganho,100,82595.69,2025-11-08,10,
4914,2453,16,Inbound site,2025-01-04,Prospecção,10,41487.25,,,
4915,2453,16,WhatsApp,2025-07-07,Prospecção,10,64223.62,,,
4916,2453,16,Reativação,2025-05-13,Qualificação,25,87814.25,,,
4917,2453,16,Inbound site,2025-12-22,Fechado ganho,100,78906.19,2026-02-23,63,
4918,2455,39,Instagram,2025-05-13,Qualificação,25,21096.85,,,
4919,2456,33,Feira de beleza,2026-06-12,Prospecção,10,18011.85,,,
4920,2456,33,Inbound site,2026-04-23,Qualificação,25,73485.58,,,
4921,2456,33,Prospecção ativa,2026-03-12,Prospecção,10,22965.77,,,
4922,2458,24,Indicação,2026-05-24,Fechado perdido,0,6857.71,2026-06-17,24,Sem contato
4923,2459,21,Feira de beleza,2026-05-08,Prospecção,10,112395.04,,,
4924,2459,21,WhatsApp,2026-03-19,Fechado ganho,100,157379.82,2026-05-05,47,
4925,2460,41,Indicação,2025-11-17,Prospecção,10,49560.76,,,
4926,2460,41,Feira de beleza,2025-02-24,Fechado ganho,100,85199.35,2025-03-26,30,
4927,2462,32,Instagram,2026-04-18,Proposta enviada,50,70743.66,,,
4928,2462,32,Prospecção ativa,2024-12-26,Fechado ganho,100,76584.08,2025-03-04,68,
4929,2462,32,WhatsApp,2025-12-13,Proposta enviada,50,81046.91,,,
4930,2463,9,Prospecção ativa,2024-11-21,Prospecção,10,52784.85,,,
4931,2463,9,WhatsApp,2025-01-19,Fechado ganho,100,69555.58,2025-03-31,71,
4932,2463,3,Instagram,2025-07-27,Qualificação,25,57691.32,,,
4933,2463,3,Inbound site,2025-10-22,Fechado perdido,0,91139.42,2025-11-13,22,Mix de fragrâncias não atende
4934,2463,9,Instagram,2025-05-15,Negociação,75,63817.83,,,
4935,2463,3,Reativação,2025-08-15,Prospecção,10,29106.78,,,
4936,2464,7,Inbound site,2026-06-27,Proposta enviada,50,34383.38,,,
4937,2465,19,Inbound site,2026-06-26,Fechado ganho,100,23163.48,2026-08-15,50,
4938,2465,19,Indicação,2026-07-04,Qualificação,25,47880.75,,,
4939,2466,32,Reativação,2026-08-20,Prospecção,10,47063.15,,,
4940,2467,39,Inbound site,2025-02-23,Negociação,75,87350.80,,,
4941,2467,39,Reativação,2026-01-20,Negociação,75,9260.67,,,
4942,2468,31,Feira de beleza,2026-07-26,Negociação,75,70590.38,,,
4943,2468,31,WhatsApp,2025-04-28,Qualificação,25,30920.41,,,
4944,2469,12,Reativação,2026-03-10,Negociação,75,83315.93,,,
4945,2470,33,Indicação,2024-10-11,Proposta enviada,50,20270.16,,,
4946,2470,33,Prospecção ativa,2026-05-31,Qualificação,25,46849.13,,,
4947,2470,33,Inbound site,2024-11-10,Proposta enviada,50,31837.17,,,
4948,2471,41,Feira de beleza,2024-10-28,Fechado perdido,0,14989.49,2024-12-26,59,Sem verba no momento
4949,2473,22,Indicação,2025-02-13,Fechado perdido,0,4943.48,2025-03-02,17,Preço acima do concorrente
4950,2473,22,Inbound site,2026-03-30,Fechado ganho,100,66912.40,2026-04-21,22,
4951,2473,22,Feira de beleza,2025-09-09,Fechado ganho,100,26556.56,2025-11-23,75,
4952,2474,2,WhatsApp,2025-03-22,Prospecção,10,10567.53,,,
4953,2474,2,WhatsApp,2025-06-23,Fechado perdido,0,71386.22,2025-08-26,64,Pediu exclusividade de marca
4954,2474,2,Inbound site,2025-07-19,Fechado ganho,100,83970.42,2025-09-05,48,
4955,2474,2,WhatsApp,2024-12-04,Qualificação,25,27859.94,,,
4956,2475,21,Indicação,2024-11-25,Fechado ganho,100,13578.17,2025-01-16,52,
4957,2477,37,Inbound site,2025-04-20,Proposta enviada,50,50221.22,,,
4958,2477,37,Indicação,2026-01-05,Fechado ganho,100,36908.97,2026-01-14,9,
4959,2477,37,Indicação,2025-04-10,Qualificação,25,67291.57,,,
4960,2478,13,WhatsApp,2025-12-30,Qualificação,25,72287.52,,,
4961,2478,13,Feira de beleza,2026-04-15,Prospecção,10,21110.30,,,
4962,2479,11,Instagram,2026-01-31,Proposta enviada,50,78644.50,,,
4963,2479,11,Reativação,2026-06-23,Proposta enviada,50,62479.73,,,
4964,2479,11,Prospecção ativa,2026-05-14,Prospecção,10,25341.50,,,
4965,2480,6,Inbound site,2024-12-11,Qualificação,25,58462.64,,,
4966,2480,6,Reativação,2025-12-19,Qualificação,25,46195.92,,,
4967,2480,6,WhatsApp,2025-07-25,Fechado ganho,100,24262.39,2025-07-28,3,
4968,2480,6,Feira de beleza,2025-06-04,Qualificação,25,16067.42,,,
4969,2480,6,Instagram,2026-01-12,Negociação,75,88507.05,,,
4970,2480,6,Inbound site,2025-11-08,Prospecção,10,39883.31,,,
4971,2481,41,WhatsApp,2026-05-22,Fechado perdido,0,25097.34,2026-06-06,15,Sem contato
4972,2482,7,Indicação,2024-11-11,Fechado perdido,0,92752.83,2024-12-20,39,Pediu exclusividade de marca
4973,2482,7,Feira de beleza,2026-03-31,Proposta enviada,50,77943.42,,,
4974,2482,7,Reativação,2026-02-15,Qualificação,25,89010.18,,,
4975,2482,7,Prospecção ativa,2025-08-12,Fechado ganho,100,84217.39,2025-08-18,6,
4976,2483,3,WhatsApp,2026-08-18,Prospecção,10,17672.31,,,
4977,2483,3,WhatsApp,2025-07-25,Negociação,75,87429.05,,,
4978,2484,33,Instagram,2026-03-19,Proposta enviada,50,21681.54,,,
4979,2484,33,Prospecção ativa,2025-12-09,Qualificação,25,62333.77,,,
4980,2486,23,Reativação,2024-10-12,Prospecção,10,24958.54,,,
4981,2486,23,Indicação,2025-04-24,Proposta enviada,50,83267.85,,,
4982,2486,23,Indicação,2026-03-12,Fechado perdido,0,59850.43,2026-03-22,10,Sem verba no momento
4983,2486,23,Instagram,2026-07-20,Negociação,75,3100.45,,,
4984,2488,35,Instagram,2024-11-24,Fechado perdido,0,6264.88,2025-01-04,41,Preço acima do concorrente
4985,2488,35,Feira de beleza,2026-06-23,Fechado ganho,100,58943.33,2026-07-21,28,
4986,2489,13,Instagram,2025-03-05,Fechado perdido,0,77833.81,2025-04-11,37,Prazo de entrega
4987,2489,13,Prospecção ativa,2026-03-28,Qualificação,25,42310.06,,,
4988,2490,4,Reativação,2025-09-12,Prospecção,10,29043.16,,,
4989,2490,4,Prospecção ativa,2026-05-10,Fechado ganho,100,8466.49,2026-06-11,32,
4990,2490,4,Prospecção ativa,2024-09-01,Fechado perdido,0,14399.00,2024-09-07,6,Pediu exclusividade de marca
4991,2491,13,Feira de beleza,2024-11-04,Prospecção,10,26115.41,,,
4992,2493,1,WhatsApp,2026-05-26,Qualificação,25,82243.41,,,
4993,2494,17,Inbound site,2025-05-26,Negociação,75,88703.37,,,
4994,2494,17,WhatsApp,2024-12-14,Qualificação,25,42356.85,,,
4995,2494,17,Feira de beleza,2025-08-29,Negociação,75,36017.47,,,
4996,2495,26,Prospecção ativa,2024-10-06,Fechado ganho,100,47993.63,2024-11-06,31,
4997,2495,18,Inbound site,2026-05-08,Prospecção,10,25781.85,,,
4998,2495,26,Feira de beleza,2025-05-30,Fechado perdido,0,11865.81,2025-08-10,72,Já compra de outro importador
4999,2496,9,Prospecção ativa,2025-06-15,Negociação,75,89480.04,,,
5000,2496,9,WhatsApp,2025-07-06,Negociação,75,71271.06,,,
5001,2496,9,Inbound site,2026-07-20,Fechado ganho,100,77911.74,2026-07-27,7,
5002,2500,25,Prospecção ativa,2025-12-11,Prospecção,10,55714.12,,,
5003,2500,25,Prospecção ativa,2025-04-13,Fechado ganho,100,64194.59,2025-04-27,14,
5004,2502,27,Prospecção ativa,2025-10-12,Fechado ganho,100,50044.49,2025-11-03,22,
5005,2502,27,Prospecção ativa,2026-08-25,Prospecção,10,18564.10,,,
5006,2503,20,Instagram,2026-06-18,Fechado perdido,0,41533.58,2026-08-28,71,Sem contato
5007,2503,20,Instagram,2025-11-10,Fechado ganho,100,87508.63,2025-11-25,15,
5008,2503,20,Prospecção ativa,2026-04-30,Qualificação,25,85347.40,,,
5009,2503,20,Instagram,2024-10-11,Proposta enviada,50,30629.15,,,
5010,2503,20,Indicação,2026-01-03,Proposta enviada,50,73530.98,,,
5011,2503,20,Feira de beleza,2026-03-26,Proposta enviada,50,27618.62,,,
5012,2504,3,Instagram,2025-04-01,Negociação,75,84661.62,,,
5013,2504,3,Prospecção ativa,2026-02-11,Proposta enviada,50,72848.69,,,
5014,2505,5,Indicação,2026-08-15,Qualificação,25,84146.44,,,
5015,2505,5,WhatsApp,2026-02-28,Qualificação,25,56134.01,,,
5016,2506,15,Reativação,2026-07-17,Proposta enviada,50,23541.99,,,
5017,2507,21,Inbound site,2026-05-15,Qualificação,25,54924.13,,,
5018,2507,21,Reativação,2026-04-14,Fechado perdido,0,79513.90,2026-06-12,59,Mix de fragrâncias não atende
5019,2507,21,Inbound site,2025-10-21,Qualificação,25,48238.55,,,
5020,2508,2,Feira de beleza,2025-06-02,Fechado ganho,100,46403.14,2025-07-18,46,
5021,2509,2,Prospecção ativa,2025-10-10,Fechado perdido,0,66596.59,2025-10-17,7,Sem verba no momento
5022,2509,2,Instagram,2025-10-12,Negociação,75,29210.00,,,
5023,2511,28,Indicação,2025-06-18,Fechado perdido,0,32860.21,2025-06-21,3,Fechou com concorrente
5024,2512,3,Feira de beleza,2025-06-10,Proposta enviada,50,12710.38,,,
5025,2512,42,Instagram,2026-06-25,Proposta enviada,50,76684.62,,,
5026,2513,7,Inbound site,2025-09-03,Qualificação,25,37466.16,,,
5027,2513,7,WhatsApp,2025-01-31,Proposta enviada,50,36604.03,,,
5028,2513,7,Inbound site,2026-07-23,Proposta enviada,50,49864.42,,,
5029,2513,7,WhatsApp,2025-09-01,Fechado perdido,0,64329.94,2025-10-31,60,Sem contato
5030,2514,17,Inbound site,2025-01-24,Fechado perdido,0,36486.09,2025-02-06,13,Prazo de entrega
5031,2514,33,Indicação,2025-12-29,Fechado ganho,100,49297.55,2026-02-22,55,
5032,2514,17,Reativação,2025-09-25,Fechado ganho,100,93509.97,2025-09-30,5,
5033,2515,33,Reativação,2024-10-03,Fechado ganho,100,65301.60,2024-11-21,49,
5034,2515,33,Prospecção ativa,2025-04-03,Proposta enviada,50,71109.17,,,
5035,2518,9,Inbound site,2025-07-26,Prospecção,10,12469.09,,,
5036,2518,9,Indicação,2025-04-18,Proposta enviada,50,73551.05,,,
5037,2518,9,Feira de beleza,2026-04-20,Prospecção,10,4533.16,,,
5038,2519,2,Prospecção ativa,2025-07-05,Qualificação,25,92244.13,,,
5039,2520,8,Instagram,2024-12-15,Fechado ganho,100,56014.12,2025-01-16,32,
5040,2520,8,Inbound site,2024-10-11,Fechado ganho,100,48388.48,2024-11-29,49,
5041,2522,34,Reativação,2026-01-23,Proposta enviada,50,32767.61,,,
5042,2523,9,Feira de beleza,2026-06-06,Fechado ganho,100,47199.16,2026-06-20,14,
5043,2523,9,WhatsApp,2026-04-07,Qualificação,25,25630.15,,,
5044,2523,9,Indicação,2026-05-31,Prospecção,10,56612.99,,,
5045,2523,9,Reativação,2026-07-14,Prospecção,10,31585.64,,,
5046,2525,8,Instagram,2026-04-23,Proposta enviada,50,32421.86,,,
5047,2526,29,Feira de beleza,2025-10-21,Prospecção,10,33378.03,,,
5048,2526,29,Reativação,2024-11-11,Proposta enviada,50,54863.88,,,
5049,2527,26,Inbound site,2024-11-12,Proposta enviada,50,54951.62,,,
5050,2527,26,Feira de beleza,2025-07-30,Prospecção,10,92949.64,,,
5051,2527,26,Indicação,2025-04-03,Negociação,75,61036.97,,,
5052,2527,26,Prospecção ativa,2025-01-06,Fechado perdido,0,10692.91,2025-01-25,19,Fechou com concorrente
5053,2528,17,WhatsApp,2024-09-03,Qualificação,25,7285.29,,,
5054,2528,17,Reativação,2026-01-13,Proposta enviada,50,40318.89,,,
5055,2529,35,Feira de beleza,2026-07-17,Fechado ganho,100,28342.57,2026-07-20,3,
5056,2529,35,Instagram,2026-05-04,Negociação,75,70303.82,,,
5057,2529,35,WhatsApp,2026-07-17,Proposta enviada,50,67996.08,,,
5058,2529,35,Indicação,2026-07-11,Negociação,75,3766.10,,,
5059,2530,14,Inbound site,2026-04-04,Prospecção,10,57178.68,,,
5060,2531,8,Prospecção ativa,2025-03-09,Prospecção,10,35426.67,,,
5061,2531,8,Feira de beleza,2025-03-19,Fechado ganho,100,48557.02,2025-05-13,55,
5062,2531,8,Instagram,2026-02-02,Negociação,75,34518.64,,,
5063,2532,38,Indicação,2024-09-04,Proposta enviada,50,11490.01,,,
5064,2533,10,Prospecção ativa,2025-06-12,Negociação,75,63106.85,,,
5065,2534,14,Prospecção ativa,2025-06-08,Qualificação,25,20714.17,,,
5066,2534,14,Indicação,2026-03-21,Qualificação,25,61910.01,,,
5067,2535,24,Inbound site,2026-08-04,Proposta enviada,50,29668.75,,,
5068,2537,36,Prospecção ativa,2026-05-15,Fechado ganho,100,7600.38,2026-06-30,46,
5069,2537,36,Feira de beleza,2026-02-23,Fechado ganho,100,93027.24,2026-05-06,72,
5070,2539,32,Inbound site,2024-12-06,Fechado perdido,0,25433.67,2025-01-18,43,Preço acima do concorrente
5071,2539,32,Inbound site,2025-07-02,Fechado ganho,100,167329.84,2025-08-02,31,
5072,2540,19,Prospecção ativa,2026-08-05,Negociação,75,34153.37,,,
5073,2540,19,Reativação,2026-08-11,Fechado ganho,100,112495.41,2026-08-20,9,
5074,2540,19,WhatsApp,2026-06-10,Qualificação,25,69214.53,,,
5075,2541,29,WhatsApp,2026-06-29,Proposta enviada,50,40503.09,,,
5076,2541,29,Inbound site,2025-01-07,Fechado perdido,0,88453.06,2025-01-12,5,Pediu exclusividade de marca
5077,2541,29,Reativação,2025-03-30,Fechado perdido,0,29896.34,2025-04-18,19,Pediu exclusividade de marca
5078,2541,29,Feira de beleza,2024-12-28,Fechado ganho,100,47043.84,2025-02-13,47,
5079,2542,38,Indicação,2025-12-26,Proposta enviada,50,35814.63,,,
5080,2543,40,Inbound site,2026-04-20,Prospecção,10,31240.23,,,
5081,2543,40,Prospecção ativa,2026-02-17,Prospecção,10,93944.33,,,
5082,2544,27,Reativação,2026-01-15,Fechado ganho,100,15241.81,2026-03-27,71,
5083,2544,27,Indicação,2026-06-13,Negociação,75,45977.38,,,
5084,2544,27,Prospecção ativa,2025-06-24,Fechado perdido,0,8357.36,2025-08-01,38,Mix de fragrâncias não atende
5085,2545,17,Inbound site,2026-07-18,Prospecção,10,14926.92,,,
5086,2545,17,Instagram,2026-06-06,Prospecção,10,58789.47,,,
5087,2545,17,Feira de beleza,2026-05-08,Prospecção,10,10819.79,,,
5088,2546,26,Inbound site,2026-02-15,Fechado ganho,100,7822.56,2026-03-08,21,
5089,2547,14,Prospecção ativa,2026-02-23,Fechado perdido,0,29203.80,2026-03-09,14,Mix de fragrâncias não atende
5090,2548,6,WhatsApp,2025-12-03,Fechado perdido,0,64583.65,2026-01-17,45,Já compra de outro importador
5091,2550,29,Prospecção ativa,2025-11-29,Prospecção,10,82417.87,,,
5092,2550,29,Reativação,2026-04-10,Prospecção,10,62649.49,,,
5093,2550,29,Instagram,2025-06-08,Fechado ganho,100,75498.00,2025-08-01,54,
5094,2551,42,WhatsApp,2024-10-26,Qualificação,25,86981.36,,,
5095,2553,10,WhatsApp,2026-07-28,Negociação,75,93843.43,,,
5096,2553,10,WhatsApp,2025-06-20,Fechado ganho,100,70580.92,2025-06-30,10,
5097,2554,34,Instagram,2025-08-17,Fechado ganho,100,62393.11,2025-08-22,5,
5098,2555,33,Inbound site,2026-08-06,Qualificação,25,83061.66,,,
5099,2555,33,Indicação,2026-02-15,Fechado ganho,100,67205.14,2026-04-30,74,
5100,2555,33,WhatsApp,2026-02-19,Fechado ganho,100,33054.19,2026-03-05,14,
5101,2555,33,Feira de beleza,2026-08-10,Negociação,75,57173.08,,,
5102,2555,33,Reativação,2026-03-28,Fechado perdido,0,39602.45,2026-04-01,4,Já compra de outro importador
5103,2555,33,Feira de beleza,2026-02-07,Negociação,75,77461.65,,,
5104,2557,12,Indicação,2025-07-23,Qualificação,25,31324.90,,,
5105,2557,12,Indicação,2025-02-16,Prospecção,10,92320.49,,,
5106,2557,12,Instagram,2025-03-25,Proposta enviada,50,44732.61,,,
5107,2557,12,WhatsApp,2026-03-28,Fechado ganho,100,36019.77,2026-04-28,31,
5108,2558,28,Feira de beleza,2025-12-22,Fechado ganho,100,125783.57,2026-02-02,42,
5109,2559,29,Reativação,2026-05-17,Fechado ganho,100,89468.85,2026-06-29,43,
5110,2559,29,Feira de beleza,2026-03-25,Prospecção,10,86505.28,,,
5111,2560,19,Instagram,2026-03-31,Prospecção,10,87273.03,,,
5112,2560,19,Instagram,2025-07-12,Fechado ganho,100,24986.26,2025-09-22,72,
5113,2561,19,Inbound site,2026-02-27,Negociação,75,27985.91,,,
5114,2561,19,Inbound site,2026-06-10,Fechado ganho,100,39657.66,2026-07-11,31,
5115,2561,19,Feira de beleza,2025-05-01,Fechado perdido,0,52916.21,2025-06-20,50,Prazo de entrega
5116,2562,18,Instagram,2026-08-15,Prospecção,10,72226.20,,,
5117,2562,18,Feira de beleza,2026-03-07,Qualificação,25,79135.51,,,
5118,2562,20,Feira de beleza,2024-09-28,Proposta enviada,50,72520.62,,,
5119,2563,8,Feira de beleza,2026-01-24,Fechado ganho,100,7173.19,2026-03-27,62,
5120,2564,35,Instagram,2025-12-29,Proposta enviada,50,89919.30,,,
5121,2564,8,Inbound site,2026-07-19,Fechado ganho,100,51980.90,2026-08-28,40,
5122,2564,35,Feira de beleza,2025-12-19,Negociação,75,21761.59,,,
5123,2564,35,Prospecção ativa,2026-01-06,Qualificação,25,66078.56,,,
5124,2565,30,Inbound site,2026-04-28,Qualificação,25,30248.81,,,
5125,2565,30,WhatsApp,2025-09-28,Fechado ganho,100,25840.06,2025-12-12,75,
5126,2565,30,WhatsApp,2025-10-28,Proposta enviada,50,58626.80,,,
5127,2566,12,Inbound site,2025-05-25,Negociação,75,7401.47,,,
5128,2566,12,Feira de beleza,2025-05-22,Negociação,75,27956.02,,,
5129,2566,12,Feira de beleza,2025-04-11,Fechado ganho,100,56427.72,2025-04-15,4,
5130,2568,22,Inbound site,2026-06-20,Qualificação,25,17789.98,,,
5131,2568,22,Feira de beleza,2025-12-26,Qualificação,25,63049.78,,,
5132,2570,11,Reativação,2025-07-11,Qualificação,25,24084.29,,,
5133,2570,11,Instagram,2025-05-01,Qualificação,25,59386.74,,,
5134,2570,11,WhatsApp,2026-08-04,Negociação,75,12537.25,,,
5135,2571,19,Instagram,2025-08-05,Proposta enviada,50,71572.47,,,
5136,2573,12,Reativação,2025-07-02,Negociação,75,21003.99,,,
5137,2574,10,Instagram,2026-01-05,Proposta enviada,50,3234.46,,,
5138,2575,22,Instagram,2025-11-16,Fechado perdido,0,75680.46,2026-01-12,57,Fechou com concorrente
5139,2575,22,Indicação,2024-10-04,Proposta enviada,50,83656.39,,,
5140,2576,41,Inbound site,2025-03-20,Fechado ganho,100,134454.97,2025-04-03,14,
5141,2577,1,Instagram,2026-03-12,Proposta enviada,50,121319.20,,,
5142,2577,1,Prospecção ativa,2025-06-16,Prospecção,10,127991.87,,,
5143,2577,1,Indicação,2025-09-21,Negociação,75,51441.25,,,
5144,2577,1,Inbound site,2026-02-24,Prospecção,10,40679.80,,,
5145,2577,1,Feira de beleza,2024-10-01,Prospecção,10,60876.08,,,
5146,2577,1,Indicação,2025-09-25,Fechado ganho,100,26125.95,2025-10-02,7,
5147,2578,42,Inbound site,2025-02-23,Fechado ganho,100,87768.64,2025-03-29,34,
5148,2578,7,WhatsApp,2026-05-27,Prospecção,10,58444.70,,,
5149,2579,16,Indicação,2026-06-25,Fechado ganho,100,110492.03,2026-08-16,52,
5150,2579,16,Instagram,2025-01-07,Qualificação,25,107078.74,,,
5151,2579,16,Inbound site,2025-02-02,Fechado perdido,0,110809.79,2025-02-13,11,Já compra de outro importador
5152,2579,16,Indicação,2025-05-03,Prospecção,10,90872.43,,,
5153,2580,30,Prospecção ativa,2025-07-24,Qualificação,25,51400.36,,,
5154,2580,30,WhatsApp,2024-11-19,Proposta enviada,50,78206.26,,,
5155,2580,30,Inbound site,2026-07-06,Prospecção,10,79339.02,,,
5156,2580,30,Prospecção ativa,2025-02-03,Prospecção,10,55929.73,,,
5157,2580,30,Feira de beleza,2025-12-24,Fechado perdido,0,94664.50,2026-02-19,57,Sem verba no momento
5158,2580,30,Reativação,2026-01-29,Fechado ganho,100,85545.66,2026-03-14,44,
5159,2582,34,Feira de beleza,2026-02-16,Fechado ganho,100,15718.76,2026-04-01,44,
5160,2582,34,Inbound site,2025-01-29,Fechado ganho,100,72794.94,2025-03-22,52,
5161,2582,34,Feira de beleza,2026-02-24,Fechado perdido,0,2916.71,2026-03-30,34,Pediu exclusividade de marca
5162,2583,35,Indicação,2026-03-30,Qualificação,25,81483.44,,,
5163,2583,35,Reativação,2025-11-20,Fechado ganho,100,15820.91,2026-01-29,70,
5164,2583,35,Indicação,2024-12-05,Fechado perdido,0,82396.49,2024-12-19,14,Fechou com concorrente
5165,2583,35,Instagram,2025-02-01,Fechado perdido,0,75387.50,2025-03-26,53,Sem contato
5166,2584,10,Inbound site,2026-02-05,Fechado perdido,0,14299.07,2026-03-04,27,Sem contato
5167,2584,10,WhatsApp,2025-01-14,Fechado ganho,100,48533.51,2025-03-04,49,
5168,2585,21,WhatsApp,2025-12-08,Negociação,75,30988.22,,,
5169,2586,1,Feira de beleza,2025-01-18,Proposta enviada,50,107692.51,,,
5170,2586,10,Inbound site,2025-05-07,Prospecção,10,125746.24,,,
5171,2586,10,Reativação,2025-06-07,Qualificação,25,112018.31,,,
5172,2586,1,Instagram,2025-01-22,Negociação,75,14667.53,,,
5173,2587,31,Inbound site,2025-11-14,Fechado perdido,0,43414.23,2025-12-12,28,Já compra de outro importador
5174,2588,39,Instagram,2025-08-27,Fechado ganho,100,85097.94,2025-10-12,46,
5175,2588,39,Instagram,2025-05-12,Qualificação,25,42373.75,,,
5176,2588,39,Feira de beleza,2024-11-12,Fechado perdido,0,21967.64,2025-01-02,51,Já compra de outro importador
5177,2588,39,Indicação,2026-05-27,Prospecção,10,20736.01,,,
5178,2589,22,Reativação,2025-01-25,Fechado ganho,100,9156.21,2025-02-23,29,
5179,2589,22,Indicação,2025-01-19,Prospecção,10,86329.15,,,
5180,2590,37,Instagram,2026-07-31,Negociação,75,9224.61,,,
5181,2590,37,Feira de beleza,2026-03-21,Negociação,75,36360.72,,,
5182,2590,37,Instagram,2025-09-07,Prospecção,10,83108.00,,,
5183,2591,21,Feira de beleza,2026-08-12,Negociação,75,15433.63,,,
5184,2591,21,WhatsApp,2026-05-01,Negociação,75,74916.12,,,
5185,2591,21,WhatsApp,2026-08-27,Prospecção,10,33950.37,,,
5186,2593,31,Reativação,2025-04-02,Fechado ganho,100,60100.65,2025-05-26,54,
5187,2593,31,Instagram,2024-10-19,Fechado perdido,0,53525.85,2024-12-03,45,Prazo de entrega
5188,2593,31,Prospecção ativa,2026-06-09,Fechado perdido,0,83217.05,2026-06-23,14,Já compra de outro importador
5189,2594,36,Indicação,2026-01-31,Prospecção,10,66649.90,,,
5190,2594,36,WhatsApp,2026-06-07,Prospecção,10,8667.77,,,
5191,2595,1,Instagram,2026-05-26,Proposta enviada,50,48173.73,,,
5192,2596,21,Instagram,2026-01-03,Prospecção,10,10754.27,,,
5193,2597,14,Indicação,2026-03-08,Prospecção,10,31834.04,,,
5194,2598,16,Reativação,2024-09-12,Qualificação,25,46079.87,,,
5195,2598,16,Prospecção ativa,2025-08-07,Qualificação,25,65052.60,,,
5196,2598,16,Instagram,2025-06-11,Fechado ganho,100,68617.35,2025-06-24,13,
5197,2599,25,Prospecção ativa,2024-11-19,Qualificação,25,44947.30,,,
5198,2599,25,Inbound site,2026-06-18,Fechado perdido,0,16778.57,2026-07-25,37,Sem verba no momento
5199,2600,2,Feira de beleza,2024-12-20,Prospecção,10,23205.13,,,
5200,2600,20,Inbound site,2025-10-18,Qualificação,25,74797.49,,,
5201,2600,20,Reativação,2026-01-21,Negociação,75,86323.21,,,
5202,2600,20,Instagram,2025-08-14,Negociação,75,69723.11,,,
5203,2600,20,Feira de beleza,2025-05-12,Fechado perdido,0,13309.43,2025-07-13,62,Mix de fragrâncias não atende
5204,2600,20,Indicação,2025-09-04,Fechado ganho,100,85405.69,2025-10-22,48,
5205,2601,37,Inbound site,2025-12-22,Prospecção,10,89152.27,,,
5206,2602,30,Feira de beleza,2026-07-29,Negociação,75,15352.48,,,
5207,2602,30,Indicação,2024-10-20,Proposta enviada,50,32043.54,,,
5208,2603,13,Inbound site,2025-05-04,Negociação,75,46118.34,,,
5209,2605,23,Instagram,2025-08-11,Fechado ganho,100,94198.49,2025-10-06,56,
5210,2605,23,WhatsApp,2026-01-23,Fechado perdido,0,93713.40,2026-03-13,49,Fechou com concorrente
5211,2605,23,WhatsApp,2025-06-17,Fechado ganho,100,87860.63,2025-06-21,4,
5212,2606,38,Indicação,2026-02-25,Fechado perdido,0,38794.07,2026-03-27,30,Pediu exclusividade de marca
5213,2606,38,WhatsApp,2025-12-05,Fechado perdido,0,12815.08,2025-12-31,26,Sem verba no momento
5214,2606,38,WhatsApp,2025-06-29,Qualificação,25,20261.93,,,
5215,2607,35,Inbound site,2025-08-09,Fechado ganho,100,98246.53,2025-09-19,41,
5216,2607,35,Indicação,2025-04-07,Proposta enviada,50,11734.73,,,
5217,2608,38,Indicação,2025-04-20,Prospecção,10,33869.92,,,
5218,2608,38,WhatsApp,2024-10-06,Qualificação,25,70627.97,,,
5219,2608,38,Instagram,2025-01-14,Fechado ganho,100,81761.38,2025-03-28,73,
5220,2609,33,Instagram,2026-05-06,Fechado ganho,100,11588.24,2026-06-14,39,
5221,2610,33,WhatsApp,2026-07-19,Proposta enviada,50,69762.51,,,
5222,2610,33,Indicação,2025-09-27,Proposta enviada,50,13457.49,,,
5223,2611,40,Prospecção ativa,2024-10-27,Fechado ganho,100,21425.61,2024-12-11,45,
5224,2611,40,Instagram,2025-09-11,Fechado ganho,100,11279.89,2025-10-01,20,
5225,2611,13,Indicação,2026-06-29,Proposta enviada,50,78285.12,,,
5226,2611,13,Feira de beleza,2026-06-10,Qualificação,25,74455.02,,,
5227,2614,6,Reativação,2025-12-22,Negociação,75,14012.76,,,
5228,2614,6,Inbound site,2025-05-04,Prospecção,10,71187.82,,,
5229,2614,6,Prospecção ativa,2025-03-23,Fechado ganho,100,86828.71,2025-05-21,59,
5230,2616,12,Instagram,2025-08-18,Negociação,75,22248.53,,,
5231,2617,39,WhatsApp,2026-05-08,Fechado ganho,100,11443.59,2026-05-31,23,
5232,2618,30,Prospecção ativa,2025-11-10,Qualificação,25,41136.89,,,
5233,2618,30,Feira de beleza,2025-11-05,Fechado ganho,100,29361.76,2025-11-18,13,
5234,2619,5,Inbound site,2025-05-10,Fechado perdido,0,38380.80,2025-07-17,68,Preço acima do concorrente
5235,2620,8,Indicação,2025-02-16,Proposta enviada,50,31332.77,,,
5236,2620,8,Reativação,2025-08-19,Prospecção,10,61363.30,,,
5237,2620,8,Feira de beleza,2026-07-24,Qualificação,25,72485.87,,,
5238,2621,25,Prospecção ativa,2025-01-15,Prospecção,10,15797.34,,,
5239,2622,23,Indicação,2026-03-28,Negociação,75,45388.32,,,
5240,2622,23,Prospecção ativa,2025-12-08,Prospecção,10,169074.59,,,
5241,2623,20,Instagram,2025-01-12,Fechado ganho,100,66847.86,2025-01-23,11,
5242,2624,5,Inbound site,2026-05-23,Fechado ganho,100,39523.20,2026-06-23,31,
5243,2624,5,Inbound site,2024-12-13,Qualificação,25,53278.29,,,
5244,2624,5,Inbound site,2026-02-19,Qualificação,25,48718.30,,,
5245,2624,5,Indicação,2025-04-27,Prospecção,10,75021.98,,,
5246,2626,35,Reativação,2025-10-26,Fechado ganho,100,80036.32,2026-01-09,75,
5247,2627,22,Feira de beleza,2026-07-12,Negociação,75,39753.00,,,
5248,2627,22,Feira de beleza,2026-08-26,Negociação,75,75761.16,,,
5249,2627,22,Reativação,2026-01-23,Fechado perdido,0,36924.80,2026-01-31,8,Preço acima do concorrente
5250,2627,22,Instagram,2026-01-25,Fechado ganho,100,94749.06,2026-03-02,36,
5251,2628,16,Indicação,2026-07-19,Qualificação,25,27019.68,,,
5252,2628,16,Feira de beleza,2026-01-25,Fechado perdido,0,43793.30,2026-04-07,72,Preço acima do concorrente
5253,2628,16,WhatsApp,2025-10-21,Prospecção,10,59629.51,,,
5254,2628,16,Inbound site,2025-12-24,Proposta enviada,50,23115.52,,,
5255,2628,16,Indicação,2026-05-18,Qualificação,25,26650.89,,,
5256,2628,16,Inbound site,2025-09-19,Fechado perdido,0,66158.77,2025-11-28,70,Sem verba no momento
5257,2629,28,Feira de beleza,2024-12-10,Qualificação,25,114636.12,,,
5258,2629,8,Inbound site,2026-07-01,Qualificação,25,164990.10,,,
5259,2630,28,Indicação,2026-06-17,Negociação,75,77606.34,,,
5260,2630,28,WhatsApp,2025-03-07,Proposta enviada,50,60197.61,,,
5261,2631,29,Prospecção ativa,2026-03-12,Proposta enviada,50,81151.17,,,
5262,2631,29,Instagram,2025-12-13,Fechado perdido,0,48176.78,2026-02-10,59,Pediu exclusividade de marca
5263,2631,42,WhatsApp,2025-02-05,Negociação,75,36717.63,,,
5264,2631,42,Prospecção ativa,2025-04-23,Proposta enviada,50,41418.00,,,
5265,2631,42,Inbound site,2025-03-26,Proposta enviada,50,9903.05,,,
5266,2631,29,Prospecção ativa,2025-11-16,Prospecção,10,79001.84,,,
5267,2632,15,Feira de beleza,2024-09-17,Fechado ganho,100,8157.92,2024-11-21,65,
5268,2633,4,Instagram,2025-05-10,Proposta enviada,50,19252.16,,,
5269,2633,4,Prospecção ativa,2025-02-23,Qualificação,25,31082.24,,,
5270,2633,4,Instagram,2024-12-23,Qualificação,25,19271.03,,,
5271,2634,24,Prospecção ativa,2024-09-03,Proposta enviada,50,84988.45,,,
5272,2636,40,Inbound site,2026-07-02,Proposta enviada,50,60720.12,,,
5273,2638,16,WhatsApp,2025-03-07,Fechado perdido,0,4918.32,2025-03-15,8,Já compra de outro importador
5274,2638,16,Reativação,2026-06-06,Fechado ganho,100,87733.06,2026-06-25,19,
5275,2638,16,Reativação,2025-06-06,Fechado perdido,0,61493.62,2025-06-19,13,Pediu exclusividade de marca
5276,2638,16,Prospecção ativa,2025-10-11,Fechado ganho,100,91697.25,2025-12-04,54,
5277,2640,22,Inbound site,2024-11-16,Fechado ganho,100,58646.04,2024-12-22,36,
5278,2640,22,WhatsApp,2024-10-23,Proposta enviada,50,53167.15,,,
5279,2640,22,WhatsApp,2026-05-12,Qualificação,25,47498.62,,,
5280,2641,21,Indicação,2026-02-14,Proposta enviada,50,30142.67,,,
5281,2641,21,WhatsApp,2024-09-11,Qualificação,25,21749.05,,,
5282,2641,21,Reativação,2025-05-26,Qualificação,25,48870.62,,,
5283,2641,21,WhatsApp,2024-12-23,Fechado perdido,0,7844.11,2025-03-03,70,Sem contato
5284,2641,21,Feira de beleza,2026-05-29,Proposta enviada,50,7566.49,,,
5285,2641,21,Instagram,2025-06-26,Prospecção,10,61737.41,,,
5286,2644,32,WhatsApp,2026-04-05,Qualificação,25,5194.78,,,
5287,2644,32,Inbound site,2025-06-22,Negociação,75,73447.78,,,
5288,2644,32,Feira de beleza,2026-01-02,Fechado ganho,100,56373.43,2026-01-24,22,
5289,2644,32,Inbound site,2024-11-15,Fechado perdido,0,59296.38,2025-01-29,75,Mix de fragrâncias não atende
5290,2646,7,Prospecção ativa,2025-03-07,Fechado ganho,100,58104.85,2025-04-14,38,
5291,2646,7,WhatsApp,2025-03-31,Fechado ganho,100,48570.14,2025-05-26,56,
5292,2646,7,Feira de beleza,2025-04-27,Qualificação,25,72873.55,,,
5293,2646,7,WhatsApp,2025-09-18,Fechado ganho,100,51772.43,2025-11-25,68,
5294,2646,7,Feira de beleza,2024-09-12,Proposta enviada,50,76050.17,,,
5295,2646,7,Indicação,2025-10-09,Qualificação,25,86001.47,,,
5296,2648,30,WhatsApp,2026-06-12,Qualificação,25,14552.83,,,
5297,2649,36,Indicação,2026-06-20,Negociação,75,56697.35,,,
5298,2649,36,Inbound site,2026-05-31,Fechado ganho,100,57372.63,2026-07-20,50,
5299,2649,36,Feira de beleza,2026-07-25,Proposta enviada,50,41762.50,,,
5300,2650,32,Indicação,2025-03-01,Fechado ganho,100,69971.63,2025-04-19,49,
5301,2650,32,Indicação,2026-02-16,Negociação,75,6110.06,,,
5302,2651,35,Indicação,2025-01-10,Fechado ganho,100,31649.87,2025-02-14,35,
5303,2652,33,Prospecção ativa,2026-07-27,Negociação,75,69581.18,,,
5304,2652,33,Feira de beleza,2024-09-07,Negociação,75,41579.69,,,
5305,2652,33,Indicação,2025-06-03,Qualificação,25,14161.78,,,
5306,2653,25,WhatsApp,2026-02-06,Prospecção,10,76768.72,,,
5307,2653,25,Indicação,2026-05-27,Fechado ganho,100,53649.93,2026-07-03,37,
5308,2653,25,Instagram,2026-01-26,Proposta enviada,50,70446.20,,,
5309,2653,25,WhatsApp,2026-04-24,Proposta enviada,50,17557.88,,,
5310,2654,4,Inbound site,2024-09-26,Prospecção,10,14272.06,,,
5311,2655,14,Feira de beleza,2026-02-22,Prospecção,10,46283.40,,,
5312,2655,14,Feira de beleza,2025-07-29,Proposta enviada,50,121763.72,,,
5313,2655,14,Feira de beleza,2026-05-06,Prospecção,10,4648.93,,,
5314,2657,33,Indicação,2024-11-16,Negociação,75,115747.75,,,
5315,2658,15,Instagram,2026-03-01,Fechado perdido,0,47904.48,2026-03-08,7,Mix de fragrâncias não atende
5316,2658,15,Indicação,2024-11-09,Fechado ganho,100,66141.62,2025-01-17,69,
5317,2658,15,Prospecção ativa,2025-07-06,Fechado perdido,0,72968.41,2025-09-04,60,Sem contato
5318,2658,15,Prospecção ativa,2025-07-01,Fechado ganho,100,93202.31,2025-07-09,8,
5319,2659,11,Feira de beleza,2025-05-22,Fechado ganho,100,54311.19,2025-06-11,20,
5320,2659,11,Prospecção ativa,2025-07-15,Negociação,75,77805.88,,,
5321,2660,40,Feira de beleza,2026-05-05,Proposta enviada,50,42250.78,,,
5322,2660,40,Feira de beleza,2026-05-10,Proposta enviada,50,42352.89,,,
5323,2660,40,Reativação,2026-06-08,Qualificação,25,12722.58,,,
5324,2661,8,Reativação,2026-01-16,Qualificação,25,21251.51,,,
5325,2662,14,Prospecção ativa,2026-04-11,Fechado ganho,100,49399.94,2026-04-15,4,
5326,2662,14,WhatsApp,2026-06-09,Proposta enviada,50,82567.14,,,
5327,2663,14,Inbound site,2024-12-09,Prospecção,10,62479.97,,,
5328,2664,22,Indicação,2025-12-19,Negociação,75,88085.60,,,
5329,2664,22,Indicação,2025-02-21,Prospecção,10,17847.69,,,
5330,2666,12,Feira de beleza,2026-02-22,Prospecção,10,60355.08,,,
5331,2666,12,Instagram,2025-03-13,Fechado ganho,100,130022.87,2025-05-26,74,
5332,2666,12,Prospecção ativa,2025-10-22,Qualificação,25,134668.40,,,
5333,2667,15,Indicação,2025-11-20,Negociação,75,35157.16,,,
5334,2667,15,Inbound site,2026-08-04,Fechado ganho,100,71066.39,2026-08-09,5,
5335,2667,15,Prospecção ativa,2026-03-05,Fechado ganho,100,29636.23,2026-03-15,10,
5336,2668,22,Prospecção ativa,2026-05-23,Prospecção,10,92108.41,,,
5337,2668,22,Inbound site,2026-06-04,Qualificação,25,69709.72,,,
5338,2668,22,Instagram,2025-11-04,Fechado perdido,0,30512.66,2025-12-07,33,Sem contato
5339,2668,22,WhatsApp,2026-03-25,Proposta enviada,50,7810.42,,,
5340,2668,22,Inbound site,2026-01-05,Qualificação,25,68537.86,,,
5341,2668,22,Prospecção ativa,2025-12-31,Proposta enviada,50,13461.89,,,
5342,2670,23,Indicação,2024-12-25,Prospecção,10,73578.74,,,
5343,2670,23,Inbound site,2025-11-25,Prospecção,10,86061.71,,,
5344,2671,35,Feira de beleza,2024-12-28,Proposta enviada,50,10392.46,,,
5345,2671,35,Feira de beleza,2025-10-27,Fechado ganho,100,24937.54,2025-11-06,10,
5346,2672,22,Feira de beleza,2025-11-06,Fechado ganho,100,12976.37,2025-12-03,27,
5347,2673,31,Instagram,2024-12-13,Negociação,75,91017.26,,,
5348,2673,31,WhatsApp,2025-07-26,Qualificação,25,52104.28,,,
5349,2673,31,Reativação,2025-07-25,Prospecção,10,52582.75,,,
5350,2673,31,Feira de beleza,2026-06-29,Proposta enviada,50,4699.72,,,
5351,2675,7,Inbound site,2025-06-14,Qualificação,25,91730.74,,,
5352,2675,7,Feira de beleza,2024-12-10,Fechado perdido,0,17516.47,2025-02-12,64,Mix de fragrâncias não atende
5353,2675,38,Prospecção ativa,2026-07-24,Negociação,75,86039.00,,,
5354,2676,8,Indicação,2026-04-16,Qualificação,25,88275.11,,,
5355,2676,8,Indicação,2025-06-12,Negociação,75,55618.92,,,
5356,2677,33,Inbound site,2026-03-20,Fechado ganho,100,72924.03,2026-04-28,39,
5357,2678,34,Reativação,2026-08-16,Proposta enviada,50,80499.95,,,
5358,2678,34,Indicação,2025-07-08,Fechado perdido,0,75744.70,2025-08-01,24,Prazo de entrega
5359,2678,34,Feira de beleza,2024-12-11,Fechado perdido,0,53509.70,2025-01-05,25,Prazo de entrega
5360,2679,15,Indicação,2025-12-10,Qualificação,25,8623.40,,,
5361,2682,7,Indicação,2026-05-02,Fechado perdido,0,70273.78,2026-06-13,42,Sem verba no momento
5362,2682,7,WhatsApp,2025-09-17,Proposta enviada,50,76732.02,,,
5363,2683,15,Prospecção ativa,2025-12-13,Prospecção,10,53917.56,,,
5364,2686,18,Instagram,2025-08-20,Prospecção,10,93083.45,,,
5365,2686,18,Instagram,2024-10-28,Negociação,75,11315.39,,,
5366,2686,18,Inbound site,2025-08-21,Qualificação,25,42569.19,,,
5367,2686,18,Prospecção ativa,2025-11-02,Fechado ganho,100,59587.33,2026-01-15,74,
5368,2687,26,Instagram,2024-09-21,Fechado ganho,100,88315.20,2024-11-01,41,
5369,2687,26,Instagram,2024-09-24,Proposta enviada,50,6682.50,,,
5370,2688,11,Reativação,2026-08-23,Negociação,75,35925.25,,,
5371,2688,11,Feira de beleza,2025-11-02,Proposta enviada,50,34177.77,,,
5372,2689,1,Inbound site,2026-04-05,Fechado ganho,100,32281.49,2026-05-22,47,
5373,2690,33,Reativação,2025-05-24,Fechado ganho,100,117923.47,2025-07-02,39,
5374,2690,33,Indicação,2026-02-22,Prospecção,10,149862.38,,,
5375,2690,33,Instagram,2025-01-10,Prospecção,10,103934.01,,,
5376,2690,33,Reativação,2025-09-29,Fechado perdido,0,54258.24,2025-10-28,29,Sem contato
5377,2691,16,Prospecção ativa,2026-04-18,Prospecção,10,56871.18,,,
5378,2692,19,Feira de beleza,2025-03-17,Prospecção,10,73318.73,,,
5379,2692,19,Feira de beleza,2025-12-12,Proposta enviada,50,87055.63,,,
5380,2692,19,WhatsApp,2025-08-20,Negociação,75,87449.17,,,
5381,2692,19,WhatsApp,2025-04-26,Fechado perdido,0,37001.39,2025-06-20,55,Prazo de entrega
5382,2693,28,WhatsApp,2026-02-09,Proposta enviada,50,85863.41,,,
5383,2693,28,WhatsApp,2025-09-11,Qualificação,25,55924.13,,,
5384,2693,28,Reativação,2026-06-04,Fechado ganho,100,10716.71,2026-06-30,26,
5385,2693,28,Reativação,2025-12-16,Fechado ganho,100,5193.54,2026-01-19,34,
5386,2694,39,Instagram,2024-11-29,Fechado perdido,0,41883.41,2025-02-05,68,Já compra de outro importador
5387,2694,39,Feira de beleza,2024-12-04,Fechado perdido,0,55211.81,2024-12-10,6,Fechou com concorrente
5388,2694,39,Reativação,2025-06-30,Qualificação,25,92989.72,,,
5389,2694,39,Indicação,2025-01-22,Fechado ganho,100,51637.69,2025-04-03,71,
5390,2695,37,Instagram,2026-03-15,Prospecção,10,51706.55,,,
5391,2695,37,Inbound site,2026-05-18,Fechado ganho,100,62311.02,2026-07-05,48,
5392,2696,16,Instagram,2026-04-11,Proposta enviada,50,56879.21,,,
5393,2696,16,Instagram,2026-06-30,Fechado ganho,100,52846.34,2026-07-24,24,
5394,2696,16,WhatsApp,2026-06-09,Fechado ganho,100,91207.76,2026-07-05,26,
5395,2697,41,Feira de beleza,2024-11-15,Qualificação,25,69356.20,,,
5396,2697,41,Feira de beleza,2024-11-03,Fechado ganho,100,43735.20,2024-12-12,39,
5397,2698,33,Prospecção ativa,2026-07-08,Fechado ganho,100,51990.98,2026-08-20,43,
5398,2698,33,Instagram,2026-07-01,Negociação,75,7791.92,,,
5399,2698,33,Inbound site,2026-03-20,Negociação,75,65432.31,,,
5400,2699,4,WhatsApp,2026-08-21,Proposta enviada,50,54218.52,,,
5401,2702,17,Prospecção ativa,2024-12-26,Fechado ganho,100,16907.72,2025-01-02,7,
5402,2702,17,Instagram,2026-03-23,Proposta enviada,50,82748.42,,,
5403,2703,14,Inbound site,2025-10-30,Qualificação,25,37576.19,,,
5404,2703,14,Inbound site,2026-05-14,Proposta enviada,50,53243.22,,,
5405,2704,11,WhatsApp,2025-10-31,Negociação,75,69031.27,,,
5406,2706,37,Instagram,2025-08-08,Fechado ganho,100,5798.29,2025-10-10,63,
5407,2706,37,Prospecção ativa,2026-08-27,Proposta enviada,50,44103.10,,,
5408,2706,37,Inbound site,2026-05-20,Proposta enviada,50,85245.14,,,
5409,2706,37,Indicação,2025-03-26,Prospecção,10,16899.34,,,
5410,2707,32,Feira de beleza,2025-12-11,Prospecção,10,50428.98,,,
5411,2707,32,Reativação,2025-05-26,Proposta enviada,50,42579.27,,,
5412,2710,15,Inbound site,2024-09-20,Prospecção,10,43638.55,,,
5413,2712,32,Indicação,2025-04-26,Negociação,75,16550.28,,,
5414,2712,32,Indicação,2025-07-13,Fechado perdido,0,59426.52,2025-09-03,52,Prazo de entrega
5415,2712,7,Feira de beleza,2026-06-27,Fechado ganho,100,81646.62,2026-07-25,28,
5416,2712,32,Instagram,2024-09-02,Fechado ganho,100,70923.90,2024-09-20,18,
5417,2712,7,Inbound site,2026-02-22,Prospecção,10,50558.54,,,
5418,2712,32,Prospecção ativa,2025-04-16,Negociação,75,77853.23,,,
5419,2713,9,Reativação,2026-05-22,Prospecção,10,50232.56,,,
5420,2713,9,Indicação,2026-01-21,Prospecção,10,13897.93,,,
5421,2715,16,Prospecção ativa,2026-07-29,Prospecção,10,157154.77,,,
5422,2715,16,Inbound site,2025-03-20,Prospecção,10,32835.65,,,
5423,2716,13,Reativação,2024-11-03,Qualificação,25,8196.87,,,
5424,2716,13,Feira de beleza,2026-02-02,Fechado perdido,0,21109.53,2026-04-18,75,Pediu exclusividade de marca
5425,2716,13,Indicação,2025-11-29,Fechado ganho,100,4924.32,2025-12-17,18,
5426,2716,13,Indicação,2024-10-12,Proposta enviada,50,86358.17,,,
5427,2718,11,Indicação,2025-04-20,Fechado ganho,100,11395.24,2025-06-13,54,
5428,2720,14,Prospecção ativa,2025-11-13,Fechado perdido,0,23548.38,2026-01-24,72,Preço acima do concorrente
5429,2720,14,Feira de beleza,2025-12-27,Qualificação,25,12660.28,,,
5430,2720,14,Inbound site,2025-12-06,Proposta enviada,50,3833.61,,,
5431,2721,31,Instagram,2026-06-20,Qualificação,25,61228.16,,,
5432,2721,31,WhatsApp,2026-04-24,Proposta enviada,50,94681.45,,,
5433,2721,31,WhatsApp,2026-06-29,Negociação,75,9324.82,,,
5434,2722,35,Feira de beleza,2024-11-05,Fechado perdido,0,65163.66,2025-01-01,57,Sem contato
5435,2723,12,Prospecção ativa,2026-07-23,Negociação,75,6284.60,,,
5436,2723,7,WhatsApp,2025-11-10,Fechado ganho,100,68910.87,2025-12-31,51,
5437,2723,7,Prospecção ativa,2025-11-01,Fechado ganho,100,12694.52,2025-11-05,4,
5438,2723,7,Instagram,2024-10-08,Fechado ganho,100,69373.55,2024-11-03,26,
5439,2724,25,Prospecção ativa,2026-01-28,Proposta enviada,50,59818.31,,,
5440,2724,25,Feira de beleza,2025-07-28,Fechado ganho,100,145694.30,2025-08-16,19,
5441,2724,25,Reativação,2026-06-06,Fechado ganho,100,103844.57,2026-06-27,21,
5442,2724,25,Feira de beleza,2024-11-25,Fechado perdido,0,69971.10,2024-12-25,30,Preço acima do concorrente
5443,2724,25,WhatsApp,2026-05-31,Fechado ganho,100,129473.13,2026-07-28,58,
5444,2724,25,WhatsApp,2024-11-09,Fechado perdido,0,77590.22,2025-01-21,73,Mix de fragrâncias não atende
5445,2728,33,Indicação,2026-04-13,Qualificação,25,57952.24,,,
5446,2729,26,Instagram,2025-05-01,Qualificação,25,78236.03,,,
5447,2730,35,Reativação,2026-05-08,Prospecção,10,59319.21,,,
5448,2731,29,Inbound site,2026-01-19,Prospecção,10,74694.74,,,
5449,2731,29,Feira de beleza,2025-05-21,Fechado ganho,100,54966.55,2025-05-28,7,
5450,2731,29,Prospecção ativa,2025-05-03,Prospecção,10,32710.21,,,
5451,2732,40,Inbound site,2025-07-25,Prospecção,10,37245.11,,,
5452,2732,40,Instagram,2024-10-29,Qualificação,25,56225.75,,,
5453,2732,40,Prospecção ativa,2025-07-09,Proposta enviada,50,14296.46,,,
5454,2732,40,Prospecção ativa,2024-09-01,Negociação,75,81137.16,,,
5455,2733,37,Reativação,2025-04-26,Fechado ganho,100,43446.37,2025-06-09,44,
5456,2733,37,Indicação,2024-10-18,Fechado perdido,0,42168.59,2024-11-18,31,Prazo de entrega
5457,2733,37,WhatsApp,2026-07-05,Fechado ganho,100,70748.59,2026-07-20,15,
5458,2733,37,Prospecção ativa,2026-06-25,Prospecção,10,7421.33,,,
5459,2734,1,Indicação,2024-12-02,Proposta enviada,50,2946.87,,,
5460,2734,8,Prospecção ativa,2026-04-25,Fechado ganho,100,30474.13,2026-05-14,19,
5461,2734,1,Prospecção ativa,2025-04-15,Negociação,75,18077.75,,,
5462,2734,1,Indicação,2025-05-31,Fechado ganho,100,57019.39,2025-06-14,14,
5463,2735,12,Inbound site,2026-05-10,Fechado ganho,100,59353.42,2026-06-07,28,
5464,2735,12,Instagram,2025-07-17,Fechado ganho,100,24625.85,2025-09-20,65,
5465,2736,25,Feira de beleza,2025-08-16,Proposta enviada,50,86837.85,,,
5466,2736,25,Inbound site,2026-01-25,Qualificação,25,17229.32,,,
5467,2737,9,Feira de beleza,2025-05-18,Proposta enviada,50,5178.71,,,
5468,2737,9,Inbound site,2025-08-12,Fechado perdido,0,17872.45,2025-08-18,6,Mix de fragrâncias não atende
5469,2738,2,Feira de beleza,2026-04-14,Prospecção,10,5338.75,,,
5470,2740,9,Instagram,2025-02-27,Prospecção,10,93937.80,,,
5471,2740,9,Indicação,2026-07-02,Fechado ganho,100,16753.47,2026-07-30,28,
5472,2740,9,Prospecção ativa,2025-08-26,Fechado perdido,0,50051.96,2025-10-30,65,Preço acima do concorrente
5473,2740,9,Indicação,2025-01-19,Fechado perdido,0,26465.73,2025-02-28,40,Prazo de entrega
5474,2742,8,Reativação,2026-01-04,Fechado ganho,100,57438.51,2026-02-01,28,
5475,2742,8,Indicação,2025-08-16,Prospecção,10,78671.47,,,
5476,2744,6,Indicação,2025-01-06,Prospecção,10,13073.93,,,
5477,2744,21,Feira de beleza,2024-10-18,Fechado perdido,0,74658.10,2024-10-29,11,Sem verba no momento
5478,2745,21,Reativação,2024-10-31,Qualificação,25,34415.12,,,
5479,2745,21,Prospecção ativa,2024-10-11,Fechado ganho,100,62474.29,2024-11-27,47,
5480,2745,21,Feira de beleza,2026-03-12,Qualificação,25,16998.08,,,
5481,2746,4,WhatsApp,2026-06-07,Negociação,75,19461.42,,,
5482,2746,4,Instagram,2025-08-08,Proposta enviada,50,59791.89,,,
5483,2746,4,Instagram,2026-06-20,Fechado ganho,100,43105.69,2026-07-08,18,
5484,2746,4,WhatsApp,2024-10-31,Fechado perdido,0,63093.88,2024-11-07,7,Prazo de entrega
5485,2747,29,Prospecção ativa,2026-04-10,Prospecção,10,62087.65,,,
5486,2748,7,Inbound site,2026-01-28,Fechado perdido,0,3337.55,2026-02-28,31,Fechou com concorrente
5487,2748,7,Inbound site,2025-05-17,Negociação,75,59652.21,,,
5488,2748,7,WhatsApp,2025-11-28,Prospecção,10,10855.28,,,
5489,2748,7,Feira de beleza,2026-07-11,Prospecção,10,69002.04,,,
5490,2748,7,WhatsApp,2026-06-11,Prospecção,10,22527.22,,,
5491,2748,7,Feira de beleza,2026-07-13,Prospecção,10,88440.63,,,
5492,2749,2,Prospecção ativa,2025-02-18,Prospecção,10,60578.37,,,
5493,2750,29,Prospecção ativa,2025-10-04,Qualificação,25,79100.07,,,
5494,2750,29,Reativação,2025-05-05,Proposta enviada,50,88769.72,,,
5495,2750,29,Prospecção ativa,2025-04-12,Proposta enviada,50,28187.84,,,
5496,2751,37,Feira de beleza,2025-06-09,Qualificação,25,92129.43,,,
5497,2752,18,Indicação,2025-07-31,Fechado perdido,0,82227.46,2025-08-06,6,Mix de fragrâncias não atende
5498,2753,18,Instagram,2024-10-24,Negociação,75,43553.72,,,
5499,2753,35,Indicação,2026-04-24,Fechado ganho,100,77201.16,2026-06-22,59,
5500,2753,35,Prospecção ativa,2025-10-08,Fechado perdido,0,85483.43,2025-12-14,67,Sem contato
5501,2753,35,Reativação,2025-06-03,Fechado ganho,100,87214.11,2025-07-28,55,
5502,2753,18,Feira de beleza,2025-02-12,Prospecção,10,14486.68,,,
5503,2753,35,Instagram,2026-07-24,Proposta enviada,50,59660.09,,,
5504,2754,15,Indicação,2025-04-12,Prospecção,10,125733.16,,,
5505,2755,3,Prospecção ativa,2025-08-20,Negociação,75,34339.48,,,
5506,2755,3,Indicação,2026-03-24,Proposta enviada,50,82599.18,,,
5507,2756,18,Inbound site,2025-09-08,Fechado ganho,100,12057.04,2025-11-03,56,
5508,2756,18,Instagram,2025-09-02,Proposta enviada,50,47334.43,,,
5509,2756,19,Reativação,2026-04-14,Qualificação,25,100091.42,,,
5510,2756,19,Prospecção ativa,2026-04-20,Fechado perdido,0,91896.16,2026-06-12,53,Sem verba no momento
5511,2757,9,Inbound site,2026-03-03,Qualificação,25,5233.25,,,
5512,2758,39,Reativação,2024-10-07,Fechado perdido,0,13989.27,2024-10-19,12,Pediu exclusividade de marca
5513,2759,27,WhatsApp,2026-07-25,Qualificação,25,75749.78,,,
5514,2760,15,Instagram,2026-03-11,Fechado ganho,100,93595.41,2026-04-14,34,
5515,2761,14,Feira de beleza,2026-04-28,Prospecção,10,17491.27,,,
5516,2762,12,Indicação,2026-04-30,Qualificação,25,41308.85,,,
5517,2765,6,Prospecção ativa,2025-04-18,Fechado ganho,100,47725.28,2025-04-26,8,
5518,2766,24,WhatsApp,2026-05-20,Fechado ganho,100,75706.00,2026-07-02,43,
5519,2768,9,Prospecção ativa,2026-05-01,Fechado ganho,100,5936.30,2026-05-18,17,
5520,2768,9,Prospecção ativa,2026-01-06,Fechado ganho,100,5935.33,2026-03-15,68,
5521,2769,30,Prospecção ativa,2026-05-20,Fechado perdido,0,44388.11,2026-06-22,33,Mix de fragrâncias não atende
5522,2769,30,Instagram,2026-05-23,Prospecção,10,21499.56,,,
5523,2769,30,WhatsApp,2026-08-19,Proposta enviada,50,36208.12,,,
5524,2769,30,WhatsApp,2026-05-23,Qualificação,25,86055.60,,,
5525,2770,10,Feira de beleza,2026-06-06,Prospecção,10,16263.18,,,
5526,2771,26,Inbound site,2025-10-09,Fechado ganho,100,55545.18,2025-11-28,50,
5527,2771,26,Reativação,2025-03-03,Fechado ganho,100,19410.64,2025-05-16,74,
5528,2773,18,WhatsApp,2026-07-28,Negociação,75,67591.43,,,
5529,2773,18,Reativação,2026-02-14,Fechado ganho,100,67907.35,2026-02-28,14,
5530,2775,17,Inbound site,2025-02-16,Prospecção,10,31313.37,,,
5531,2776,41,Feira de beleza,2025-10-28,Fechado ganho,100,91379.50,2025-11-26,29,
5532,2776,41,Inbound site,2025-07-14,Negociação,75,12495.73,,,
5533,2777,33,Instagram,2025-08-16,Fechado ganho,100,50326.07,2025-09-26,41,
5534,2777,38,WhatsApp,2026-08-06,Negociação,75,8286.58,,,
5535,2777,33,Feira de beleza,2025-10-30,Prospecção,10,21654.35,,,
5536,2778,22,WhatsApp,2026-06-08,Negociação,75,68637.13,,,
5537,2778,22,Feira de beleza,2024-12-25,Prospecção,10,91390.03,,,
5538,2779,10,Reativação,2024-09-17,Fechado perdido,0,49923.70,2024-09-22,5,Sem contato
5539,2779,10,Prospecção ativa,2025-05-03,Prospecção,10,19125.81,,,
5540,2779,10,Indicação,2025-06-13,Fechado perdido,0,48610.20,2025-07-12,29,Preço acima do concorrente
5541,2780,32,Inbound site,2026-08-31,Qualificação,25,70665.74,,,
5542,2781,2,WhatsApp,2026-01-09,Fechado perdido,0,61116.03,2026-03-16,66,Fechou com concorrente
5543,2781,2,Indicação,2025-05-13,Prospecção,10,83092.30,,,
5544,2781,2,Inbound site,2026-02-21,Fechado perdido,0,90645.08,2026-04-12,50,Mix de fragrâncias não atende
5545,2782,41,Inbound site,2025-07-06,Proposta enviada,50,75480.27,,,
5546,2782,41,Feira de beleza,2025-11-03,Fechado perdido,0,29827.04,2025-11-09,6,Preço acima do concorrente
5547,2783,25,WhatsApp,2025-01-06,Fechado perdido,0,62067.14,2025-03-08,61,Preço acima do concorrente
5548,2783,25,WhatsApp,2025-10-18,Negociação,75,49630.24,,,
5549,2783,25,Inbound site,2025-07-16,Fechado ganho,100,28513.72,2025-07-25,9,
5550,2785,30,Indicação,2026-03-16,Qualificação,25,93257.33,,,
5551,2785,30,Prospecção ativa,2026-04-17,Proposta enviada,50,36082.47,,,
5552,2785,30,Feira de beleza,2026-04-06,Negociação,75,66456.87,,,
5553,2786,4,Inbound site,2026-02-21,Fechado ganho,100,91799.79,2026-04-12,50,
5554,2787,8,Reativação,2025-04-02,Qualificação,25,12583.13,,,
5555,2787,8,WhatsApp,2025-07-15,Fechado ganho,100,78426.85,2025-07-22,7,
5556,2788,18,Reativação,2024-12-15,Fechado ganho,100,70616.95,2025-02-28,75,
5557,2788,18,Indicação,2026-04-07,Fechado ganho,100,12153.63,2026-05-11,34,
5558,2788,18,WhatsApp,2025-01-03,Fechado ganho,100,88423.03,2025-02-21,49,
5559,2790,27,Inbound site,2025-07-01,Proposta enviada,50,59118.03,,,
5560,2790,27,Feira de beleza,2026-06-16,Prospecção,10,54260.21,,,
5561,2790,27,Indicação,2024-12-12,Fechado ganho,100,83171.11,2025-01-17,36,
5562,2790,27,Indicação,2026-08-04,Negociação,75,68102.82,,,
5563,2793,12,Feira de beleza,2025-04-22,Fechado ganho,100,52593.03,2025-05-13,21,
5564,2793,12,Feira de beleza,2025-01-17,Qualificação,25,70977.94,,,
5565,2794,23,Indicação,2025-12-15,Fechado ganho,100,75282.13,2026-01-23,39,
5566,2794,23,Reativação,2026-06-09,Fechado ganho,100,43736.78,2026-08-07,59,
5567,2795,27,WhatsApp,2026-08-12,Qualificação,25,56804.22,,,
5568,2795,27,Instagram,2024-11-20,Negociação,75,72423.33,,,
5569,2795,27,Prospecção ativa,2026-03-01,Negociação,75,32872.79,,,
5570,2795,27,Indicação,2025-03-14,Negociação,75,48695.05,,,
5571,2796,19,Inbound site,2025-03-09,Qualificação,25,49647.92,,,
5572,2796,19,Instagram,2026-07-02,Qualificação,25,7962.97,,,
5573,2796,19,Reativação,2026-03-08,Negociação,75,26633.82,,,
5574,2796,19,Inbound site,2025-02-07,Qualificação,25,69031.56,,,
5575,2796,19,Feira de beleza,2026-05-22,Qualificação,25,90173.03,,,
5576,2796,19,WhatsApp,2026-07-03,Prospecção,10,70194.28,,,
5577,2797,21,Indicação,2025-05-04,Fechado perdido,0,3223.46,2025-05-12,8,Pediu exclusividade de marca
5578,2797,21,Indicação,2025-08-16,Fechado ganho,100,20000.43,2025-09-27,42,
5579,2797,21,Prospecção ativa,2026-08-05,Prospecção,10,25220.06,,,
5580,2800,28,Feira de beleza,2024-12-29,Prospecção,10,15014.55,,,
5581,2800,28,Inbound site,2024-09-29,Fechado perdido,0,22961.38,2024-11-17,49,Pediu exclusividade de marca
5582,2800,28,Instagram,2026-05-05,Prospecção,10,29328.99,,,
5583,2800,28,Instagram,2025-12-16,Qualificação,25,13042.76,,,
5584,2801,17,Prospecção ativa,2025-09-28,Qualificação,25,37919.87,,,
5585,2803,2,Indicação,2026-02-10,Proposta enviada,50,55776.17,,,
5586,2803,2,Inbound site,2025-03-31,Prospecção,10,35515.53,,,
5587,2803,2,Feira de beleza,2026-01-22,Fechado ganho,100,58461.35,2026-01-27,5,
5588,2803,2,Feira de beleza,2024-09-29,Negociação,75,13054.69,,,
5589,2804,39,Reativação,2024-10-27,Negociação,75,66455.33,,,
5590,2804,39,Indicação,2025-08-15,Negociação,75,62398.08,,,
5591,2805,22,Reativação,2026-06-12,Fechado ganho,100,68282.23,2026-08-21,70,
5592,2805,22,Indicação,2025-11-20,Fechado ganho,100,165392.95,2025-12-01,11,
5593,2805,22,Instagram,2026-08-31,Negociação,75,43586.21,,,
5594,2806,24,Indicação,2026-05-20,Prospecção,10,32355.60,,,
5595,2806,24,Reativação,2025-11-28,Qualificação,25,86013.49,,,
5596,2806,24,Reativação,2026-04-28,Negociação,75,77360.95,,,
5597,2807,7,Inbound site,2026-06-07,Fechado ganho,100,22982.37,2026-07-31,54,
5598,2807,7,Reativação,2026-06-16,Fechado perdido,0,13640.39,2026-06-19,3,Prazo de entrega
5599,2807,7,Feira de beleza,2025-12-11,Qualificação,25,78070.78,,,
5600,2808,40,Prospecção ativa,2025-06-16,Proposta enviada,50,127163.27,,,
5601,2809,17,Reativação,2025-01-23,Fechado perdido,0,75928.58,2025-02-10,18,Sem verba no momento
5602,2810,36,Reativação,2025-10-25,Proposta enviada,50,40221.87,,,
5603,2811,15,Reativação,2024-09-14,Fechado perdido,0,27065.89,2024-11-22,69,Prazo de entrega
5604,2811,15,Indicação,2024-10-12,Fechado ganho,100,90006.01,2024-10-16,4,
5605,2811,15,Inbound site,2025-06-15,Fechado ganho,100,85238.03,2025-07-16,31,
5606,2811,15,WhatsApp,2026-08-29,Negociação,75,63380.42,,,
5607,2812,36,Inbound site,2026-05-25,Negociação,75,113821.51,,,
5608,2813,34,Instagram,2024-10-31,Fechado ganho,100,66511.92,2024-11-03,3,
5609,2813,34,Inbound site,2026-04-28,Prospecção,10,26894.61,,,
5610,2815,16,Prospecção ativa,2025-04-09,Fechado ganho,100,14426.38,2025-05-19,40,
5611,2817,12,WhatsApp,2026-06-01,Prospecção,10,26967.26,,,
5612,2817,12,Reativação,2026-05-23,Fechado perdido,0,77138.85,2026-07-04,42,Fechou com concorrente
5613,2817,42,Indicação,2026-08-19,Qualificação,25,77531.06,,,
5614,2817,12,Reativação,2026-05-17,Fechado perdido,0,52222.89,2026-06-29,43,Fechou com concorrente
5615,2818,10,Feira de beleza,2026-01-24,Fechado perdido,0,64093.72,2026-03-31,66,Mix de fragrâncias não atende
5616,2818,10,Inbound site,2026-01-31,Proposta enviada,50,11026.24,,,
5617,2819,27,Indicação,2025-12-10,Qualificação,25,74578.43,,,
5618,2820,32,Instagram,2024-10-25,Prospecção,10,33285.44,,,
5619,2820,32,Inbound site,2025-03-05,Fechado perdido,0,69089.31,2025-03-26,21,Pediu exclusividade de marca
5620,2820,32,Feira de beleza,2025-07-30,Fechado ganho,100,56793.45,2025-08-19,20,
5621,2822,36,Indicação,2025-03-27,Proposta enviada,50,79318.66,,,
5622,2823,25,Inbound site,2025-09-20,Negociação,75,6253.86,,,
5623,2824,39,Inbound site,2026-05-07,Proposta enviada,50,17403.49,,,
5624,2825,23,Indicação,2025-05-19,Prospecção,10,22901.07,,,
5625,2825,23,Indicação,2025-12-13,Negociação,75,90295.84,,,
5626,2825,23,Reativação,2025-12-01,Prospecção,10,85008.75,,,
5627,2825,23,Instagram,2025-10-16,Fechado ganho,100,93712.92,2025-12-30,75,
5628,2826,40,Indicação,2026-04-18,Qualificação,25,72393.96,,,
5629,2826,40,Instagram,2026-07-24,Prospecção,10,32754.60,,,
5630,2826,40,Inbound site,2026-04-06,Prospecção,10,30708.80,,,
5631,2827,39,Reativação,2024-10-25,Negociação,75,41537.77,,,
5632,2827,39,Prospecção ativa,2024-12-14,Qualificação,25,53392.56,,,
5633,2827,39,Inbound site,2026-06-23,Prospecção,10,38694.85,,,
5634,2828,17,WhatsApp,2026-05-19,Fechado ganho,100,70407.22,2026-05-27,8,
5635,2828,17,WhatsApp,2026-07-09,Fechado ganho,100,81106.55,2026-08-24,46,
5636,2831,40,Inbound site,2024-09-30,Qualificação,25,27048.75,,,
5637,2831,40,Prospecção ativa,2026-02-01,Proposta enviada,50,61132.73,,,
5638,2832,5,Prospecção ativa,2026-01-22,Prospecção,10,43498.88,,,
5639,2832,5,Indicação,2025-05-24,Proposta enviada,50,67744.70,,,
5640,2832,5,Prospecção ativa,2026-07-23,Fechado ganho,100,70410.53,2026-08-09,17,
5641,2833,32,Indicação,2026-05-26,Fechado perdido,0,56956.89,2026-06-09,14,Fechou com concorrente
5642,2833,32,WhatsApp,2025-04-15,Negociação,75,52109.42,,,
5643,2835,19,Indicação,2026-08-04,Qualificação,25,71242.67,,,
5644,2835,19,Reativação,2026-05-21,Fechado perdido,0,77642.94,2026-06-26,36,Preço acima do concorrente
5645,2835,19,Reativação,2026-06-19,Negociação,75,76805.57,,,
5646,2835,19,Indicação,2026-03-31,Prospecção,10,72079.22,,,
5647,2835,19,Reativação,2026-05-30,Prospecção,10,8318.59,,,
5648,2835,19,Instagram,2026-08-01,Qualificação,25,44480.42,,,
5649,2836,38,Feira de beleza,2026-02-22,Qualificação,25,51861.98,,,
5650,2836,38,Inbound site,2026-04-15,Proposta enviada,50,33838.07,,,
5651,2836,38,Reativação,2025-01-06,Fechado ganho,100,14061.51,2025-02-09,34,
5652,2837,21,Reativação,2025-04-09,Qualificação,25,128708.76,,,
5653,2837,21,WhatsApp,2025-07-10,Fechado ganho,100,133481.37,2025-07-30,20,
5654,2837,21,Feira de beleza,2025-06-11,Fechado perdido,0,103970.88,2025-07-08,27,Sem contato
5655,2838,9,WhatsApp,2026-03-04,Fechado perdido,0,90587.34,2026-03-28,24,Sem contato
5656,2838,9,WhatsApp,2026-06-11,Fechado perdido,0,54379.22,2026-06-29,18,Já compra de outro importador
5657,2839,28,Feira de beleza,2024-09-14,Qualificação,25,38747.03,,,
5658,2839,28,WhatsApp,2026-04-19,Proposta enviada,50,70644.18,,,
5659,2839,28,Indicação,2025-11-07,Fechado ganho,100,3456.14,2025-12-03,26,
5660,2840,29,Inbound site,2024-11-25,Proposta enviada,50,94795.00,,,
5661,2840,29,Inbound site,2024-10-11,Qualificação,25,53205.87,,,
5662,2840,29,WhatsApp,2025-08-01,Fechado ganho,100,42270.50,2025-08-10,9,
5663,2840,29,Reativação,2025-10-02,Fechado ganho,100,45663.17,2025-12-16,75,
5664,2840,29,Feira de beleza,2026-03-30,Proposta enviada,50,54319.84,,,
5665,2840,29,Inbound site,2026-07-21,Negociação,75,37061.43,,,
5666,2841,36,Feira de beleza,2026-08-02,Negociação,75,45037.59,,,
5667,2841,36,Reativação,2026-07-04,Fechado ganho,100,44649.06,2026-07-18,14,
5668,2842,29,Reativação,2025-04-11,Qualificação,25,45023.31,,,
5669,2842,29,WhatsApp,2025-02-24,Qualificação,25,65959.56,,,
5670,2842,29,Feira de beleza,2026-03-26,Negociação,75,90212.19,,,
5671,2844,21,Instagram,2024-12-10,Negociação,75,20341.51,,,
5672,2844,21,Reativação,2026-07-10,Prospecção,10,61942.67,,,
5673,2845,17,Prospecção ativa,2026-05-02,Fechado perdido,0,44486.43,2026-06-02,31,Sem contato
5674,2845,17,WhatsApp,2026-05-31,Prospecção,10,64558.86,,,
5675,2846,9,WhatsApp,2025-10-15,Fechado perdido,0,85229.32,2025-12-22,68,Sem verba no momento
5676,2847,5,Inbound site,2025-12-06,Fechado ganho,100,149462.56,2026-02-11,67,
5677,2847,5,WhatsApp,2025-06-30,Proposta enviada,50,102372.79,,,
5678,2848,31,Indicação,2026-02-22,Fechado ganho,100,12469.51,2026-04-27,64,
5679,2848,31,Instagram,2026-01-21,Prospecção,10,4913.18,,,
5680,2849,19,Indicação,2025-05-05,Negociação,75,34497.30,,,
5681,2849,19,Prospecção ativa,2025-09-29,Fechado ganho,100,91400.12,2025-11-02,34,
5682,2850,22,Indicação,2025-10-16,Fechado ganho,100,31906.31,2025-12-02,47,
5683,2850,22,Indicação,2026-04-20,Fechado ganho,100,60573.71,2026-06-04,45,
5684,2851,26,Instagram,2025-10-23,Fechado ganho,100,72762.25,2025-12-02,40,
5685,2851,26,WhatsApp,2024-10-16,Qualificação,25,79747.49,,,
5686,2851,26,Reativação,2024-10-10,Qualificação,25,13040.39,,,
5687,2851,26,WhatsApp,2025-04-15,Fechado perdido,0,79471.84,2025-05-21,36,Sem contato
5688,2852,18,Instagram,2025-06-14,Prospecção,10,44789.01,,,
5689,2854,33,Feira de beleza,2025-03-07,Negociação,75,9191.25,,,
5690,2855,37,Feira de beleza,2024-11-30,Fechado ganho,100,66323.02,2025-02-09,71,
5691,2855,37,Reativação,2024-12-31,Fechado ganho,100,91375.05,2025-03-09,68,
5692,2855,37,Inbound site,2024-12-14,Fechado perdido,0,64761.23,2025-02-18,66,Pediu exclusividade de marca
5693,2856,39,Feira de beleza,2026-05-14,Fechado ganho,100,92658.44,2026-06-15,32,
5694,2856,39,Feira de beleza,2026-05-26,Qualificação,25,19949.08,,,
5695,2856,39,WhatsApp,2026-06-14,Fechado ganho,100,28085.85,2026-08-16,63,
5696,2856,1,Prospecção ativa,2026-08-08,Negociação,75,36714.48,,,
5697,2857,1,Inbound site,2026-08-27,Negociação,75,38656.53,,,
5698,2857,1,Reativação,2026-02-06,Proposta enviada,50,44653.75,,,
5699,2857,1,Feira de beleza,2026-06-28,Proposta enviada,50,33835.15,,,
5700,2858,27,WhatsApp,2026-01-08,Qualificação,25,159595.00,,,
5701,2858,27,Prospecção ativa,2026-06-13,Fechado ganho,100,17046.49,2026-07-31,48,
5702,2858,27,Prospecção ativa,2025-05-20,Fechado perdido,0,130859.84,2025-07-27,68,Mix de fragrâncias não atende
5703,2860,9,Inbound site,2025-04-13,Fechado perdido,0,165359.02,2025-06-08,56,Sem contato
5704,2860,9,Reativação,2026-07-12,Fechado perdido,0,20126.44,2026-07-25,13,Fechou com concorrente
5705,2860,9,Indicação,2025-07-01,Qualificação,25,86481.50,,,
5706,2861,27,Instagram,2026-05-07,Qualificação,25,37211.51,,,
5707,2862,9,Reativação,2026-08-06,Qualificação,25,94967.72,,,
5708,2862,9,WhatsApp,2026-08-04,Negociação,75,47760.02,,,
5709,2865,37,Inbound site,2026-01-24,Prospecção,10,12787.57,,,
5710,2866,40,Reativação,2026-05-12,Prospecção,10,145684.92,,,
5711,2866,40,Reativação,2024-12-01,Qualificação,25,9301.39,,,
5712,2866,40,Inbound site,2025-07-17,Fechado perdido,0,47860.16,2025-08-19,33,Prazo de entrega
5713,2866,40,Reativação,2024-10-10,Fechado ganho,100,74914.02,2024-10-28,18,
5714,2867,29,Inbound site,2025-11-10,Fechado perdido,0,18646.80,2025-12-19,39,Prazo de entrega
5715,2867,29,WhatsApp,2026-05-06,Fechado ganho,100,11820.69,2026-06-15,40,
5716,2867,29,Feira de beleza,2024-12-15,Prospecção,10,3527.41,,,
5717,2867,29,Indicação,2026-03-11,Proposta enviada,50,51550.34,,,
5718,2868,1,Prospecção ativa,2026-05-02,Negociação,75,71717.03,,,
5719,2868,1,WhatsApp,2026-02-12,Fechado ganho,100,78864.94,2026-04-03,50,
5720,2868,1,WhatsApp,2025-08-16,Proposta enviada,50,93832.05,,,
5721,2868,1,Reativação,2024-09-10,Prospecção,10,86187.80,,,
5722,2869,37,Indicação,2026-01-18,Qualificação,25,145226.15,,,
5723,2869,37,Prospecção ativa,2025-01-11,Prospecção,10,17506.22,,,
5724,2870,19,Feira de beleza,2024-10-10,Fechado perdido,0,75678.58,2024-10-23,13,Sem verba no momento
5725,2870,19,Inbound site,2025-03-27,Negociação,75,9447.97,,,
5726,2872,6,WhatsApp,2025-09-28,Fechado perdido,0,77955.42,2025-12-04,67,Mix de fragrâncias não atende
5727,2872,6,Prospecção ativa,2026-02-06,Prospecção,10,39006.40,,,
5728,2872,6,Prospecção ativa,2026-01-23,Proposta enviada,50,19657.09,,,
5729,2873,17,Reativação,2026-01-27,Proposta enviada,50,75732.64,,,
5730,2873,17,Prospecção ativa,2026-02-24,Negociação,75,80864.80,,,
5731,2873,17,WhatsApp,2026-07-28,Proposta enviada,50,32900.37,,,
5732,2874,35,WhatsApp,2026-03-21,Fechado ganho,100,11509.70,2026-04-16,26,
5733,2876,13,Inbound site,2026-03-21,Negociação,75,9104.59,,,
5734,2877,15,Indicação,2026-05-14,Proposta enviada,50,39249.52,,,
5735,2877,15,Inbound site,2024-10-27,Qualificação,25,67933.91,,,
5736,2878,38,Indicação,2025-09-11,Fechado perdido,0,31256.86,2025-11-07,57,Fechou com concorrente
5737,2879,1,Instagram,2026-07-23,Qualificação,25,62629.85,,,
5738,2879,1,Prospecção ativa,2025-01-24,Prospecção,10,35239.56,,,
5739,2880,19,Inbound site,2026-04-11,Fechado ganho,100,54466.54,2026-05-03,22,
5740,2880,19,WhatsApp,2026-07-27,Negociação,75,87042.43,,,
5741,2880,19,Instagram,2026-03-23,Fechado perdido,0,89622.52,2026-05-14,52,Mix de fragrâncias não atende
5742,2880,19,Feira de beleza,2026-07-14,Proposta enviada,50,61875.65,,,
5743,2885,32,Prospecção ativa,2024-11-23,Fechado perdido,0,28984.66,2024-12-18,25,Sem verba no momento
5744,2886,9,Inbound site,2026-06-04,Prospecção,10,7640.69,,,
5745,2886,9,Reativação,2025-10-11,Fechado ganho,100,42788.81,2025-12-23,73,
5746,2887,28,Feira de beleza,2026-06-04,Fechado ganho,100,33081.86,2026-06-21,17,
5747,2887,28,WhatsApp,2026-06-04,Qualificação,25,30643.33,,,
5748,2887,28,Feira de beleza,2025-03-27,Fechado ganho,100,74552.57,2025-04-28,32,
5749,2888,35,WhatsApp,2024-12-27,Fechado ganho,100,79457.46,2025-02-11,46,
5750,2890,12,WhatsApp,2024-09-02,Proposta enviada,50,80661.75,,,
5751,2890,12,Prospecção ativa,2026-02-02,Fechado ganho,100,27820.06,2026-03-03,29,
5752,2892,39,Feira de beleza,2024-09-26,Prospecção,10,19700.07,,,
5753,2892,39,Feira de beleza,2026-02-22,Proposta enviada,50,83288.95,,,
5754,2892,39,Indicação,2025-06-25,Proposta enviada,50,42131.40,,,
5755,2892,39,Reativação,2025-10-17,Fechado ganho,100,91928.70,2025-12-14,58,
5756,2892,39,Inbound site,2026-05-25,Fechado perdido,0,40459.44,2026-06-03,9,Preço acima do concorrente
5757,2892,39,Prospecção ativa,2026-07-23,Fechado ganho,100,75950.73,2026-08-07,15,
5758,2893,38,Indicação,2024-10-24,Prospecção,10,88039.66,,,
5759,2893,38,Indicação,2025-12-19,Fechado ganho,100,7424.04,2026-02-01,44,
5760,2893,38,Feira de beleza,2026-03-03,Fechado ganho,100,45388.75,2026-04-11,39,
5761,2893,38,Instagram,2024-12-21,Prospecção,10,75100.98,,,
5762,2893,38,WhatsApp,2025-03-08,Proposta enviada,50,83822.39,,,
5763,2893,38,Feira de beleza,2024-11-05,Qualificação,25,64211.57,,,
5764,2895,7,Feira de beleza,2025-10-23,Negociação,75,22403.60,,,
5765,2896,6,Prospecção ativa,2026-05-09,Qualificação,25,39580.37,,,
5766,2896,6,Inbound site,2024-11-27,Prospecção,10,88664.76,,,
5767,2896,6,Inbound site,2026-04-13,Qualificação,25,83199.50,,,
5768,2896,6,Reativação,2026-08-18,Negociação,75,13442.33,,,
5769,2897,39,Inbound site,2025-07-13,Qualificação,25,65779.87,,,
5770,2897,39,Reativação,2026-05-18,Proposta enviada,50,8971.84,,,
5771,2897,39,Feira de beleza,2026-08-18,Negociação,75,32593.93,,,
5772,2898,8,Inbound site,2026-07-10,Proposta enviada,50,6884.75,,,
5773,2898,8,Indicação,2026-06-18,Prospecção,10,83960.95,,,
5774,2898,8,Indicação,2025-05-18,Qualificação,25,20419.38,,,
5775,2899,18,Inbound site,2024-11-03,Fechado perdido,0,53450.79,2024-11-29,26,Fechou com concorrente
5776,2901,11,Instagram,2025-10-11,Fechado ganho,100,4202.83,2025-11-20,40,
5777,2901,11,WhatsApp,2026-08-12,Negociação,75,30428.56,,,
5778,2901,11,Inbound site,2025-02-14,Proposta enviada,50,46543.47,,,
5779,2902,38,Reativação,2026-05-21,Fechado ganho,100,15687.66,2026-06-22,32,
5780,2902,38,Instagram,2026-02-02,Fechado ganho,100,81052.45,2026-03-26,52,
5781,2903,19,Indicação,2025-04-17,Prospecção,10,67914.64,,,
5782,2904,21,Instagram,2026-08-27,Negociação,75,57750.34,,,
5783,2904,21,Indicação,2025-10-23,Proposta enviada,50,37647.23,,,
5784,2905,3,Prospecção ativa,2025-07-28,Fechado perdido,0,38598.91,2025-09-29,63,Fechou com concorrente
5785,2905,3,WhatsApp,2026-07-11,Prospecção,10,65361.44,,,
5786,2905,3,Reativação,2026-02-08,Negociação,75,14366.04,,,
5787,2906,14,Feira de beleza,2026-06-27,Qualificação,25,43408.76,,,
5788,2906,14,Reativação,2024-10-16,Fechado ganho,100,6472.61,2024-10-28,12,
5789,2907,24,Instagram,2025-12-29,Fechado ganho,100,43089.26,2026-02-12,45,
5790,2907,24,Feira de beleza,2025-09-29,Qualificação,25,76992.61,,,
5791,2907,24,Instagram,2026-04-23,Qualificação,25,80677.47,,,
5792,2908,42,Reativação,2024-11-24,Qualificação,25,28975.08,,,
5793,2908,42,Indicação,2026-04-13,Prospecção,10,61480.35,,,
5794,2909,42,Indicação,2026-03-12,Qualificação,25,87388.18,,,
5795,2909,42,Instagram,2026-03-11,Fechado ganho,100,70297.28,2026-04-20,40,
5796,2909,42,WhatsApp,2026-07-02,Fechado ganho,100,12222.59,2026-07-15,13,
5797,2909,42,WhatsApp,2026-05-31,Prospecção,10,93952.81,,,
5798,2909,42,Inbound site,2026-05-30,Fechado perdido,0,24825.95,2026-07-09,40,Preço acima do concorrente
5799,2909,42,Reativação,2026-08-29,Negociação,75,75583.43,,,
5800,2910,39,Feira de beleza,2026-02-11,Negociação,75,24260.18,,,
5801,2910,39,Feira de beleza,2025-06-02,Negociação,75,54206.50,,,
5802,2911,22,Feira de beleza,2026-01-19,Fechado ganho,100,34412.85,2026-02-12,24,
5803,2911,22,Feira de beleza,2025-12-17,Fechado ganho,100,3171.84,2025-12-23,6,
5804,2912,5,WhatsApp,2025-11-30,Proposta enviada,50,89780.10,,,
5805,2912,5,Feira de beleza,2025-11-24,Fechado perdido,0,40833.93,2025-12-15,21,Pediu exclusividade de marca
5806,2912,5,Indicação,2026-06-09,Fechado ganho,100,86812.26,2026-08-10,62,
5807,2914,6,Prospecção ativa,2026-06-08,Prospecção,10,23463.10,,,
5808,2914,6,Reativação,2026-06-16,Proposta enviada,50,74830.13,,,
5809,2914,35,Indicação,2026-08-24,Negociação,75,158468.61,,,
5810,2914,35,Instagram,2026-08-26,Negociação,75,155278.35,,,
5811,2915,30,Indicação,2026-08-01,Negociação,75,21165.33,,,
5812,2915,30,Instagram,2026-04-09,Fechado perdido,0,13628.34,2026-05-23,44,Fechou com concorrente
5813,2915,30,Feira de beleza,2026-08-25,Negociação,75,83437.90,,,
5814,2915,30,Reativação,2026-07-28,Proposta enviada,50,84930.16,,,
5815,2916,11,Reativação,2025-04-11,Negociação,75,53304.50,,,
5816,2916,11,Prospecção ativa,2026-05-18,Proposta enviada,50,11291.18,,,
5817,2918,40,Indicação,2025-04-09,Proposta enviada,50,60338.45,,,
5818,2918,40,Prospecção ativa,2025-04-12,Prospecção,10,90081.91,,,
5819,2918,40,Inbound site,2026-04-12,Fechado perdido,0,22965.49,2026-06-15,64,Mix de fragrâncias não atende
5820,2919,13,Prospecção ativa,2026-08-17,Prospecção,10,5997.46,,,
5821,2920,38,Prospecção ativa,2024-11-15,Fechado ganho,100,77740.75,2024-12-13,28,
5822,2922,24,Reativação,2025-09-26,Qualificação,25,20113.80,,,
5823,2922,24,Prospecção ativa,2026-04-02,Qualificação,25,66491.37,,,
5824,2923,40,Feira de beleza,2026-03-18,Negociação,75,80525.35,,,
5825,2924,42,Prospecção ativa,2025-04-30,Prospecção,10,23053.76,,,
5826,2924,42,Feira de beleza,2025-11-04,Fechado ganho,100,77778.07,2025-11-15,11,
5827,2925,31,WhatsApp,2025-09-25,Qualificação,25,94636.26,,,
5828,2926,13,Inbound site,2025-11-06,Fechado ganho,100,74028.90,2026-01-15,70,
5829,2929,12,Inbound site,2025-10-19,Fechado ganho,100,49203.05,2025-10-29,10,
5830,2930,41,WhatsApp,2026-03-30,Prospecção,10,67389.94,,,
5831,2930,41,Instagram,2026-03-01,Fechado ganho,100,20499.48,2026-04-01,31,
5832,2930,41,WhatsApp,2025-12-25,Fechado ganho,100,7740.63,2025-12-28,3,
5833,2930,41,Reativação,2026-08-15,Negociação,75,25750.19,,,
5834,2931,18,Inbound site,2024-09-27,Proposta enviada,50,61901.60,,,
5835,2932,32,Reativação,2025-06-20,Fechado ganho,100,99749.67,2025-08-23,64,
5836,2932,7,Instagram,2026-05-05,Fechado ganho,100,113645.90,2026-05-09,4,
5837,2932,32,WhatsApp,2025-09-20,Fechado ganho,100,18220.08,2025-10-27,37,
5838,2932,7,Prospecção ativa,2026-07-21,Negociação,75,47680.95,,,
5839,2932,32,Indicação,2024-11-11,Proposta enviada,50,105998.26,,,
5840,2932,32,Reativação,2025-09-11,Qualificação,25,169411.77,,,
5841,2933,19,Indicação,2026-05-15,Prospecção,10,79686.81,,,
5842,2933,19,Prospecção ativa,2025-06-03,Negociação,75,66831.93,,,
5843,2933,19,Instagram,2026-03-05,Fechado ganho,100,21705.03,2026-04-07,33,
5844,2933,19,Inbound site,2025-12-17,Prospecção,10,16201.69,,,
5845,2934,32,Inbound site,2025-05-14,Proposta enviada,50,92036.28,,,
5846,2934,32,Feira de beleza,2025-05-03,Proposta enviada,50,28665.68,,,
5847,2935,20,Reativação,2024-09-26,Negociação,75,25741.90,,,
5848,2935,35,Feira de beleza,2025-08-23,Proposta enviada,50,20296.61,,,
5849,2935,35,WhatsApp,2025-06-04,Prospecção,10,50589.02,,,
5850,2935,35,Reativação,2026-02-13,Fechado perdido,0,19710.42,2026-04-25,71,Sem verba no momento
5851,2936,26,Inbound site,2026-03-22,Prospecção,10,91952.21,,,
5852,2936,26,WhatsApp,2026-06-23,Prospecção,10,69175.58,,,
5853,2937,7,Prospecção ativa,2025-05-19,Fechado ganho,100,42862.15,2025-06-16,28,
5854,2937,7,Prospecção ativa,2026-02-02,Fechado perdido,0,73572.31,2026-02-23,21,Sem contato
5855,2937,7,Indicação,2026-05-25,Proposta enviada,50,73117.96,,,
5856,2938,2,Inbound site,2026-06-10,Negociação,75,79049.04,,,
5857,2938,2,Feira de beleza,2026-07-06,Prospecção,10,81041.91,,,
5858,2939,16,Prospecção ativa,2026-08-14,Prospecção,10,53246.37,,,
5859,2940,38,WhatsApp,2026-04-11,Proposta enviada,50,60554.46,,,
5860,2940,38,Inbound site,2026-07-16,Fechado ganho,100,68771.25,2026-08-24,39,
5861,2940,38,Instagram,2025-05-28,Fechado ganho,100,79398.66,2025-07-27,60,
5862,2940,38,Prospecção ativa,2026-08-05,Negociação,75,27582.83,,,
5863,2941,34,Reativação,2026-05-24,Qualificação,25,41154.33,,,
5864,2941,34,Feira de beleza,2026-08-23,Proposta enviada,50,28667.86,,,
5865,2942,18,Feira de beleza,2026-03-07,Proposta enviada,50,67841.60,,,
5866,2942,18,WhatsApp,2026-04-13,Fechado ganho,100,26908.41,2026-05-26,43,
5867,2943,31,Feira de beleza,2026-05-12,Fechado ganho,100,170957.53,2026-05-16,4,
5868,2944,9,Instagram,2026-04-12,Negociação,75,86657.57,,,
5869,2945,24,Instagram,2026-01-07,Fechado ganho,100,15663.33,2026-01-24,17,
5870,2946,27,Feira de beleza,2025-11-30,Fechado ganho,100,159445.40,2025-12-09,9,
5871,2947,11,Indicação,2026-08-21,Negociação,75,53855.22,,,
5872,2947,11,Reativação,2024-12-26,Negociação,75,64771.02,,,
5873,2947,11,WhatsApp,2025-11-05,Qualificação,25,15774.97,,,
5874,2948,20,WhatsApp,2026-02-27,Proposta enviada,50,36164.15,,,
5875,2949,36,Instagram,2025-12-23,Qualificação,25,40590.14,,,
5876,2949,36,Instagram,2024-12-11,Qualificação,25,67353.99,,,
5877,2950,29,WhatsApp,2025-08-27,Fechado perdido,0,167998.16,2025-10-20,54,Pediu exclusividade de marca
5878,2951,9,Instagram,2026-02-08,Negociação,75,9933.75,,,
5879,2952,19,Feira de beleza,2026-08-02,Qualificação,25,35162.48,,,
5880,2952,19,Inbound site,2026-05-11,Negociação,75,42306.53,,,
5881,2954,32,Inbound site,2026-04-02,Fechado ganho,100,50357.60,2026-05-20,48,
5882,2954,32,WhatsApp,2025-11-02,Proposta enviada,50,107620.96,,,
5883,2954,32,Prospecção ativa,2026-02-10,Fechado perdido,0,57603.29,2026-03-03,21,Mix de fragrâncias não atende
5884,2955,3,Prospecção ativa,2026-03-09,Fechado perdido,0,60832.48,2026-03-27,18,Fechou com concorrente
5885,2956,29,Reativação,2026-07-28,Fechado perdido,0,68841.10,2026-08-09,12,Fechou com concorrente
5886,2956,29,Feira de beleza,2026-08-08,Negociação,75,20669.33,,,
5887,2956,29,Feira de beleza,2026-07-05,Fechado ganho,100,54509.60,2026-07-11,6,
5888,2956,29,Feira de beleza,2026-08-25,Negociação,75,85982.46,,,
5889,2956,29,Feira de beleza,2026-07-22,Prospecção,10,68962.21,,,
5890,2956,29,Feira de beleza,2026-07-21,Qualificação,25,61728.30,,,
5891,2958,2,Inbound site,2025-05-04,Negociação,75,22417.93,,,
5892,2960,10,Instagram,2025-02-18,Prospecção,10,69117.99,,,
5893,2960,10,Indicação,2026-01-14,Negociação,75,55627.65,,,
5894,2960,10,WhatsApp,2024-09-18,Fechado ganho,100,90991.54,2024-09-23,5,
5895,2960,10,Instagram,2025-04-20,Qualificação,25,44932.87,,,
5896,2962,32,Reativação,2025-03-08,Negociação,75,86074.86,,,
5897,2962,32,Instagram,2025-05-13,Fechado perdido,0,75538.69,2025-07-21,69,Sem verba no momento
5898,2962,32,Prospecção ativa,2025-11-22,Prospecção,10,52409.15,,,
5899,2963,13,Prospecção ativa,2024-12-17,Fechado ganho,100,7146.89,2025-01-22,36,
5900,2963,13,Inbound site,2025-11-30,Proposta enviada,50,64085.27,,,
5901,2966,18,Indicação,2025-12-03,Qualificação,25,17149.61,,,
5902,2966,18,Inbound site,2025-08-26,Fechado ganho,100,44164.91,2025-09-13,18,
5903,2967,25,WhatsApp,2026-01-03,Qualificação,25,19419.23,,,
5904,2967,25,Feira de beleza,2025-02-02,Qualificação,25,36360.02,,,
5905,2967,25,Reativação,2026-07-28,Qualificação,25,35092.97,,,
5906,2968,28,Indicação,2026-06-26,Negociação,75,88490.24,,,
5907,2968,28,Prospecção ativa,2025-06-14,Fechado ganho,100,94132.94,2025-07-07,23,
5908,2968,28,Prospecção ativa,2026-07-23,Negociação,75,89537.33,,,
5909,2970,23,Inbound site,2025-07-28,Qualificação,25,79540.43,,,
5910,2970,23,Indicação,2025-09-15,Qualificação,25,9900.25,,,
5911,2970,23,Inbound site,2025-10-25,Fechado ganho,100,46541.74,2025-12-20,56,
5912,2971,28,Indicação,2025-12-31,Fechado perdido,0,65005.89,2026-02-10,41,Já compra de outro importador
5913,2972,1,Feira de beleza,2025-02-27,Prospecção,10,25159.37,,,
5914,2972,1,Prospecção ativa,2024-09-07,Prospecção,10,75390.39,,,
5915,2973,38,WhatsApp,2026-03-28,Fechado ganho,100,66419.98,2026-04-26,29,
5916,2973,38,Prospecção ativa,2025-10-21,Negociação,75,68057.60,,,
5917,2973,38,Reativação,2024-12-03,Fechado ganho,100,73055.92,2025-01-17,45,
5918,2974,20,Feira de beleza,2025-08-04,Qualificação,25,58881.01,,,
5919,2975,38,Reativação,2024-09-11,Fechado perdido,0,58495.44,2024-09-25,14,Prazo de entrega
5920,2975,38,Feira de beleza,2026-06-26,Prospecção,10,7456.79,,,
5921,2975,38,Inbound site,2025-12-06,Fechado ganho,100,8222.03,2026-02-12,68,
5922,2976,38,Inbound site,2026-08-26,Negociação,75,68803.70,,,
5923,2977,22,Prospecção ativa,2025-07-05,Qualificação,25,81446.87,,,
5924,2977,15,Indicação,2024-11-10,Prospecção,10,17299.46,,,
5925,2978,9,Inbound site,2025-05-01,Qualificação,25,10372.12,,,
5926,2978,9,Indicação,2025-12-23,Fechado ganho,100,23915.25,2026-01-29,37,
5927,2978,9,WhatsApp,2025-10-02,Prospecção,10,92308.95,,,
5928,2978,9,Indicação,2025-03-21,Proposta enviada,50,74273.64,,,
5929,2980,26,Inbound site,2025-02-12,Prospecção,10,4735.74,,,
5930,2981,3,Feira de beleza,2025-12-09,Fechado ganho,100,38519.30,2026-01-22,44,
5931,2982,34,Feira de beleza,2026-03-13,Prospecção,10,139591.39,,,
5932,2982,34,Inbound site,2026-08-03,Qualificação,25,122429.35,,,
5933,2983,18,WhatsApp,2024-11-14,Fechado ganho,100,17534.93,2024-11-22,8,
5934,2983,18,WhatsApp,2025-08-08,Fechado perdido,0,109979.32,2025-10-16,69,Pediu exclusividade de marca
5935,2983,18,Reativação,2025-02-10,Fechado perdido,0,71004.48,2025-04-13,62,Fechou com concorrente
5936,2984,8,Feira de beleza,2025-12-19,Fechado perdido,0,136753.71,2026-02-21,64,Sem contato
5937,2984,8,Prospecção ativa,2026-03-09,Fechado perdido,0,68745.96,2026-04-14,36,Pediu exclusividade de marca
5938,2984,8,Reativação,2025-08-01,Fechado perdido,0,60940.09,2025-09-14,44,Já compra de outro importador
5939,2984,8,Feira de beleza,2025-08-01,Proposta enviada,50,41916.26,,,
5940,2985,9,Prospecção ativa,2025-02-08,Fechado perdido,0,59649.66,2025-03-19,39,Preço acima do concorrente
5941,2985,9,WhatsApp,2025-02-01,Fechado perdido,0,67722.64,2025-03-16,43,Fechou com concorrente
5942,2985,9,Inbound site,2026-06-05,Prospecção,10,80414.39,,,
5943,2985,9,Instagram,2024-09-19,Fechado ganho,100,20812.23,2024-11-07,49,
5944,2986,39,Instagram,2025-07-22,Proposta enviada,50,125476.54,,,
5945,2986,39,Instagram,2025-11-29,Negociação,75,88668.85,,,
5946,2986,39,Instagram,2026-01-15,Fechado perdido,0,29514.82,2026-01-30,15,Fechou com concorrente
5947,2987,41,Prospecção ativa,2025-08-24,Proposta enviada,50,41455.88,,,
5948,2987,41,Instagram,2025-10-15,Qualificação,25,11762.96,,,
5949,2987,41,Feira de beleza,2025-11-29,Prospecção,10,8076.26,,,
5950,2988,38,Reativação,2026-04-25,Fechado perdido,0,37806.34,2026-05-22,27,Preço acima do concorrente
5951,2988,38,WhatsApp,2025-12-09,Fechado ganho,100,52376.13,2025-12-30,21,
5952,2988,38,Prospecção ativa,2026-03-13,Qualificação,25,56752.45,,,
5953,2989,12,Instagram,2024-11-12,Fechado perdido,0,87404.81,2024-11-29,17,Pediu exclusividade de marca
5954,2990,20,Instagram,2025-10-24,Prospecção,10,77284.67,,,
5955,2990,20,Feira de beleza,2025-06-21,Qualificação,25,34103.16,,,
5956,2991,20,Inbound site,2025-02-28,Proposta enviada,50,68823.93,,,
5957,2991,20,Instagram,2026-07-09,Qualificação,25,17509.79,,,
5958,2992,20,Indicação,2026-08-26,Qualificação,25,56628.86,,,
5959,2993,22,Reativação,2024-12-06,Fechado ganho,100,86674.79,2025-02-18,74,
5960,2993,22,Instagram,2025-06-25,Fechado perdido,0,36699.15,2025-08-15,51,Sem contato
5961,2993,22,Inbound site,2026-07-17,Negociação,75,94479.35,,,
5962,2993,22,Instagram,2026-06-11,Prospecção,10,44916.87,,,
5963,2994,19,Reativação,2026-08-02,Negociação,75,84099.71,,,
5964,2994,19,Instagram,2024-12-07,Prospecção,10,69163.06,,,
5965,2994,19,Inbound site,2026-08-23,Negociação,75,55867.70,,,
5966,2994,19,WhatsApp,2026-08-14,Proposta enviada,50,67576.27,,,
5967,2994,19,Indicação,2025-06-06,Proposta enviada,50,84521.20,,,
5968,2994,19,Feira de beleza,2025-03-08,Qualificação,25,82004.68,,,
5969,2995,38,Inbound site,2025-09-04,Prospecção,10,64501.89,,,
5970,2995,38,Indicação,2025-09-18,Fechado ganho,100,69418.33,2025-10-03,15,
5971,2996,18,Inbound site,2025-08-24,Fechado perdido,0,63168.24,2025-09-23,30,Pediu exclusividade de marca
5972,2996,37,Prospecção ativa,2026-05-17,Qualificação,25,89692.34,,,
5973,2997,19,Feira de beleza,2025-07-15,Proposta enviada,50,7400.70,,,
5974,2997,19,Instagram,2024-11-07,Negociação,75,67872.53,,,
5975,2997,19,WhatsApp,2025-09-16,Qualificação,25,64250.22,,,
5976,3000,32,Reativação,2025-03-27,Proposta enviada,50,120611.75,,,
5977,3000,32,Instagram,2025-10-01,Fechado ganho,100,87358.35,2025-10-26,25,
5978,3000,32,Reativação,2026-08-03,Proposta enviada,50,11419.89,,,
5979,3000,32,Inbound site,2026-03-01,Qualificação,25,73250.85,,,
