data_snapshot,sku,saldo,ruptura
2024-09-01,SKU00042,678,N
2024-09-01,SKU00003,566,N
2024-09-01,SKU00229,154,N
2024-09-01,SKU00043,585,N
2024-09-01,SKU00275,793,N
2024-09-01,SKU00165,596,N
2024-09-01,SKU00192,305,N
2024-09-01,SKU00062,202,N
2024-09-01,SKU00163,501,N
2024-09-01,SKU00209,674,N
2024-09-01,SKU00240,107,N
2024-09-01,SKU00111,133,N
2024-09-01,SKU00016,0,S
2024-09-01,SKU00164,337,N
2024-09-01,SKU00286,405,N
2024-09-01,SKU00127,711,N
2024-09-01,SKU00216,0,S
2024-09-01,SKU00073,618,N
2024-09-01,SKU00263,0,S
2024-09-01,SKU00083,382,N
2024-09-01,SKU00054,283,N
2024-09-01,SKU00064,205,N
2024-09-01,SKU00037,728,N
2024-09-01,SKU00170,433,N
2024-09-01,SKU00018,597,N
2024-09-01,SKU00076,0,S
2024-09-01,SKU00198,26,N
2024-09-01,SKU00276,612,N
2024-09-01,SKU00122,569,N
2024-09-01,SKU00007,646,N
2024-09-01,SKU00289,154,N
2024-09-01,SKU00166,664,N
2024-09-01,SKU00197,73,N
2024-09-01,SKU00272,64,N
2024-09-01,SKU00096,124,N
2024-09-01,SKU00095,798,N
2024-09-01,SKU00189,658,N
2024-09-01,SKU00252,615,N
2024-09-01,SKU00236,357,N
2024-09-01,SKU00204,660,N
2024-09-01,SKU00273,425,N
2024-09-01,SKU00208,270,N
2024-09-01,SKU00039,120,N
2024-09-01,SKU00012,34,N
2024-09-01,SKU00152,455,N
2024-09-01,SKU00065,559,N
2024-09-01,SKU00191,16,N
2024-09-01,SKU00245,252,N
2024-09-01,SKU00079,0,S
2024-09-01,SKU00087,220,N
2024-09-01,SKU00068,23,N
2024-09-01,SKU00053,289,N
2024-09-01,SKU00050,792,N
2024-09-01,SKU00147,0,S
2024-09-01,SKU00098,217,N
2024-09-01,SKU00091,742,N
2024-09-01,SKU00232,216,N
2024-09-01,SKU00034,486,N
2024-09-01,SKU00207,248,N
2024-09-01,SKU00219,79,N
2024-09-01,SKU00259,0,S
2024-09-01,SKU00060,500,N
2024-09-01,SKU00078,612,N
2024-09-01,SKU00161,193,N
2024-09-01,SKU00146,580,N
2024-09-01,SKU00047,738,N
2024-09-01,SKU00138,511,N
2024-09-01,SKU00231,5,N
2024-09-01,SKU00167,28,N
2024-09-01,SKU00246,243,N
2024-09-01,SKU00218,198,N
2024-09-01,SKU00023,321,N
2024-09-01,SKU00041,213,N
2024-09-01,SKU00190,617,N
2024-09-01,SKU00285,220,N
2024-09-01,SKU00013,800,N
2024-09-01,SKU00015,297,N
2024-09-01,SKU00242,524,N
2024-09-01,SKU00030,429,N
2024-09-01,SKU00116,0,S
2024-09-08,SKU00225,134,N
2024-09-08,SKU00034,314,N
2024-09-08,SKU00191,776,N
2024-09-08,SKU00146,387,N
2024-09-08,SKU00041,64,N
2024-09-08,SKU00061,215,N
2024-09-08,SKU00097,631,N
2024-09-08,SKU00137,35,N
2024-09-08,SKU00007,700,N
2024-09-08,SKU00178,435,N
2024-09-08,SKU00054,705,N
2024-09-08,SKU00035,575,N
2024-09-08,SKU00076,1,N
2024-09-08,SKU00233,434,N
2024-09-08,SKU00122,435,N
2024-09-08,SKU00062,709,N
2024-09-08,SKU00053,367,N
2024-09-08,SKU00101,281,N
2024-09-08,SKU00212,17,N
2024-09-08,SKU00091,275,N
2024-09-08,SKU00164,762,N
2024-09-08,SKU00254,45,N
2024-09-08,SKU00258,264,N
2024-09-08,SKU00210,78,N
2024-09-08,SKU00141,346,N
2024-09-08,SKU00197,138,N
2024-09-08,SKU00002,177,N
2024-09-08,SKU00074,687,N
2024-09-08,SKU00262,450,N
2024-09-08,SKU00134,628,N
2024-09-08,SKU00021,0,S
2024-09-08,SKU00011,95,N
2024-09-08,SKU00173,208,N
2024-09-08,SKU00280,0,S
2024-09-08,SKU00123,548,N
2024-09-08,SKU00179,609,N
2024-09-08,SKU00154,609,N
2024-09-08,SKU00220,235,N
2024-09-08,SKU00161,430,N
2024-09-08,SKU00235,0,S
2024-09-08,SKU00148,759,N
2024-09-08,SKU00005,628,N
2024-09-08,SKU00038,0,S
2024-09-08,SKU00284,0,S
2024-09-08,SKU00075,785,N
2024-09-08,SKU00105,660,N
2024-09-08,SKU00266,274,N
2024-09-08,SKU00058,238,N
2024-09-08,SKU00032,0,S
2024-09-08,SKU00070,159,N
2024-09-08,SKU00153,185,N
2024-09-08,SKU00085,490,N
2024-09-08,SKU00232,89,N
2024-09-08,SKU00131,193,N
2024-09-08,SKU00223,87,N
2024-09-08,SKU00264,313,N
2024-09-08,SKU00069,35,N
2024-09-08,SKU00046,231,N
2024-09-08,SKU00082,194,N
2024-09-08,SKU00187,739,N
2024-09-08,SKU00265,632,N
2024-09-08,SKU00190,464,N
2024-09-08,SKU00089,126,N
2024-09-08,SKU00207,0,S
2024-09-08,SKU00093,0,S
2024-09-08,SKU00160,672,N
2024-09-08,SKU00246,537,N
2024-09-08,SKU00138,473,N
2024-09-08,SKU00229,310,N
2024-09-08,SKU00006,237,N
2024-09-08,SKU00128,178,N
2024-09-08,SKU00285,666,N
2024-09-08,SKU00037,371,N
2024-09-08,SKU00001,656,N
2024-09-08,SKU00274,108,N
2024-09-08,SKU00240,357,N
2024-09-08,SKU00112,533,N
2024-09-08,SKU00026,633,N
2024-09-08,SKU00247,305,N
2024-09-08,SKU00014,335,N
2024-09-15,SKU00283,537,N
2024-09-15,SKU00200,512,N
2024-09-15,SKU00029,87,N
2024-09-15,SKU00068,0,S
2024-09-15,SKU00222,543,N
2024-09-15,SKU00085,706,N
2024-09-15,SKU00164,429,N
2024-09-15,SKU00152,615,N
2024-09-15,SKU00102,0,S
2024-09-15,SKU00170,564,N
2024-09-15,SKU00275,0,S
2024-09-15,SKU00233,112,N
2024-09-15,SKU00117,156,N
2024-09-15,SKU00258,0,S
2024-09-15,SKU00134,476,N
2024-09-15,SKU00223,179,N
2024-09-15,SKU00235,0,S
2024-09-15,SKU00183,331,N
2024-09-15,SKU00140,439,N
2024-09-15,SKU00243,160,N
2024-09-15,SKU00083,582,N
2024-09-15,SKU00060,30,N
2024-09-15,SKU00191,345,N
2024-09-15,SKU00253,561,N
2024-09-15,SKU00209,263,N
2024-09-15,SKU00248,7,N
2024-09-15,SKU00242,357,N
2024-09-15,SKU00165,181,N
2024-09-15,SKU00007,542,N
2024-09-15,SKU00067,266,N
2024-09-15,SKU00116,303,N
2024-09-15,SKU00180,137,N
2024-09-15,SKU00227,0,S
2024-09-15,SKU00034,477,N
2024-09-15,SKU00194,110,N
2024-09-15,SKU00291,666,N
2024-09-15,SKU00087,261,N
2024-09-15,SKU00269,719,N
2024-09-15,SKU00260,698,N
2024-09-15,SKU00062,499,N
2024-09-15,SKU00219,21,N
2024-09-15,SKU00040,341,N
2024-09-15,SKU00064,439,N
2024-09-15,SKU00107,648,N
2024-09-15,SKU00063,0,S
2024-09-15,SKU00100,331,N
2024-09-15,SKU00255,299,N
2024-09-15,SKU00120,394,N
2024-09-15,SKU00069,658,N
2024-09-15,SKU00127,66,N
2024-09-15,SKU00241,509,N
2024-09-15,SKU00074,59,N
2024-09-15,SKU00175,0,S
2024-09-15,SKU00199,131,N
2024-09-15,SKU00033,535,N
2024-09-15,SKU00172,346,N
2024-09-15,SKU00256,208,N
2024-09-15,SKU00055,464,N
2024-09-15,SKU00092,146,N
2024-09-15,SKU00259,609,N
2024-09-15,SKU00207,731,N
2024-09-15,SKU00090,678,N
2024-09-15,SKU00210,269,N
2024-09-15,SKU00281,32,N
2024-09-15,SKU00284,656,N
2024-09-15,SKU00148,735,N
2024-09-15,SKU00136,539,N
2024-09-15,SKU00066,0,S
2024-09-15,SKU00203,192,N
2024-09-15,SKU00190,572,N
2024-09-15,SKU00050,0,S
2024-09-15,SKU00189,699,N
2024-09-15,SKU00230,181,N
2024-09-15,SKU00131,0,S
2024-09-15,SKU00205,408,N
2024-09-15,SKU00251,182,N
2024-09-15,SKU00106,643,N
2024-09-15,SKU00045,163,N
2024-09-15,SKU00044,0,S
2024-09-15,SKU00264,740,N
2024-09-22,SKU00123,0,S
2024-09-22,SKU00094,150,N
2024-09-22,SKU00140,278,N
2024-09-22,SKU00092,80,N
2024-09-22,SKU00077,351,N
2024-09-22,SKU00079,114,N
2024-09-22,SKU00060,0,S
2024-09-22,SKU00246,117,N
2024-09-22,SKU00250,738,N
2024-09-22,SKU00278,771,N
2024-09-22,SKU00007,459,N
2024-09-22,SKU00248,59,N
2024-09-22,SKU00023,410,N
2024-09-22,SKU00076,741,N
2024-09-22,SKU00187,298,N
2024-09-22,SKU00167,0,S
2024-09-22,SKU00038,664,N
2024-09-22,SKU00195,54,N
2024-09-22,SKU00045,39,N
2024-09-22,SKU00109,361,N
2024-09-22,SKU00289,409,N
2024-09-22,SKU00144,332,N
2024-09-22,SKU00021,47,N
2024-09-22,SKU00118,550,N
2024-09-22,SKU00198,121,N
2024-09-22,SKU00166,726,N
2024-09-22,SKU00207,378,N
2024-09-22,SKU00257,58,N
2024-09-22,SKU00086,0,S
2024-09-22,SKU00126,489,N
2024-09-22,SKU00097,578,N
2024-09-22,SKU00206,590,N
2024-09-22,SKU00163,88,N
2024-09-22,SKU00201,489,N
2024-09-22,SKU00091,278,N
2024-09-22,SKU00186,524,N
2024-09-22,SKU00087,0,S
2024-09-22,SKU00044,0,S
2024-09-22,SKU00212,743,N
2024-09-22,SKU00136,107,N
2024-09-22,SKU00075,23,N
2024-09-22,SKU00266,683,N
2024-09-22,SKU00127,0,S
2024-09-22,SKU00033,0,S
2024-09-22,SKU00208,4,N
2024-09-22,SKU00244,761,N
2024-09-22,SKU00116,23,N
2024-09-22,SKU00282,0,S
2024-09-22,SKU00107,102,N
2024-09-22,SKU00179,775,N
2024-09-22,SKU00180,634,N
2024-09-22,SKU00001,531,N
2024-09-22,SKU00263,100,N
2024-09-22,SKU00124,460,N
2024-09-22,SKU00258,215,N
2024-09-22,SKU00130,113,N
2024-09-22,SKU00131,0,S
2024-09-22,SKU00019,214,N
2024-09-22,SKU00122,0,S
2024-09-22,SKU00058,353,N
2024-09-22,SKU00011,494,N
2024-09-22,SKU00084,676,N
2024-09-22,SKU00146,131,N
2024-09-22,SKU00083,230,N
2024-09-22,SKU00025,759,N
2024-09-22,SKU00035,38,N
2024-09-22,SKU00237,154,N
2024-09-22,SKU00054,182,N
2024-09-22,SKU00190,383,N
2024-09-22,SKU00275,784,N
2024-09-22,SKU00225,0,S
2024-09-22,SKU00014,309,N
2024-09-22,SKU00243,375,N
2024-09-22,SKU00009,543,N
2024-09-22,SKU00037,32,N
2024-09-22,SKU00029,167,N
2024-09-22,SKU00272,397,N
2024-09-22,SKU00006,249,N
2024-09-22,SKU00101,0,S
2024-09-22,SKU00279,116,N
2024-09-29,SKU00204,594,N
2024-09-29,SKU00199,585,N
2024-09-29,SKU00274,309,N
2024-09-29,SKU00247,783,N
2024-09-29,SKU00184,185,N
2024-09-29,SKU00013,0,S
2024-09-29,SKU00276,514,N
2024-09-29,SKU00018,215,N
2024-09-29,SKU00123,352,N
2024-09-29,SKU00101,726,N
2024-09-29,SKU00025,353,N
2024-09-29,SKU00195,322,N
2024-09-29,SKU00167,437,N
2024-09-29,SKU00028,520,N
2024-09-29,SKU00187,63,N
2024-09-29,SKU00211,91,N
2024-09-29,SKU00087,22,N
2024-09-29,SKU00232,374,N
2024-09-29,SKU00191,256,N
2024-09-29,SKU00139,158,N
2024-09-29,SKU00252,360,N
2024-09-29,SKU00058,444,N
2024-09-29,SKU00115,737,N
2024-09-29,SKU00048,472,N
2024-09-29,SKU00038,705,N
2024-09-29,SKU00163,716,N
2024-09-29,SKU00218,477,N
2024-09-29,SKU00118,140,N
2024-09-29,SKU00155,126,N
2024-09-29,SKU00004,298,N
2024-09-29,SKU00225,212,N
2024-09-29,SKU00121,795,N
2024-09-29,SKU00154,304,N
2024-09-29,SKU00221,800,N
2024-09-29,SKU00053,290,N
2024-09-29,SKU00153,787,N
2024-09-29,SKU00111,0,S
2024-09-29,SKU00172,160,N
2024-09-29,SKU00055,310,N
2024-09-29,SKU00246,642,N
2024-09-29,SKU00238,83,N
2024-09-29,SKU00209,755,N
2024-09-29,SKU00257,374,N
2024-09-29,SKU00047,302,N
2024-09-29,SKU00045,474,N
2024-09-29,SKU00027,0,S
2024-09-29,SKU00198,706,N
2024-09-29,SKU00151,70,N
2024-09-29,SKU00129,701,N
2024-09-29,SKU00227,758,N
2024-09-29,SKU00194,519,N
2024-09-29,SKU00224,641,N
2024-09-29,SKU00054,0,S
2024-09-29,SKU00248,316,N
2024-09-29,SKU00119,444,N
2024-09-29,SKU00030,0,S
2024-09-29,SKU00189,275,N
2024-09-29,SKU00162,333,N
2024-09-29,SKU00008,708,N
2024-09-29,SKU00065,311,N
2024-09-29,SKU00114,0,S
2024-09-29,SKU00136,746,N
2024-09-29,SKU00226,0,S
2024-09-29,SKU00122,567,N
2024-09-29,SKU00214,578,N
2024-09-29,SKU00044,414,N
2024-09-29,SKU00196,546,N
2024-09-29,SKU00285,460,N
2024-09-29,SKU00026,483,N
2024-09-29,SKU00120,392,N
2024-09-29,SKU00125,441,N
2024-09-29,SKU00220,765,N
2024-09-29,SKU00116,443,N
2024-09-29,SKU00035,236,N
2024-09-29,SKU00228,20,N
2024-09-29,SKU00222,0,S
2024-09-29,SKU00051,229,N
2024-09-29,SKU00127,73,N
2024-09-29,SKU00281,447,N
2024-09-29,SKU00275,790,N
2024-10-06,SKU00201,601,N
2024-10-06,SKU00158,640,N
2024-10-06,SKU00028,730,N
2024-10-06,SKU00073,308,N
2024-10-06,SKU00121,360,N
2024-10-06,SKU00176,272,N
2024-10-06,SKU00127,509,N
2024-10-06,SKU00089,157,N
2024-10-06,SKU00024,796,N
2024-10-06,SKU00075,375,N
2024-10-06,SKU00080,432,N
2024-10-06,SKU00046,444,N
2024-10-06,SKU00074,156,N
2024-10-06,SKU00098,777,N
2024-10-06,SKU00038,751,N
2024-10-06,SKU00114,165,N
2024-10-06,SKU00259,0,S
2024-10-06,SKU00029,669,N
2024-10-06,SKU00237,603,N
2024-10-06,SKU00166,18,N
2024-10-06,SKU00212,326,N
2024-10-06,SKU00170,48,N
2024-10-06,SKU00142,785,N
2024-10-06,SKU00068,243,N
2024-10-06,SKU00265,411,N
2024-10-06,SKU00285,596,N
2024-10-06,SKU00275,0,S
2024-10-06,SKU00053,63,N
2024-10-06,SKU00026,279,N
2024-10-06,SKU00102,0,S
2024-10-06,SKU00269,300,N
2024-10-06,SKU00213,128,N
2024-10-06,SKU00218,0,S
2024-10-06,SKU00209,88,N
2024-10-06,SKU00077,725,N
2024-10-06,SKU00035,766,N
2024-10-06,SKU00174,485,N
2024-10-06,SKU00272,64,N
2024-10-06,SKU00039,377,N
2024-10-06,SKU00280,590,N
2024-10-06,SKU00199,53,N
2024-10-06,SKU00126,171,N
2024-10-06,SKU00261,495,N
2024-10-06,SKU00222,667,N
2024-10-06,SKU00041,486,N
2024-10-06,SKU00192,542,N
2024-10-06,SKU00023,53,N
2024-10-06,SKU00168,791,N
2024-10-06,SKU00003,627,N
2024-10-06,SKU00059,235,N
2024-10-06,SKU00282,537,N
2024-10-06,SKU00008,654,N
2024-10-06,SKU00021,31,N
2024-10-06,SKU00217,195,N
2024-10-06,SKU00190,0,S
2024-10-06,SKU00065,421,N
2024-10-06,SKU00149,480,N
2024-10-06,SKU00123,0,S
2024-10-06,SKU00027,0,S
2024-10-06,SKU00224,98,N
2024-10-06,SKU00154,652,N
2024-10-06,SKU00204,547,N
2024-10-06,SKU00200,598,N
2024-10-06,SKU00229,748,N
2024-10-06,SKU00062,711,N
2024-10-06,SKU00135,219,N
2024-10-06,SKU00205,198,N
2024-10-06,SKU00022,135,N
2024-10-06,SKU00152,4,N
2024-10-06,SKU00085,449,N
2024-10-06,SKU00169,191,N
2024-10-06,SKU00144,549,N
2024-10-06,SKU00232,3,N
2024-10-06,SKU00195,614,N
2024-10-06,SKU00248,345,N
2024-10-06,SKU00146,79,N
2024-10-06,SKU00290,261,N
2024-10-06,SKU00258,393,N
2024-10-06,SKU00034,301,N
2024-10-06,SKU00067,602,N
2024-10-13,SKU00231,701,N
2024-10-13,SKU00038,0,S
2024-10-13,SKU00145,382,N
2024-10-13,SKU00083,171,N
2024-10-13,SKU00121,415,N
2024-10-13,SKU00291,226,N
2024-10-13,SKU00089,0,S
2024-10-13,SKU00275,727,N
2024-10-13,SKU00059,693,N
2024-10-13,SKU00249,284,N
2024-10-13,SKU00254,0,S
2024-10-13,SKU00218,98,N
2024-10-13,SKU00094,575,N
2024-10-13,SKU00232,293,N
2024-10-13,SKU00169,380,N
2024-10-13,SKU00144,764,N
2024-10-13,SKU00138,417,N
2024-10-13,SKU00284,497,N
2024-10-13,SKU00081,561,N
2024-10-13,SKU00047,0,S
2024-10-13,SKU00281,0,S
2024-10-13,SKU00108,543,N
2024-10-13,SKU00268,235,N
2024-10-13,SKU00225,670,N
2024-10-13,SKU00166,0,S
2024-10-13,SKU00015,413,N
2024-10-13,SKU00285,504,N
2024-10-13,SKU00141,681,N
2024-10-13,SKU00259,0,S
2024-10-13,SKU00029,130,N
2024-10-13,SKU00211,706,N
2024-10-13,SKU00195,568,N
2024-10-13,SKU00230,266,N
2024-10-13,SKU00128,156,N
2024-10-13,SKU00159,156,N
2024-10-13,SKU00084,605,N
2024-10-13,SKU00054,0,S
2024-10-13,SKU00066,338,N
2024-10-13,SKU00135,361,N
2024-10-13,SKU00151,0,S
2024-10-13,SKU00040,0,S
2024-10-13,SKU00183,497,N
2024-10-13,SKU00280,785,N
2024-10-13,SKU00036,617,N
2024-10-13,SKU00041,766,N
2024-10-13,SKU00194,625,N
2024-10-13,SKU00237,0,S
2024-10-13,SKU00140,246,N
2024-10-13,SKU00228,648,N
2024-10-13,SKU00035,604,N
2024-10-13,SKU00164,603,N
2024-10-13,SKU00234,448,N
2024-10-13,SKU00053,637,N
2024-10-13,SKU00186,646,N
2024-10-13,SKU00073,269,N
2024-10-13,SKU00026,128,N
2024-10-13,SKU00202,751,N
2024-10-13,SKU00262,350,N
2024-10-13,SKU00005,306,N
2024-10-13,SKU00031,371,N
2024-10-13,SKU00011,0,S
2024-10-13,SKU00103,525,N
2024-10-13,SKU00251,564,N
2024-10-13,SKU00176,416,N
2024-10-13,SKU00130,463,N
2024-10-13,SKU00045,610,N
2024-10-13,SKU00214,494,N
2024-10-13,SKU00161,0,S
2024-10-13,SKU00177,561,N
2024-10-13,SKU00192,152,N
2024-10-13,SKU00247,510,N
2024-10-13,SKU00255,99,N
2024-10-13,SKU00180,665,N
2024-10-13,SKU00198,502,N
2024-10-13,SKU00178,353,N
2024-10-13,SKU00115,606,N
2024-10-13,SKU00069,609,N
2024-10-13,SKU00274,537,N
2024-10-13,SKU00114,0,S
2024-10-13,SKU00117,172,N
2024-10-20,SKU00115,10,N
2024-10-20,SKU00044,702,N
2024-10-20,SKU00154,437,N
2024-10-20,SKU00275,709,N
2024-10-20,SKU00215,162,N
2024-10-20,SKU00130,351,N
2024-10-20,SKU00135,661,N
2024-10-20,SKU00005,37,N
2024-10-20,SKU00286,464,N
2024-10-20,SKU00144,745,N
2024-10-20,SKU00191,313,N
2024-10-20,SKU00072,627,N
2024-10-20,SKU00226,43,N
2024-10-20,SKU00024,388,N
2024-10-20,SKU00086,153,N
2024-10-20,SKU00142,519,N
2024-10-20,SKU00165,776,N
2024-10-20,SKU00082,142,N
2024-10-20,SKU00207,711,N
2024-10-20,SKU00059,375,N
2024-10-20,SKU00148,744,N
2024-10-20,SKU00061,91,N
2024-10-20,SKU00110,0,S
2024-10-20,SKU00259,783,N
2024-10-20,SKU00032,626,N
2024-10-20,SKU00087,86,N
2024-10-20,SKU00041,345,N
2024-10-20,SKU00037,691,N
2024-10-20,SKU00167,624,N
2024-10-20,SKU00261,699,N
2024-10-20,SKU00188,346,N
2024-10-20,SKU00280,386,N
2024-10-20,SKU00070,623,N
2024-10-20,SKU00171,155,N
2024-10-20,SKU00206,221,N
2024-10-20,SKU00064,4,N
2024-10-20,SKU00182,0,S
2024-10-20,SKU00252,128,N
2024-10-20,SKU00160,0,S
2024-10-20,SKU00193,0,S
2024-10-20,SKU00021,103,N
2024-10-20,SKU00023,0,S
2024-10-20,SKU00030,470,N
2024-10-20,SKU00212,770,N
2024-10-20,SKU00203,0,S
2024-10-20,SKU00139,732,N
2024-10-20,SKU00049,0,S
2024-10-20,SKU00095,600,N
2024-10-20,SKU00039,707,N
2024-10-20,SKU00185,67,N
2024-10-20,SKU00047,9,N
2024-10-20,SKU00227,288,N
2024-10-20,SKU00136,703,N
2024-10-20,SKU00199,0,S
2024-10-20,SKU00282,0,S
2024-10-20,SKU00096,641,N
2024-10-20,SKU00075,763,N
2024-10-20,SKU00278,714,N
2024-10-20,SKU00141,0,S
2024-10-20,SKU00078,0,S
2024-10-20,SKU00069,36,N
2024-10-20,SKU00265,448,N
2024-10-20,SKU00002,436,N
2024-10-20,SKU00056,499,N
2024-10-20,SKU00262,140,N
2024-10-20,SKU00156,207,N
2024-10-20,SKU00117,15,N
2024-10-20,SKU00208,173,N
2024-10-20,SKU00243,212,N
2024-10-20,SKU00091,778,N
2024-10-20,SKU00291,673,N
2024-10-20,SKU00246,111,N
2024-10-20,SKU00204,366,N
2024-10-20,SKU00131,0,S
2024-10-20,SKU00249,251,N
2024-10-20,SKU00020,563,N
2024-10-20,SKU00254,391,N
2024-10-20,SKU00223,410,N
2024-10-20,SKU00065,42,N
2024-10-20,SKU00258,461,N
2024-10-27,SKU00144,356,N
2024-10-27,SKU00169,371,N
2024-10-27,SKU00175,53,N
2024-10-27,SKU00092,446,N
2024-10-27,SKU00030,537,N
2024-10-27,SKU00022,473,N
2024-10-27,SKU00273,334,N
2024-10-27,SKU00291,656,N
2024-10-27,SKU00128,460,N
2024-10-27,SKU00285,239,N
2024-10-27,SKU00037,727,N
2024-10-27,SKU00244,188,N
2024-10-27,SKU00023,562,N
2024-10-27,SKU00180,337,N
2024-10-27,SKU00091,442,N
2024-10-27,SKU00060,270,N
2024-10-27,SKU00286,0,S
2024-10-27,SKU00028,395,N
2024-10-27,SKU00194,466,N
2024-10-27,SKU00109,593,N
2024-10-27,SKU00167,623,N
2024-10-27,SKU00038,61,N
2024-10-27,SKU00143,704,N
2024-10-27,SKU00048,297,N
2024-10-27,SKU00011,86,N
2024-10-27,SKU00115,468,N
2024-10-27,SKU00134,742,N
2024-10-27,SKU00223,407,N
2024-10-27,SKU00261,249,N
2024-10-27,SKU00249,321,N
2024-10-27,SKU00160,669,N
2024-10-27,SKU00008,335,N
2024-10-27,SKU00205,364,N
2024-10-27,SKU00102,0,S
2024-10-27,SKU00142,784,N
2024-10-27,SKU00156,25,N
2024-10-27,SKU00211,546,N
2024-10-27,SKU00219,399,N
2024-10-27,SKU00236,294,N
2024-10-27,SKU00090,378,N
2024-10-27,SKU00159,587,N
2024-10-27,SKU00111,10,N
2024-10-27,SKU00120,79,N
2024-10-27,SKU00095,463,N
2024-10-27,SKU00246,461,N
2024-10-27,SKU00151,314,N
2024-10-27,SKU00268,18,N
2024-10-27,SKU00100,516,N
2024-10-27,SKU00079,117,N
2024-10-27,SKU00201,697,N
2024-10-27,SKU00199,473,N
2024-10-27,SKU00062,699,N
2024-10-27,SKU00281,722,N
2024-10-27,SKU00114,85,N
2024-10-27,SKU00074,403,N
2024-10-27,SKU00165,241,N
2024-10-27,SKU00012,773,N
2024-10-27,SKU00258,195,N
2024-10-27,SKU00025,642,N
2024-10-27,SKU00186,169,N
2024-10-27,SKU00174,277,N
2024-10-27,SKU00290,302,N
2024-10-27,SKU00202,706,N
2024-10-27,SKU00240,431,N
2024-10-27,SKU00080,479,N
2024-10-27,SKU00122,384,N
2024-10-27,SKU00265,577,N
2024-10-27,SKU00045,96,N
2024-10-27,SKU00015,231,N
2024-10-27,SKU00097,373,N
2024-10-27,SKU00004,689,N
2024-10-27,SKU00254,425,N
2024-10-27,SKU00155,0,S
2024-10-27,SKU00264,113,N
2024-10-27,SKU00277,103,N
2024-10-27,SKU00135,56,N
2024-10-27,SKU00278,387,N
2024-10-27,SKU00139,390,N
2024-10-27,SKU00260,618,N
2024-10-27,SKU00130,439,N
2024-11-03,SKU00178,102,N
2024-11-03,SKU00094,594,N
2024-11-03,SKU00005,0,S
2024-11-03,SKU00018,623,N
2024-11-03,SKU00164,743,N
2024-11-03,SKU00154,210,N
2024-11-03,SKU00251,477,N
2024-11-03,SKU00150,190,N
2024-11-03,SKU00029,13,N
2024-11-03,SKU00096,468,N
2024-11-03,SKU00130,139,N
2024-11-03,SKU00116,435,N
2024-11-03,SKU00152,175,N
2024-11-03,SKU00138,460,N
2024-11-03,SKU00079,0,S
2024-11-03,SKU00114,0,S
2024-11-03,SKU00285,758,N
2024-11-03,SKU00048,126,N
2024-11-03,SKU00064,180,N
2024-11-03,SKU00207,578,N
2024-11-03,SKU00181,422,N
2024-11-03,SKU00007,734,N
2024-11-03,SKU00274,331,N
2024-11-03,SKU00162,740,N
2024-11-03,SKU00101,738,N
2024-11-03,SKU00045,716,N
2024-11-03,SKU00069,222,N
2024-11-03,SKU00221,158,N
2024-11-03,SKU00027,755,N
2024-11-03,SKU00261,172,N
2024-11-03,SKU00200,388,N
2024-11-03,SKU00264,337,N
2024-11-03,SKU00199,234,N
2024-11-03,SKU00170,156,N
2024-11-03,SKU00190,174,N
2024-11-03,SKU00265,634,N
2024-11-03,SKU00088,647,N
2024-11-03,SKU00103,0,S
2024-11-03,SKU00087,8,N
2024-11-03,SKU00090,498,N
2024-11-03,SKU00057,791,N
2024-11-03,SKU00125,0,S
2024-11-03,SKU00108,573,N
2024-11-03,SKU00013,196,N
2024-11-03,SKU00076,313,N
2024-11-03,SKU00208,712,N
2024-11-03,SKU00012,114,N
2024-11-03,SKU00042,31,N
2024-11-03,SKU00239,0,S
2024-11-03,SKU00136,0,S
2024-11-03,SKU00089,163,N
2024-11-03,SKU00017,267,N
2024-11-03,SKU00279,115,N
2024-11-03,SKU00287,758,N
2024-11-03,SKU00031,85,N
2024-11-03,SKU00074,775,N
2024-11-03,SKU00169,627,N
2024-11-03,SKU00211,218,N
2024-11-03,SKU00099,317,N
2024-11-03,SKU00009,69,N
2024-11-03,SKU00092,409,N
2024-11-03,SKU00086,755,N
2024-11-03,SKU00148,692,N
2024-11-03,SKU00055,12,N
2024-11-03,SKU00184,421,N
2024-11-03,SKU00006,554,N
2024-11-03,SKU00070,0,S
2024-11-03,SKU00111,705,N
2024-11-03,SKU00091,557,N
2024-11-03,SKU00097,251,N
2024-11-03,SKU00236,130,N
2024-11-03,SKU00117,537,N
2024-11-03,SKU00232,246,N
2024-11-03,SKU00226,2,N
2024-11-03,SKU00216,233,N
2024-11-03,SKU00267,0,S
2024-11-03,SKU00151,755,N
2024-11-03,SKU00290,313,N
2024-11-03,SKU00235,0,S
2024-11-03,SKU00225,511,N
2024-11-10,SKU00149,469,N
2024-11-10,SKU00128,675,N
2024-11-10,SKU00065,461,N
2024-11-10,SKU00243,538,N
2024-11-10,SKU00291,331,N
2024-11-10,SKU00021,281,N
2024-11-10,SKU00185,591,N
2024-11-10,SKU00286,126,N
2024-11-10,SKU00264,596,N
2024-11-10,SKU00025,699,N
2024-11-10,SKU00087,298,N
2024-11-10,SKU00047,646,N
2024-11-10,SKU00287,708,N
2024-11-10,SKU00109,577,N
2024-11-10,SKU00020,697,N
2024-11-10,SKU00278,540,N
2024-11-10,SKU00105,114,N
2024-11-10,SKU00275,0,S
2024-11-10,SKU00016,38,N
2024-11-10,SKU00101,0,S
2024-11-10,SKU00180,48,N
2024-11-10,SKU00085,0,S
2024-11-10,SKU00232,101,N
2024-11-10,SKU00267,430,N
2024-11-10,SKU00122,0,S
2024-11-10,SKU00019,639,N
2024-11-10,SKU00269,387,N
2024-11-10,SKU00249,0,S
2024-11-10,SKU00075,10,N
2024-11-10,SKU00103,665,N
2024-11-10,SKU00179,51,N
2024-11-10,SKU00099,475,N
2024-11-10,SKU00034,580,N
2024-11-10,SKU00048,23,N
2024-11-10,SKU00168,122,N
2024-11-10,SKU00049,770,N
2024-11-10,SKU00256,758,N
2024-11-10,SKU00261,511,N
2024-11-10,SKU00162,683,N
2024-11-10,SKU00205,309,N
2024-11-10,SKU00067,518,N
2024-11-10,SKU00156,602,N
2024-11-10,SKU00209,703,N
2024-11-10,SKU00176,87,N
2024-11-10,SKU00191,470,N
2024-11-10,SKU00086,248,N
2024-11-10,SKU00190,0,S
2024-11-10,SKU00125,474,N
2024-11-10,SKU00230,709,N
2024-11-10,SKU00076,471,N
2024-11-10,SKU00137,208,N
2024-11-10,SKU00160,59,N
2024-11-10,SKU00187,793,N
2024-11-10,SKU00097,446,N
2024-11-10,SKU00022,554,N
2024-11-10,SKU00195,628,N
2024-11-10,SKU00119,699,N
2024-11-10,SKU00206,0,S
2024-11-10,SKU00005,271,N
2024-11-10,SKU00006,469,N
2024-11-10,SKU00077,89,N
2024-11-10,SKU00245,12,N
2024-11-10,SKU00093,171,N
2024-11-10,SKU00018,64,N
2024-11-10,SKU00270,544,N
2024-11-10,SKU00263,251,N
2024-11-10,SKU00204,79,N
2024-11-10,SKU00260,253,N
2024-11-10,SKU00184,554,N
2024-11-10,SKU00211,351,N
2024-11-10,SKU00011,444,N
2024-11-10,SKU00148,474,N
2024-11-10,SKU00079,61,N
2024-11-10,SKU00141,539,N
2024-11-10,SKU00276,457,N
2024-11-10,SKU00089,424,N
2024-11-10,SKU00129,701,N
2024-11-10,SKU00177,219,N
2024-11-10,SKU00054,317,N
2024-11-10,SKU00114,687,N
2024-11-17,SKU00031,697,N
2024-11-17,SKU00045,0,S
2024-11-17,SKU00154,0,S
2024-11-17,SKU00164,9,N
2024-11-17,SKU00137,0,S
2024-11-17,SKU00093,150,N
2024-11-17,SKU00035,654,N
2024-11-17,SKU00078,111,N
2024-11-17,SKU00125,44,N
2024-11-17,SKU00048,256,N
2024-11-17,SKU00209,540,N
2024-11-17,SKU00245,42,N
2024-11-17,SKU00062,0,S
2024-11-17,SKU00043,299,N
2024-11-17,SKU00291,222,N
2024-11-17,SKU00238,558,N
2024-11-17,SKU00120,0,S
2024-11-17,SKU00181,786,N
2024-11-17,SKU00091,412,N
2024-11-17,SKU00087,625,N
2024-11-17,SKU00082,186,N
2024-11-17,SKU00126,645,N
2024-11-17,SKU00138,575,N
2024-11-17,SKU00060,481,N
2024-11-17,SKU00250,500,N
2024-11-17,SKU00230,409,N
2024-11-17,SKU00135,188,N
2024-11-17,SKU00280,724,N
2024-11-17,SKU00077,0,S
2024-11-17,SKU00107,375,N
2024-11-17,SKU00014,129,N
2024-11-17,SKU00287,0,S
2024-11-17,SKU00289,799,N
2024-11-17,SKU00023,645,N
2024-11-17,SKU00159,129,N
2024-11-17,SKU00069,130,N
2024-11-17,SKU00054,42,N
2024-11-17,SKU00116,0,S
2024-11-17,SKU00234,326,N
2024-11-17,SKU00042,770,N
2024-11-17,SKU00183,222,N
2024-11-17,SKU00270,592,N
2024-11-17,SKU00273,333,N
2024-11-17,SKU00075,125,N
2024-11-17,SKU00058,538,N
2024-11-17,SKU00212,158,N
2024-11-17,SKU00207,590,N
2024-11-17,SKU00288,493,N
2024-11-17,SKU00127,645,N
2024-11-17,SKU00193,324,N
2024-11-17,SKU00121,321,N
2024-11-17,SKU00264,243,N
2024-11-17,SKU00191,375,N
2024-11-17,SKU00076,50,N
2024-11-17,SKU00168,367,N
2024-11-17,SKU00105,0,S
2024-11-17,SKU00285,228,N
2024-11-17,SKU00256,290,N
2024-11-17,SKU00219,400,N
2024-11-17,SKU00032,454,N
2024-11-17,SKU00237,758,N
2024-11-17,SKU00205,363,N
2024-11-17,SKU00027,337,N
2024-11-17,SKU00049,340,N
2024-11-17,SKU00182,46,N
2024-11-17,SKU00084,641,N
2024-11-17,SKU00071,100,N
2024-11-17,SKU00292,418,N
2024-11-17,SKU00244,647,N
2024-11-17,SKU00276,515,N
2024-11-17,SKU00108,241,N
2024-11-17,SKU00065,0,S
2024-11-17,SKU00177,695,N
2024-11-17,SKU00281,297,N
2024-11-17,SKU00261,694,N
2024-11-17,SKU00036,779,N
2024-11-17,SKU00072,322,N
2024-11-17,SKU00265,107,N
2024-11-17,SKU00171,8,N
2024-11-17,SKU00092,715,N
2024-11-24,SKU00026,689,N
2024-11-24,SKU00169,139,N
2024-11-24,SKU00166,755,N
2024-11-24,SKU00265,0,S
2024-11-24,SKU00054,416,N
2024-11-24,SKU00153,92,N
2024-11-24,SKU00083,564,N
2024-11-24,SKU00222,545,N
2024-11-24,SKU00102,512,N
2024-11-24,SKU00058,166,N
2024-11-24,SKU00232,326,N
2024-11-24,SKU00134,221,N
2024-11-24,SKU00063,468,N
2024-11-24,SKU00231,638,N
2024-11-24,SKU00126,406,N
2024-11-24,SKU00079,288,N
2024-11-24,SKU00070,90,N
2024-11-24,SKU00190,469,N
2024-11-24,SKU00155,448,N
2024-11-24,SKU00036,359,N
2024-11-24,SKU00108,542,N
2024-11-24,SKU00223,679,N
2024-11-24,SKU00233,755,N
2024-11-24,SKU00255,651,N
2024-11-24,SKU00099,0,S
2024-11-24,SKU00122,310,N
2024-11-24,SKU00119,604,N
2024-11-24,SKU00208,500,N
2024-11-24,SKU00103,482,N
2024-11-24,SKU00144,391,N
2024-11-24,SKU00279,236,N
2024-11-24,SKU00162,581,N
2024-11-24,SKU00101,380,N
2024-11-24,SKU00110,655,N
2024-11-24,SKU00180,648,N
2024-11-24,SKU00221,681,N
2024-11-24,SKU00239,0,S
2024-11-24,SKU00205,727,N
2024-11-24,SKU00020,719,N
2024-11-24,SKU00129,134,N
2024-11-24,SKU00207,406,N
2024-11-24,SKU00292,226,N
2024-11-24,SKU00159,565,N
2024-11-24,SKU00262,493,N
2024-11-24,SKU00282,516,N
2024-11-24,SKU00204,143,N
2024-11-24,SKU00235,0,S
2024-11-24,SKU00010,0,S
2024-11-24,SKU00220,231,N
2024-11-24,SKU00068,638,N
2024-11-24,SKU00075,751,N
2024-11-24,SKU00091,672,N
2024-11-24,SKU00019,0,S
2024-11-24,SKU00034,610,N
2024-11-24,SKU00210,459,N
2024-11-24,SKU00211,48,N
2024-11-24,SKU00287,561,N
2024-11-24,SKU00281,315,N
2024-11-24,SKU00066,460,N
2024-11-24,SKU00217,404,N
2024-11-24,SKU00039,242,N
2024-11-24,SKU00145,418,N
2024-11-24,SKU00214,531,N
2024-11-24,SKU00194,522,N
2024-11-24,SKU00201,776,N
2024-11-24,SKU00146,458,N
2024-11-24,SKU00192,186,N
2024-11-24,SKU00135,0,S
2024-11-24,SKU00029,542,N
2024-11-24,SKU00056,26,N
2024-11-24,SKU00176,344,N
2024-11-24,SKU00291,288,N
2024-11-24,SKU00149,592,N
2024-11-24,SKU00071,729,N
2024-11-24,SKU00014,0,S
2024-11-24,SKU00234,0,S
2024-11-24,SKU00164,389,N
2024-11-24,SKU00118,0,S
2024-11-24,SKU00174,243,N
2024-11-24,SKU00216,172,N
2024-12-01,SKU00086,634,N
2024-12-01,SKU00266,285,N
2024-12-01,SKU00140,608,N
2024-12-01,SKU00143,623,N
2024-12-01,SKU00153,339,N
2024-12-01,SKU00126,0,S
2024-12-01,SKU00169,231,N
2024-12-01,SKU00147,43,N
2024-12-01,SKU00224,372,N
2024-12-01,SKU00069,439,N
2024-12-01,SKU00097,179,N
2024-12-01,SKU00029,240,N
2024-12-01,SKU00244,724,N
2024-12-01,SKU00101,99,N
2024-12-01,SKU00001,0,S
2024-12-01,SKU00079,297,N
2024-12-01,SKU00139,678,N
2024-12-01,SKU00122,162,N
2024-12-01,SKU00003,0,S
2024-12-01,SKU00032,483,N
2024-12-01,SKU00068,747,N
2024-12-01,SKU00260,703,N
2024-12-01,SKU00063,387,N
2024-12-01,SKU00202,609,N
2024-12-01,SKU00212,302,N
2024-12-01,SKU00278,234,N
2024-12-01,SKU00148,224,N
2024-12-01,SKU00234,102,N
2024-12-01,SKU00220,290,N
2024-12-01,SKU00048,168,N
2024-12-01,SKU00239,64,N
2024-12-01,SKU00198,113,N
2024-12-01,SKU00152,0,S
2024-12-01,SKU00193,143,N
2024-12-01,SKU00173,96,N
2024-12-01,SKU00156,528,N
2024-12-01,SKU00149,675,N
2024-12-01,SKU00070,763,N
2024-12-01,SKU00074,549,N
2024-12-01,SKU00077,461,N
2024-12-01,SKU00168,688,N
2024-12-01,SKU00102,430,N
2024-12-01,SKU00292,372,N
2024-12-01,SKU00072,445,N
2024-12-01,SKU00222,567,N
2024-12-01,SKU00280,590,N
2024-12-01,SKU00073,401,N
2024-12-01,SKU00034,212,N
2024-12-01,SKU00046,7,N
2024-12-01,SKU00176,465,N
2024-12-01,SKU00228,79,N
2024-12-01,SKU00290,38,N
2024-12-01,SKU00236,161,N
2024-12-01,SKU00016,116,N
2024-12-01,SKU00229,274,N
2024-12-01,SKU00012,667,N
2024-12-01,SKU00071,170,N
2024-12-01,SKU00120,488,N
2024-12-01,SKU00190,32,N
2024-12-01,SKU00047,19,N
2024-12-01,SKU00203,505,N
2024-12-01,SKU00055,705,N
2024-12-01,SKU00100,130,N
2024-12-01,SKU00235,201,N
2024-12-01,SKU00105,369,N
2024-12-01,SKU00179,762,N
2024-12-01,SKU00183,0,S
2024-12-01,SKU00217,590,N
2024-12-01,SKU00076,415,N
2024-12-01,SKU00018,799,N
2024-12-01,SKU00150,312,N
2024-12-01,SKU00287,263,N
2024-12-01,SKU00195,122,N
2024-12-01,SKU00039,330,N
2024-12-01,SKU00083,341,N
2024-12-01,SKU00049,592,N
2024-12-01,SKU00113,0,S
2024-12-01,SKU00065,66,N
2024-12-01,SKU00289,100,N
2024-12-01,SKU00160,179,N
2024-12-08,SKU00184,657,N
2024-12-08,SKU00090,653,N
2024-12-08,SKU00107,186,N
2024-12-08,SKU00112,522,N
2024-12-08,SKU00156,204,N
2024-12-08,SKU00201,542,N
2024-12-08,SKU00047,457,N
2024-12-08,SKU00200,484,N
2024-12-08,SKU00122,616,N
2024-12-08,SKU00116,753,N
2024-12-08,SKU00135,87,N
2024-12-08,SKU00176,153,N
2024-12-08,SKU00216,0,S
2024-12-08,SKU00119,221,N
2024-12-08,SKU00018,261,N
2024-12-08,SKU00211,737,N
2024-12-08,SKU00068,0,S
2024-12-08,SKU00210,576,N
2024-12-08,SKU00115,671,N
2024-12-08,SKU00074,295,N
2024-12-08,SKU00251,730,N
2024-12-08,SKU00189,221,N
2024-12-08,SKU00262,518,N
2024-12-08,SKU00149,89,N
2024-12-08,SKU00280,112,N
2024-12-08,SKU00174,231,N
2024-12-08,SKU00132,670,N
2024-12-08,SKU00235,0,S
2024-12-08,SKU00162,333,N
2024-12-08,SKU00248,628,N
2024-12-08,SKU00053,252,N
2024-12-08,SKU00223,636,N
2024-12-08,SKU00058,242,N
2024-12-08,SKU00260,198,N
2024-12-08,SKU00082,698,N
2024-12-08,SKU00256,236,N
2024-12-08,SKU00089,760,N
2024-12-08,SKU00062,347,N
2024-12-08,SKU00037,666,N
2024-12-08,SKU00129,64,N
2024-12-08,SKU00277,731,N
2024-12-08,SKU00226,96,N
2024-12-08,SKU00016,727,N
2024-12-08,SKU00054,402,N
2024-12-08,SKU00056,136,N
2024-12-08,SKU00190,129,N
2024-12-08,SKU00196,0,S
2024-12-08,SKU00125,658,N
2024-12-08,SKU00199,43,N
2024-12-08,SKU00257,465,N
2024-12-08,SKU00224,287,N
2024-12-08,SKU00241,403,N
2024-12-08,SKU00097,101,N
2024-12-08,SKU00008,318,N
2024-12-08,SKU00208,771,N
2024-12-08,SKU00081,0,S
2024-12-08,SKU00205,0,S
2024-12-08,SKU00144,206,N
2024-12-08,SKU00080,190,N
2024-12-08,SKU00246,450,N
2024-12-08,SKU00078,167,N
2024-12-08,SKU00002,0,S
2024-12-08,SKU00171,637,N
2024-12-08,SKU00274,276,N
2024-12-08,SKU00001,67,N
2024-12-08,SKU00032,120,N
2024-12-08,SKU00095,232,N
2024-12-08,SKU00167,315,N
2024-12-08,SKU00105,513,N
2024-12-08,SKU00046,548,N
2024-12-08,SKU00123,68,N
2024-12-08,SKU00204,218,N
2024-12-08,SKU00188,632,N
2024-12-08,SKU00031,507,N
2024-12-08,SKU00170,737,N
2024-12-08,SKU00076,447,N
2024-12-08,SKU00278,0,S
2024-12-08,SKU00182,258,N
2024-12-08,SKU00012,260,N
2024-12-08,SKU00075,500,N
2024-12-15,SKU00166,409,N
2024-12-15,SKU00059,780,N
2024-12-15,SKU00152,242,N
2024-12-15,SKU00173,327,N
2024-12-15,SKU00282,608,N
2024-12-15,SKU00226,475,N
2024-12-15,SKU00222,510,N
2024-12-15,SKU00271,691,N
2024-12-15,SKU00208,575,N
2024-12-15,SKU00024,766,N
2024-12-15,SKU00233,0,S
2024-12-15,SKU00270,116,N
2024-12-15,SKU00239,357,N
2024-12-15,SKU00131,535,N
2024-12-15,SKU00093,342,N
2024-12-15,SKU00102,770,N
2024-12-15,SKU00187,352,N
2024-12-15,SKU00062,0,S
2024-12-15,SKU00020,650,N
2024-12-15,SKU00161,165,N
2024-12-15,SKU00026,733,N
2024-12-15,SKU00009,231,N
2024-12-15,SKU00277,719,N
2024-12-15,SKU00285,405,N
2024-12-15,SKU00023,274,N
2024-12-15,SKU00127,763,N
2024-12-15,SKU00281,75,N
2024-12-15,SKU00025,75,N
2024-12-15,SKU00220,641,N
2024-12-15,SKU00132,164,N
2024-12-15,SKU00001,0,S
2024-12-15,SKU00242,414,N
2024-12-15,SKU00245,89,N
2024-12-15,SKU00072,503,N
2024-12-15,SKU00122,299,N
2024-12-15,SKU00128,161,N
2024-12-15,SKU00010,90,N
2024-12-15,SKU00190,671,N
2024-12-15,SKU00120,397,N
2024-12-15,SKU00049,0,S
2024-12-15,SKU00095,359,N
2024-12-15,SKU00261,613,N
2024-12-15,SKU00148,275,N
2024-12-15,SKU00079,545,N
2024-12-15,SKU00169,428,N
2024-12-15,SKU00238,146,N
2024-12-15,SKU00028,413,N
2024-12-15,SKU00139,778,N
2024-12-15,SKU00138,726,N
2024-12-15,SKU00157,204,N
2024-12-15,SKU00234,108,N
2024-12-15,SKU00184,708,N
2024-12-15,SKU00263,323,N
2024-12-15,SKU00146,419,N
2024-12-15,SKU00228,367,N
2024-12-15,SKU00171,723,N
2024-12-15,SKU00229,76,N
2024-12-15,SKU00149,205,N
2024-12-15,SKU00082,250,N
2024-12-15,SKU00124,471,N
2024-12-15,SKU00117,717,N
2024-12-15,SKU00036,460,N
2024-12-15,SKU00031,434,N
2024-12-15,SKU00197,177,N
2024-12-15,SKU00068,357,N
2024-12-15,SKU00021,485,N
2024-12-15,SKU00097,31,N
2024-12-15,SKU00039,459,N
2024-12-15,SKU00202,694,N
2024-12-15,SKU00118,191,N
2024-12-15,SKU00018,370,N
2024-12-15,SKU00074,330,N
2024-12-15,SKU00207,691,N
2024-12-15,SKU00225,511,N
2024-12-15,SKU00160,161,N
2024-12-15,SKU00137,79,N
2024-12-15,SKU00170,211,N
2024-12-15,SKU00013,535,N
2024-12-15,SKU00099,0,S
2024-12-15,SKU00196,370,N
2024-12-22,SKU00084,472,N
2024-12-22,SKU00089,701,N
2024-12-22,SKU00093,616,N
2024-12-22,SKU00131,192,N
2024-12-22,SKU00273,0,S
2024-12-22,SKU00147,144,N
2024-12-22,SKU00127,665,N
2024-12-22,SKU00240,373,N
2024-12-22,SKU00010,688,N
2024-12-22,SKU00258,600,N
2024-12-22,SKU00087,38,N
2024-12-22,SKU00008,0,S
2024-12-22,SKU00112,99,N
2024-12-22,SKU00248,383,N
2024-12-22,SKU00189,209,N
2024-12-22,SKU00262,252,N
2024-12-22,SKU00283,718,N
2024-12-22,SKU00202,18,N
2024-12-22,SKU00053,485,N
2024-12-22,SKU00056,20,N
2024-12-22,SKU00083,489,N
2024-12-22,SKU00170,226,N
2024-12-22,SKU00113,798,N
2024-12-22,SKU00197,0,S
2024-12-22,SKU00135,483,N
2024-12-22,SKU00228,440,N
2024-12-22,SKU00272,679,N
2024-12-22,SKU00247,663,N
2024-12-22,SKU00162,420,N
2024-12-22,SKU00233,762,N
2024-12-22,SKU00039,312,N
2024-12-22,SKU00111,81,N
2024-12-22,SKU00187,626,N
2024-12-22,SKU00182,0,S
2024-12-22,SKU00130,335,N
2024-12-22,SKU00102,711,N
2024-12-22,SKU00005,177,N
2024-12-22,SKU00227,232,N
2024-12-22,SKU00120,602,N
2024-12-22,SKU00050,479,N
2024-12-22,SKU00044,17,N
2024-12-22,SKU00033,545,N
2024-12-22,SKU00051,639,N
2024-12-22,SKU00201,389,N
2024-12-22,SKU00036,788,N
2024-12-22,SKU00224,799,N
2024-12-22,SKU00243,320,N
2024-12-22,SKU00037,736,N
2024-12-22,SKU00124,769,N
2024-12-22,SKU00188,679,N
2024-12-22,SKU00052,53,N
2024-12-22,SKU00186,110,N
2024-12-22,SKU00223,0,S
2024-12-22,SKU00291,305,N
2024-12-22,SKU00027,346,N
2024-12-22,SKU00035,34,N
2024-12-22,SKU00200,9,N
2024-12-22,SKU00091,407,N
2024-12-22,SKU00152,35,N
2024-12-22,SKU00290,384,N
2024-12-22,SKU00019,260,N
2024-12-22,SKU00138,726,N
2024-12-22,SKU00018,745,N
2024-12-22,SKU00165,201,N
2024-12-22,SKU00065,10,N
2024-12-22,SKU00284,187,N
2024-12-22,SKU00171,482,N
2024-12-22,SKU00034,457,N
2024-12-22,SKU00017,225,N
2024-12-22,SKU00260,454,N
2024-12-22,SKU00181,48,N
2024-12-22,SKU00279,718,N
2024-12-22,SKU00003,75,N
2024-12-22,SKU00157,436,N
2024-12-22,SKU00058,0,S
2024-12-22,SKU00100,538,N
2024-12-22,SKU00041,58,N
2024-12-22,SKU00220,67,N
2024-12-22,SKU00204,0,S
2024-12-22,SKU00078,390,N
2024-12-29,SKU00247,46,N
2024-12-29,SKU00105,447,N
2024-12-29,SKU00025,669,N
2024-12-29,SKU00107,292,N
2024-12-29,SKU00115,486,N
2024-12-29,SKU00065,108,N
2024-12-29,SKU00150,393,N
2024-12-29,SKU00136,799,N
2024-12-29,SKU00159,297,N
2024-12-29,SKU00172,0,S
2024-12-29,SKU00229,670,N
2024-12-29,SKU00254,389,N
2024-12-29,SKU00059,132,N
2024-12-29,SKU00220,0,S
2024-12-29,SKU00146,548,N
2024-12-29,SKU00063,581,N
2024-12-29,SKU00248,344,N
2024-12-29,SKU00030,483,N
2024-12-29,SKU00011,597,N
2024-12-29,SKU00070,576,N
2024-12-29,SKU00204,0,S
2024-12-29,SKU00088,625,N
2024-12-29,SKU00237,218,N
2024-12-29,SKU00018,314,N
2024-12-29,SKU00076,605,N
2024-12-29,SKU00289,693,N
2024-12-29,SKU00100,0,S
2024-12-29,SKU00035,488,N
2024-12-29,SKU00223,358,N
2024-12-29,SKU00155,80,N
2024-12-29,SKU00154,0,S
2024-12-29,SKU00207,42,N
2024-12-29,SKU00280,605,N
2024-12-29,SKU00250,0,S
2024-12-29,SKU00189,0,S
2024-12-29,SKU00185,661,N
2024-12-29,SKU00162,35,N
2024-12-29,SKU00108,389,N
2024-12-29,SKU00227,595,N
2024-12-29,SKU00051,43,N
2024-12-29,SKU00230,711,N
2024-12-29,SKU00075,0,S
2024-12-29,SKU00132,563,N
2024-12-29,SKU00130,69,N
2024-12-29,SKU00014,17,N
2024-12-29,SKU00087,446,N
2024-12-29,SKU00235,538,N
2024-12-29,SKU00179,301,N
2024-12-29,SKU00174,0,S
2024-12-29,SKU00149,208,N
2024-12-29,SKU00199,361,N
2024-12-29,SKU00269,306,N
2024-12-29,SKU00099,0,S
2024-12-29,SKU00094,180,N
2024-12-29,SKU00181,61,N
2024-12-29,SKU00022,0,S
2024-12-29,SKU00013,347,N
2024-12-29,SKU00005,780,N
2024-12-29,SKU00036,618,N
2024-12-29,SKU00009,513,N
2024-12-29,SKU00217,311,N
2024-12-29,SKU00038,111,N
2024-12-29,SKU00140,687,N
2024-12-29,SKU00058,107,N
2024-12-29,SKU00152,303,N
2024-12-29,SKU00052,391,N
2024-12-29,SKU00188,43,N
2024-12-29,SKU00142,645,N
2024-12-29,SKU00055,448,N
2024-12-29,SKU00213,0,S
2024-12-29,SKU00281,567,N
2024-12-29,SKU00251,489,N
2024-12-29,SKU00206,368,N
2024-12-29,SKU00060,681,N
2024-12-29,SKU00255,5,N
2024-12-29,SKU00066,628,N
2024-12-29,SKU00010,0,S
2024-12-29,SKU00144,751,N
2024-12-29,SKU00267,502,N
2024-12-29,SKU00122,112,N
2025-01-05,SKU00181,0,S
2025-01-05,SKU00255,340,N
2025-01-05,SKU00266,522,N
2025-01-05,SKU00052,192,N
2025-01-05,SKU00282,577,N
2025-01-05,SKU00198,31,N
2025-01-05,SKU00223,729,N
2025-01-05,SKU00147,639,N
2025-01-05,SKU00285,0,S
2025-01-05,SKU00246,0,S
2025-01-05,SKU00237,406,N
2025-01-05,SKU00173,412,N
2025-01-05,SKU00102,13,N
2025-01-05,SKU00259,523,N
2025-01-05,SKU00080,75,N
2025-01-05,SKU00232,745,N
2025-01-05,SKU00098,0,S
2025-01-05,SKU00019,0,S
2025-01-05,SKU00274,640,N
2025-01-05,SKU00276,401,N
2025-01-05,SKU00275,374,N
2025-01-05,SKU00159,775,N
2025-01-05,SKU00175,7,N
2025-01-05,SKU00144,315,N
2025-01-05,SKU00041,448,N
2025-01-05,SKU00160,560,N
2025-01-05,SKU00193,123,N
2025-01-05,SKU00244,0,S
2025-01-05,SKU00228,516,N
2025-01-05,SKU00109,427,N
2025-01-05,SKU00202,675,N
2025-01-05,SKU00049,161,N
2025-01-05,SKU00176,0,S
2025-01-05,SKU00023,579,N
2025-01-05,SKU00271,233,N
2025-01-05,SKU00207,718,N
2025-01-05,SKU00026,316,N
2025-01-05,SKU00154,590,N
2025-01-05,SKU00086,311,N
2025-01-05,SKU00257,331,N
2025-01-05,SKU00032,284,N
2025-01-05,SKU00222,137,N
2025-01-05,SKU00263,742,N
2025-01-05,SKU00208,186,N
2025-01-05,SKU00073,413,N
2025-01-05,SKU00076,598,N
2025-01-05,SKU00048,179,N
2025-01-05,SKU00269,662,N
2025-01-05,SKU00211,335,N
2025-01-05,SKU00142,16,N
2025-01-05,SKU00186,525,N
2025-01-05,SKU00003,424,N
2025-01-05,SKU00265,396,N
2025-01-05,SKU00169,543,N
2025-01-05,SKU00245,584,N
2025-01-05,SKU00199,240,N
2025-01-05,SKU00018,536,N
2025-01-05,SKU00134,487,N
2025-01-05,SKU00240,446,N
2025-01-05,SKU00127,343,N
2025-01-05,SKU00028,698,N
2025-01-05,SKU00200,359,N
2025-01-05,SKU00108,797,N
2025-01-05,SKU00097,215,N
2025-01-05,SKU00238,424,N
2025-01-05,SKU00083,606,N
2025-01-05,SKU00167,714,N
2025-01-05,SKU00087,258,N
2025-01-05,SKU00093,158,N
2025-01-05,SKU00253,504,N
2025-01-05,SKU00132,716,N
2025-01-05,SKU00131,0,S
2025-01-05,SKU00050,550,N
2025-01-05,SKU00163,97,N
2025-01-05,SKU00182,783,N
2025-01-05,SKU00060,25,N
2025-01-05,SKU00239,574,N
2025-01-05,SKU00033,768,N
2025-01-05,SKU00262,12,N
2025-01-05,SKU00110,0,S
2025-01-12,SKU00020,799,N
2025-01-12,SKU00030,379,N
2025-01-12,SKU00275,333,N
2025-01-12,SKU00058,135,N
2025-01-12,SKU00263,487,N
2025-01-12,SKU00023,19,N
2025-01-12,SKU00005,757,N
2025-01-12,SKU00128,787,N
2025-01-12,SKU00132,0,S
2025-01-12,SKU00013,0,S
2025-01-12,SKU00076,92,N
2025-01-12,SKU00202,626,N
2025-01-12,SKU00250,0,S
2025-01-12,SKU00109,182,N
2025-01-12,SKU00270,408,N
2025-01-12,SKU00212,0,S
2025-01-12,SKU00240,185,N
2025-01-12,SKU00012,161,N
2025-01-12,SKU00183,654,N
2025-01-12,SKU00269,383,N
2025-01-12,SKU00137,18,N
2025-01-12,SKU00285,300,N
2025-01-12,SKU00082,436,N
2025-01-12,SKU00091,529,N
2025-01-12,SKU00033,377,N
2025-01-12,SKU00257,320,N
2025-01-12,SKU00065,85,N
2025-01-12,SKU00014,646,N
2025-01-12,SKU00108,200,N
2025-01-12,SKU00248,435,N
2025-01-12,SKU00141,593,N
2025-01-12,SKU00055,317,N
2025-01-12,SKU00259,207,N
2025-01-12,SKU00222,489,N
2025-01-12,SKU00111,786,N
2025-01-12,SKU00246,434,N
2025-01-12,SKU00037,0,S
2025-01-12,SKU00286,320,N
2025-01-12,SKU00034,762,N
2025-01-12,SKU00184,790,N
2025-01-12,SKU00067,631,N
2025-01-12,SKU00197,377,N
2025-01-12,SKU00075,79,N
2025-01-12,SKU00233,177,N
2025-01-12,SKU00052,757,N
2025-01-12,SKU00072,0,S
2025-01-12,SKU00174,624,N
2025-01-12,SKU00163,647,N
2025-01-12,SKU00038,438,N
2025-01-12,SKU00171,564,N
2025-01-12,SKU00139,390,N
2025-01-12,SKU00089,582,N
2025-01-12,SKU00280,697,N
2025-01-12,SKU00024,432,N
2025-01-12,SKU00244,373,N
2025-01-12,SKU00084,242,N
2025-01-12,SKU00241,731,N
2025-01-12,SKU00028,369,N
2025-01-12,SKU00213,764,N
2025-01-12,SKU00188,405,N
2025-01-12,SKU00115,212,N
2025-01-12,SKU00158,0,S
2025-01-12,SKU00110,622,N
2025-01-12,SKU00107,613,N
2025-01-12,SKU00093,14,N
2025-01-12,SKU00201,308,N
2025-01-12,SKU00267,464,N
2025-01-12,SKU00150,744,N
2025-01-12,SKU00156,223,N
2025-01-12,SKU00120,0,S
2025-01-12,SKU00021,549,N
2025-01-12,SKU00178,0,S
2025-01-12,SKU00214,658,N
2025-01-12,SKU00062,29,N
2025-01-12,SKU00162,755,N
2025-01-12,SKU00205,0,S
2025-01-12,SKU00254,337,N
2025-01-12,SKU00265,79,N
2025-01-12,SKU00079,76,N
2025-01-12,SKU00261,503,N
2025-01-19,SKU00235,684,N
2025-01-19,SKU00110,180,N
2025-01-19,SKU00150,160,N
2025-01-19,SKU00241,0,S
2025-01-19,SKU00129,473,N
2025-01-19,SKU00009,377,N
2025-01-19,SKU00053,683,N
2025-01-19,SKU00219,325,N
2025-01-19,SKU00182,420,N
2025-01-19,SKU00025,0,S
2025-01-19,SKU00060,0,S
2025-01-19,SKU00286,525,N
2025-01-19,SKU00127,212,N
2025-01-19,SKU00126,0,S
2025-01-19,SKU00163,493,N
2025-01-19,SKU00176,351,N
2025-01-19,SKU00250,1,N
2025-01-19,SKU00046,3,N
2025-01-19,SKU00214,772,N
2025-01-19,SKU00228,581,N
2025-01-19,SKU00227,164,N
2025-01-19,SKU00037,673,N
2025-01-19,SKU00026,373,N
2025-01-19,SKU00191,789,N
2025-01-19,SKU00226,0,S
2025-01-19,SKU00253,15,N
2025-01-19,SKU00209,694,N
2025-01-19,SKU00094,655,N
2025-01-19,SKU00237,614,N
2025-01-19,SKU00210,518,N
2025-01-19,SKU00211,681,N
2025-01-19,SKU00113,289,N
2025-01-19,SKU00167,0,S
2025-01-19,SKU00290,554,N
2025-01-19,SKU00236,366,N
2025-01-19,SKU00030,626,N
2025-01-19,SKU00068,297,N
2025-01-19,SKU00014,528,N
2025-01-19,SKU00276,171,N
2025-01-19,SKU00256,179,N
2025-01-19,SKU00194,239,N
2025-01-19,SKU00034,7,N
2025-01-19,SKU00177,733,N
2025-01-19,SKU00165,408,N
2025-01-19,SKU00043,251,N
2025-01-19,SKU00229,192,N
2025-01-19,SKU00159,197,N
2025-01-19,SKU00171,243,N
2025-01-19,SKU00016,120,N
2025-01-19,SKU00090,700,N
2025-01-19,SKU00059,576,N
2025-01-19,SKU00149,443,N
2025-01-19,SKU00147,463,N
2025-01-19,SKU00057,246,N
2025-01-19,SKU00222,450,N
2025-01-19,SKU00212,434,N
2025-01-19,SKU00275,609,N
2025-01-19,SKU00111,519,N
2025-01-19,SKU00157,547,N
2025-01-19,SKU00215,789,N
2025-01-19,SKU00172,454,N
2025-01-19,SKU00004,650,N
2025-01-19,SKU00118,116,N
2025-01-19,SKU00221,656,N
2025-01-19,SKU00031,401,N
2025-01-19,SKU00100,96,N
2025-01-19,SKU00116,707,N
2025-01-19,SKU00179,515,N
2025-01-19,SKU00063,27,N
2025-01-19,SKU00101,48,N
2025-01-19,SKU00104,168,N
2025-01-19,SKU00125,339,N
2025-01-19,SKU00143,202,N
2025-01-19,SKU00203,218,N
2025-01-19,SKU00008,704,N
2025-01-19,SKU00243,0,S
2025-01-19,SKU00257,747,N
2025-01-19,SKU00260,257,N
2025-01-19,SKU00180,0,S
2025-01-19,SKU00089,87,N
2025-01-26,SKU00063,556,N
2025-01-26,SKU00269,292,N
2025-01-26,SKU00218,525,N
2025-01-26,SKU00222,572,N
2025-01-26,SKU00005,333,N
2025-01-26,SKU00122,779,N
2025-01-26,SKU00029,660,N
2025-01-26,SKU00291,0,S
2025-01-26,SKU00058,115,N
2025-01-26,SKU00208,16,N
2025-01-26,SKU00207,610,N
2025-01-26,SKU00137,193,N
2025-01-26,SKU00286,96,N
2025-01-26,SKU00151,546,N
2025-01-26,SKU00199,743,N
2025-01-26,SKU00016,52,N
2025-01-26,SKU00211,108,N
2025-01-26,SKU00053,9,N
2025-01-26,SKU00026,532,N
2025-01-26,SKU00131,367,N
2025-01-26,SKU00215,595,N
2025-01-26,SKU00124,64,N
2025-01-26,SKU00238,0,S
2025-01-26,SKU00272,550,N
2025-01-26,SKU00028,361,N
2025-01-26,SKU00253,741,N
2025-01-26,SKU00140,454,N
2025-01-26,SKU00110,71,N
2025-01-26,SKU00082,697,N
2025-01-26,SKU00206,0,S
2025-01-26,SKU00281,326,N
2025-01-26,SKU00041,213,N
2025-01-26,SKU00071,758,N
2025-01-26,SKU00236,189,N
2025-01-26,SKU00179,446,N
2025-01-26,SKU00172,0,S
2025-01-26,SKU00290,63,N
2025-01-26,SKU00276,544,N
2025-01-26,SKU00051,0,S
2025-01-26,SKU00011,686,N
2025-01-26,SKU00127,23,N
2025-01-26,SKU00242,734,N
2025-01-26,SKU00237,0,S
2025-01-26,SKU00135,165,N
2025-01-26,SKU00048,620,N
2025-01-26,SKU00195,340,N
2025-01-26,SKU00248,182,N
2025-01-26,SKU00187,0,S
2025-01-26,SKU00292,646,N
2025-01-26,SKU00189,116,N
2025-01-26,SKU00190,372,N
2025-01-26,SKU00086,780,N
2025-01-26,SKU00247,547,N
2025-01-26,SKU00061,0,S
2025-01-26,SKU00066,26,N
2025-01-26,SKU00159,588,N
2025-01-26,SKU00148,125,N
2025-01-26,SKU00142,479,N
2025-01-26,SKU00249,744,N
2025-01-26,SKU00095,166,N
2025-01-26,SKU00212,526,N
2025-01-26,SKU00072,375,N
2025-01-26,SKU00084,0,S
2025-01-26,SKU00085,0,S
2025-01-26,SKU00186,113,N
2025-01-26,SKU00157,793,N
2025-01-26,SKU00285,284,N
2025-01-26,SKU00227,333,N
2025-01-26,SKU00170,303,N
2025-01-26,SKU00087,611,N
2025-01-26,SKU00226,157,N
2025-01-26,SKU00030,464,N
2025-01-26,SKU00171,784,N
2025-01-26,SKU00288,196,N
2025-01-26,SKU00163,275,N
2025-01-26,SKU00221,662,N
2025-01-26,SKU00262,675,N
2025-01-26,SKU00178,709,N
2025-01-26,SKU00046,78,N
2025-01-26,SKU00106,137,N
2025-02-02,SKU00014,740,N
2025-02-02,SKU00063,461,N
2025-02-02,SKU00149,574,N
2025-02-02,SKU00042,31,N
2025-02-02,SKU00132,400,N
2025-02-02,SKU00258,559,N
2025-02-02,SKU00087,94,N
2025-02-02,SKU00246,381,N
2025-02-02,SKU00130,0,S
2025-02-02,SKU00038,0,S
2025-02-02,SKU00033,606,N
2025-02-02,SKU00001,176,N
2025-02-02,SKU00187,738,N
2025-02-02,SKU00247,163,N
2025-02-02,SKU00176,534,N
2025-02-02,SKU00077,284,N
2025-02-02,SKU00219,145,N
2025-02-02,SKU00005,609,N
2025-02-02,SKU00043,700,N
2025-02-02,SKU00098,617,N
2025-02-02,SKU00234,6,N
2025-02-02,SKU00264,271,N
2025-02-02,SKU00285,153,N
2025-02-02,SKU00028,634,N
2025-02-02,SKU00152,658,N
2025-02-02,SKU00161,69,N
2025-02-02,SKU00100,128,N
2025-02-02,SKU00082,498,N
2025-02-02,SKU00200,0,S
2025-02-02,SKU00076,189,N
2025-02-02,SKU00020,0,S
2025-02-02,SKU00089,456,N
2025-02-02,SKU00267,0,S
2025-02-02,SKU00192,0,S
2025-02-02,SKU00147,445,N
2025-02-02,SKU00117,135,N
2025-02-02,SKU00041,460,N
2025-02-02,SKU00050,2,N
2025-02-02,SKU00101,59,N
2025-02-02,SKU00106,0,S
2025-02-02,SKU00286,799,N
2025-02-02,SKU00157,489,N
2025-02-02,SKU00006,47,N
2025-02-02,SKU00210,652,N
2025-02-02,SKU00008,293,N
2025-02-02,SKU00213,691,N
2025-02-02,SKU00226,383,N
2025-02-02,SKU00211,430,N
2025-02-02,SKU00108,146,N
2025-02-02,SKU00053,209,N
2025-02-02,SKU00193,726,N
2025-02-02,SKU00195,114,N
2025-02-02,SKU00124,372,N
2025-02-02,SKU00049,643,N
2025-02-02,SKU00085,99,N
2025-02-02,SKU00096,200,N
2025-02-02,SKU00099,517,N
2025-02-02,SKU00212,266,N
2025-02-02,SKU00107,568,N
2025-02-02,SKU00002,76,N
2025-02-02,SKU00086,273,N
2025-02-02,SKU00227,156,N
2025-02-02,SKU00181,251,N
2025-02-02,SKU00204,740,N
2025-02-02,SKU00189,255,N
2025-02-02,SKU00072,750,N
2025-02-02,SKU00238,0,S
2025-02-02,SKU00188,569,N
2025-02-02,SKU00199,101,N
2025-02-02,SKU00021,30,N
2025-02-02,SKU00009,447,N
2025-02-02,SKU00231,0,S
2025-02-02,SKU00266,302,N
2025-02-02,SKU00118,370,N
2025-02-02,SKU00253,725,N
2025-02-02,SKU00066,786,N
2025-02-02,SKU00241,195,N
2025-02-02,SKU00201,477,N
2025-02-02,SKU00023,0,S
2025-02-02,SKU00127,59,N
2025-02-09,SKU00082,455,N
2025-02-09,SKU00227,398,N
2025-02-09,SKU00204,16,N
2025-02-09,SKU00097,648,N
2025-02-09,SKU00172,654,N
2025-02-09,SKU00046,290,N
2025-02-09,SKU00094,773,N
2025-02-09,SKU00003,596,N
2025-02-09,SKU00125,754,N
2025-02-09,SKU00216,535,N
2025-02-09,SKU00152,658,N
2025-02-09,SKU00078,574,N
2025-02-09,SKU00179,625,N
2025-02-09,SKU00177,137,N
2025-02-09,SKU00269,191,N
2025-02-09,SKU00148,509,N
2025-02-09,SKU00024,309,N
2025-02-09,SKU00111,0,S
2025-02-09,SKU00242,483,N
2025-02-09,SKU00126,18,N
2025-02-09,SKU00117,290,N
2025-02-09,SKU00001,56,N
2025-02-09,SKU00183,210,N
2025-02-09,SKU00173,0,S
2025-02-09,SKU00099,565,N
2025-02-09,SKU00230,297,N
2025-02-09,SKU00137,0,S
2025-02-09,SKU00128,402,N
2025-02-09,SKU00070,325,N
2025-02-09,SKU00098,468,N
2025-02-09,SKU00214,296,N
2025-02-09,SKU00096,536,N
2025-02-09,SKU00194,0,S
2025-02-09,SKU00190,73,N
2025-02-09,SKU00153,116,N
2025-02-09,SKU00144,632,N
2025-02-09,SKU00292,439,N
2025-02-09,SKU00075,412,N
2025-02-09,SKU00239,359,N
2025-02-09,SKU00210,142,N
2025-02-09,SKU00009,0,S
2025-02-09,SKU00131,139,N
2025-02-09,SKU00014,248,N
2025-02-09,SKU00021,0,S
2025-02-09,SKU00267,389,N
2025-02-09,SKU00029,70,N
2025-02-09,SKU00026,560,N
2025-02-09,SKU00084,580,N
2025-02-09,SKU00284,90,N
2025-02-09,SKU00020,0,S
2025-02-09,SKU00002,336,N
2025-02-09,SKU00200,716,N
2025-02-09,SKU00166,0,S
2025-02-09,SKU00249,138,N
2025-02-09,SKU00114,38,N
2025-02-09,SKU00225,322,N
2025-02-09,SKU00056,479,N
2025-02-09,SKU00147,0,S
2025-02-09,SKU00288,0,S
2025-02-09,SKU00010,218,N
2025-02-09,SKU00038,31,N
2025-02-09,SKU00017,464,N
2025-02-09,SKU00065,28,N
2025-02-09,SKU00170,233,N
2025-02-09,SKU00256,33,N
2025-02-09,SKU00019,192,N
2025-02-09,SKU00022,511,N
2025-02-09,SKU00167,0,S
2025-02-09,SKU00264,46,N
2025-02-09,SKU00104,90,N
2025-02-09,SKU00134,303,N
2025-02-09,SKU00073,0,S
2025-02-09,SKU00245,166,N
2025-02-09,SKU00007,631,N
2025-02-09,SKU00068,315,N
2025-02-09,SKU00085,171,N
2025-02-09,SKU00090,364,N
2025-02-09,SKU00039,146,N
2025-02-09,SKU00199,783,N
2025-02-09,SKU00259,452,N
2025-02-16,SKU00290,720,N
2025-02-16,SKU00189,422,N
2025-02-16,SKU00103,133,N
2025-02-16,SKU00231,241,N
2025-02-16,SKU00170,296,N
2025-02-16,SKU00110,682,N
2025-02-16,SKU00029,35,N
2025-02-16,SKU00194,343,N
2025-02-16,SKU00177,761,N
2025-02-16,SKU00217,308,N
2025-02-16,SKU00190,565,N
2025-02-16,SKU00047,336,N
2025-02-16,SKU00033,60,N
2025-02-16,SKU00027,247,N
2025-02-16,SKU00159,229,N
2025-02-16,SKU00069,724,N
2025-02-16,SKU00068,381,N
2025-02-16,SKU00253,9,N
2025-02-16,SKU00004,749,N
2025-02-16,SKU00173,592,N
2025-02-16,SKU00149,742,N
2025-02-16,SKU00002,139,N
2025-02-16,SKU00113,360,N
2025-02-16,SKU00188,0,S
2025-02-16,SKU00180,243,N
2025-02-16,SKU00165,343,N
2025-02-16,SKU00161,646,N
2025-02-16,SKU00153,459,N
2025-02-16,SKU00134,391,N
2025-02-16,SKU00040,166,N
2025-02-16,SKU00124,0,S
2025-02-16,SKU00257,0,S
2025-02-16,SKU00144,0,S
2025-02-16,SKU00121,185,N
2025-02-16,SKU00175,86,N
2025-02-16,SKU00222,408,N
2025-02-16,SKU00035,155,N
2025-02-16,SKU00223,709,N
2025-02-16,SKU00111,682,N
2025-02-16,SKU00163,512,N
2025-02-16,SKU00141,305,N
2025-02-16,SKU00100,289,N
2025-02-16,SKU00133,668,N
2025-02-16,SKU00071,70,N
2025-02-16,SKU00098,392,N
2025-02-16,SKU00063,685,N
2025-02-16,SKU00001,787,N
2025-02-16,SKU00221,437,N
2025-02-16,SKU00272,713,N
2025-02-16,SKU00140,686,N
2025-02-16,SKU00073,71,N
2025-02-16,SKU00179,0,S
2025-02-16,SKU00038,0,S
2025-02-16,SKU00059,765,N
2025-02-16,SKU00078,66,N
2025-02-16,SKU00053,400,N
2025-02-16,SKU00273,432,N
2025-02-16,SKU00123,748,N
2025-02-16,SKU00048,190,N
2025-02-16,SKU00218,652,N
2025-02-16,SKU00244,556,N
2025-02-16,SKU00151,0,S
2025-02-16,SKU00260,725,N
2025-02-16,SKU00176,429,N
2025-02-16,SKU00287,0,S
2025-02-16,SKU00097,684,N
2025-02-16,SKU00050,704,N
2025-02-16,SKU00258,444,N
2025-02-16,SKU00137,232,N
2025-02-16,SKU00155,777,N
2025-02-16,SKU00092,552,N
2025-02-16,SKU00281,14,N
2025-02-16,SKU00096,366,N
2025-02-16,SKU00117,542,N
2025-02-16,SKU00012,101,N
2025-02-16,SKU00016,247,N
2025-02-16,SKU00209,0,S
2025-02-16,SKU00267,68,N
2025-02-16,SKU00283,295,N
2025-02-16,SKU00145,63,N
2025-02-23,SKU00186,565,N
2025-02-23,SKU00139,41,N
2025-02-23,SKU00265,446,N
2025-02-23,SKU00097,193,N
2025-02-23,SKU00291,0,S
2025-02-23,SKU00187,349,N
2025-02-23,SKU00042,533,N
2025-02-23,SKU00248,239,N
2025-02-23,SKU00067,681,N
2025-02-23,SKU00165,170,N
2025-02-23,SKU00111,44,N
2025-02-23,SKU00152,771,N
2025-02-23,SKU00082,431,N
2025-02-23,SKU00117,782,N
2025-02-23,SKU00127,549,N
2025-02-23,SKU00287,560,N
2025-02-23,SKU00091,329,N
2025-02-23,SKU00135,295,N
2025-02-23,SKU00237,32,N
2025-02-23,SKU00185,147,N
2025-02-23,SKU00078,727,N
2025-02-23,SKU00210,771,N
2025-02-23,SKU00247,789,N
2025-02-23,SKU00098,737,N
2025-02-23,SKU00080,4,N
2025-02-23,SKU00241,647,N
2025-02-23,SKU00118,729,N
2025-02-23,SKU00243,69,N
2025-02-23,SKU00289,680,N
2025-02-23,SKU00099,300,N
2025-02-23,SKU00077,561,N
2025-02-23,SKU00222,311,N
2025-02-23,SKU00046,175,N
2025-02-23,SKU00282,0,S
2025-02-23,SKU00277,468,N
2025-02-23,SKU00180,725,N
2025-02-23,SKU00278,169,N
2025-02-23,SKU00253,0,S
2025-02-23,SKU00100,178,N
2025-02-23,SKU00249,0,S
2025-02-23,SKU00209,109,N
2025-02-23,SKU00190,595,N
2025-02-23,SKU00285,583,N
2025-02-23,SKU00112,529,N
2025-02-23,SKU00205,672,N
2025-02-23,SKU00124,100,N
2025-02-23,SKU00011,573,N
2025-02-23,SKU00006,449,N
2025-02-23,SKU00274,418,N
2025-02-23,SKU00007,64,N
2025-02-23,SKU00155,572,N
2025-02-23,SKU00280,646,N
2025-02-23,SKU00066,254,N
2025-02-23,SKU00196,97,N
2025-02-23,SKU00109,617,N
2025-02-23,SKU00056,281,N
2025-02-23,SKU00244,32,N
2025-02-23,SKU00146,597,N
2025-02-23,SKU00153,462,N
2025-02-23,SKU00114,73,N
2025-02-23,SKU00038,314,N
2025-02-23,SKU00236,291,N
2025-02-23,SKU00131,0,S
2025-02-23,SKU00085,299,N
2025-02-23,SKU00233,645,N
2025-02-23,SKU00150,200,N
2025-02-23,SKU00017,27,N
2025-02-23,SKU00254,478,N
2025-02-23,SKU00070,786,N
2025-02-23,SKU00193,101,N
2025-02-23,SKU00202,361,N
2025-02-23,SKU00239,175,N
2025-02-23,SKU00174,158,N
2025-02-23,SKU00169,34,N
2025-02-23,SKU00225,401,N
2025-02-23,SKU00093,370,N
2025-02-23,SKU00122,625,N
2025-02-23,SKU00172,110,N
2025-02-23,SKU00181,155,N
2025-02-23,SKU00264,166,N
2025-03-02,SKU00188,797,N
2025-03-02,SKU00075,316,N
2025-03-02,SKU00100,485,N
2025-03-02,SKU00159,383,N
2025-03-02,SKU00252,0,S
2025-03-02,SKU00007,627,N
2025-03-02,SKU00092,0,S
2025-03-02,SKU00003,415,N
2025-03-02,SKU00250,443,N
2025-03-02,SKU00164,777,N
2025-03-02,SKU00037,96,N
2025-03-02,SKU00131,575,N
2025-03-02,SKU00129,435,N
2025-03-02,SKU00204,77,N
2025-03-02,SKU00051,603,N
2025-03-02,SKU00048,0,S
2025-03-02,SKU00099,715,N
2025-03-02,SKU00261,378,N
2025-03-02,SKU00094,454,N
2025-03-02,SKU00178,0,S
2025-03-02,SKU00152,612,N
2025-03-02,SKU00054,90,N
2025-03-02,SKU00232,746,N
2025-03-02,SKU00013,184,N
2025-03-02,SKU00018,794,N
2025-03-02,SKU00228,0,S
2025-03-02,SKU00167,38,N
2025-03-02,SKU00045,463,N
2025-03-02,SKU00043,525,N
2025-03-02,SKU00235,314,N
2025-03-02,SKU00101,0,S
2025-03-02,SKU00271,264,N
2025-03-02,SKU00062,507,N
2025-03-02,SKU00186,789,N
2025-03-02,SKU00229,148,N
2025-03-02,SKU00002,560,N
2025-03-02,SKU00076,619,N
2025-03-02,SKU00098,738,N
2025-03-02,SKU00237,701,N
2025-03-02,SKU00249,223,N
2025-03-02,SKU00132,534,N
2025-03-02,SKU00026,730,N
2025-03-02,SKU00125,221,N
2025-03-02,SKU00070,330,N
2025-03-02,SKU00219,744,N
2025-03-02,SKU00216,305,N
2025-03-02,SKU00067,206,N
2025-03-02,SKU00144,365,N
2025-03-02,SKU00095,500,N
2025-03-02,SKU00234,788,N
2025-03-02,SKU00061,75,N
2025-03-02,SKU00208,155,N
2025-03-02,SKU00243,45,N
2025-03-02,SKU00024,286,N
2025-03-02,SKU00283,354,N
2025-03-02,SKU00027,768,N
2025-03-02,SKU00210,558,N
2025-03-02,SKU00287,503,N
2025-03-02,SKU00177,609,N
2025-03-02,SKU00163,720,N
2025-03-02,SKU00056,0,S
2025-03-02,SKU00114,0,S
2025-03-02,SKU00032,459,N
2025-03-02,SKU00091,287,N
2025-03-02,SKU00282,548,N
2025-03-02,SKU00089,237,N
2025-03-02,SKU00110,599,N
2025-03-02,SKU00012,174,N
2025-03-02,SKU00147,577,N
2025-03-02,SKU00137,489,N
2025-03-02,SKU00034,697,N
2025-03-02,SKU00126,620,N
2025-03-02,SKU00035,193,N
2025-03-02,SKU00272,83,N
2025-03-02,SKU00108,447,N
2025-03-02,SKU00148,288,N
2025-03-02,SKU00130,132,N
2025-03-02,SKU00257,528,N
2025-03-02,SKU00020,17,N
2025-03-02,SKU00017,598,N
2025-03-09,SKU00139,141,N
2025-03-09,SKU00085,50,N
2025-03-09,SKU00243,318,N
2025-03-09,SKU00087,0,S
2025-03-09,SKU00102,474,N
2025-03-09,SKU00077,554,N
2025-03-09,SKU00019,139,N
2025-03-09,SKU00195,401,N
2025-03-09,SKU00144,727,N
2025-03-09,SKU00069,0,S
2025-03-09,SKU00214,296,N
2025-03-09,SKU00185,0,S
2025-03-09,SKU00006,0,S
2025-03-09,SKU00197,413,N
2025-03-09,SKU00270,485,N
2025-03-09,SKU00274,557,N
2025-03-09,SKU00265,513,N
2025-03-09,SKU00212,0,S
2025-03-09,SKU00021,641,N
2025-03-09,SKU00135,571,N
2025-03-09,SKU00098,86,N
2025-03-09,SKU00014,174,N
2025-03-09,SKU00027,665,N
2025-03-09,SKU00131,489,N
2025-03-09,SKU00227,291,N
2025-03-09,SKU00216,0,S
2025-03-09,SKU00211,319,N
2025-03-09,SKU00104,518,N
2025-03-09,SKU00134,0,S
2025-03-09,SKU00252,472,N
2025-03-09,SKU00224,287,N
2025-03-09,SKU00280,514,N
2025-03-09,SKU00276,343,N
2025-03-09,SKU00199,347,N
2025-03-09,SKU00230,636,N
2025-03-09,SKU00254,770,N
2025-03-09,SKU00180,395,N
2025-03-09,SKU00255,388,N
2025-03-09,SKU00089,183,N
2025-03-09,SKU00020,793,N
2025-03-09,SKU00108,145,N
2025-03-09,SKU00058,286,N
2025-03-09,SKU00128,640,N
2025-03-09,SKU00096,385,N
2025-03-09,SKU00081,396,N
2025-03-09,SKU00062,7,N
2025-03-09,SKU00178,15,N
2025-03-09,SKU00109,34,N
2025-03-09,SKU00133,493,N
2025-03-09,SKU00151,398,N
2025-03-09,SKU00072,360,N
2025-03-09,SKU00044,264,N
2025-03-09,SKU00177,615,N
2025-03-09,SKU00046,491,N
2025-03-09,SKU00204,0,S
2025-03-09,SKU00181,0,S
2025-03-09,SKU00067,0,S
2025-03-09,SKU00153,566,N
2025-03-09,SKU00239,384,N
2025-03-09,SKU00043,143,N
2025-03-09,SKU00105,0,S
2025-03-09,SKU00094,261,N
2025-03-09,SKU00244,621,N
2025-03-09,SKU00011,160,N
2025-03-09,SKU00202,408,N
2025-03-09,SKU00198,622,N
2025-03-09,SKU00271,195,N
2025-03-09,SKU00259,365,N
2025-03-09,SKU00149,118,N
2025-03-09,SKU00064,538,N
2025-03-09,SKU00152,24,N
2025-03-09,SKU00157,1,N
2025-03-09,SKU00063,744,N
2025-03-09,SKU00200,32,N
2025-03-09,SKU00282,622,N
2025-03-09,SKU00223,309,N
2025-03-09,SKU00279,726,N
2025-03-09,SKU00196,210,N
2025-03-09,SKU00031,349,N
2025-03-09,SKU00051,227,N
2025-03-16,SKU00092,141,N
2025-03-16,SKU00183,702,N
2025-03-16,SKU00182,665,N
2025-03-16,SKU00150,462,N
2025-03-16,SKU00246,0,S
2025-03-16,SKU00046,0,S
2025-03-16,SKU00102,14,N
2025-03-16,SKU00267,0,S
2025-03-16,SKU00175,0,S
2025-03-16,SKU00209,792,N
2025-03-16,SKU00281,742,N
2025-03-16,SKU00165,687,N
2025-03-16,SKU00127,785,N
2025-03-16,SKU00116,139,N
2025-03-16,SKU00244,276,N
2025-03-16,SKU00015,488,N
2025-03-16,SKU00202,377,N
2025-03-16,SKU00011,0,S
2025-03-16,SKU00184,592,N
2025-03-16,SKU00271,639,N
2025-03-16,SKU00195,747,N
2025-03-16,SKU00156,507,N
2025-03-16,SKU00279,765,N
2025-03-16,SKU00070,186,N
2025-03-16,SKU00228,568,N
2025-03-16,SKU00219,608,N
2025-03-16,SKU00224,449,N
2025-03-16,SKU00047,468,N
2025-03-16,SKU00136,639,N
2025-03-16,SKU00049,624,N
2025-03-16,SKU00114,700,N
2025-03-16,SKU00251,612,N
2025-03-16,SKU00042,86,N
2025-03-16,SKU00220,331,N
2025-03-16,SKU00235,343,N
2025-03-16,SKU00260,551,N
2025-03-16,SKU00253,126,N
2025-03-16,SKU00226,0,S
2025-03-16,SKU00003,746,N
2025-03-16,SKU00178,0,S
2025-03-16,SKU00248,8,N
2025-03-16,SKU00066,712,N
2025-03-16,SKU00082,526,N
2025-03-16,SKU00193,489,N
2025-03-16,SKU00275,483,N
2025-03-16,SKU00064,505,N
2025-03-16,SKU00008,0,S
2025-03-16,SKU00273,545,N
2025-03-16,SKU00158,160,N
2025-03-16,SKU00176,125,N
2025-03-16,SKU00004,2,N
2025-03-16,SKU00006,558,N
2025-03-16,SKU00130,526,N
2025-03-16,SKU00180,695,N
2025-03-16,SKU00087,32,N
2025-03-16,SKU00061,778,N
2025-03-16,SKU00285,0,S
2025-03-16,SKU00160,24,N
2025-03-16,SKU00215,96,N
2025-03-16,SKU00035,283,N
2025-03-16,SKU00196,90,N
2025-03-16,SKU00277,271,N
2025-03-16,SKU00063,588,N
2025-03-16,SKU00036,124,N
2025-03-16,SKU00242,630,N
2025-03-16,SKU00216,142,N
2025-03-16,SKU00056,678,N
2025-03-16,SKU00167,345,N
2025-03-16,SKU00100,21,N
2025-03-16,SKU00095,466,N
2025-03-16,SKU00197,380,N
2025-03-16,SKU00129,228,N
2025-03-16,SKU00112,431,N
2025-03-16,SKU00198,18,N
2025-03-16,SKU00002,0,S
2025-03-16,SKU00013,172,N
2025-03-16,SKU00085,422,N
2025-03-16,SKU00104,310,N
2025-03-16,SKU00097,487,N
2025-03-16,SKU00266,588,N
2025-03-23,SKU00156,98,N
2025-03-23,SKU00168,466,N
2025-03-23,SKU00010,289,N
2025-03-23,SKU00223,557,N
2025-03-23,SKU00131,660,N
2025-03-23,SKU00049,0,S
2025-03-23,SKU00123,7,N
2025-03-23,SKU00142,414,N
2025-03-23,SKU00213,0,S
2025-03-23,SKU00169,0,S
2025-03-23,SKU00003,680,N
2025-03-23,SKU00243,0,S
2025-03-23,SKU00005,524,N
2025-03-23,SKU00095,552,N
2025-03-23,SKU00204,594,N
2025-03-23,SKU00197,3,N
2025-03-23,SKU00166,702,N
2025-03-23,SKU00023,415,N
2025-03-23,SKU00165,451,N
2025-03-23,SKU00258,101,N
2025-03-23,SKU00268,706,N
2025-03-23,SKU00066,195,N
2025-03-23,SKU00103,264,N
2025-03-23,SKU00040,260,N
2025-03-23,SKU00148,396,N
2025-03-23,SKU00260,578,N
2025-03-23,SKU00232,574,N
2025-03-23,SKU00048,270,N
2025-03-23,SKU00276,384,N
2025-03-23,SKU00116,485,N
2025-03-23,SKU00008,0,S
2025-03-23,SKU00109,772,N
2025-03-23,SKU00175,306,N
2025-03-23,SKU00254,433,N
2025-03-23,SKU00014,0,S
2025-03-23,SKU00037,0,S
2025-03-23,SKU00118,655,N
2025-03-23,SKU00132,635,N
2025-03-23,SKU00172,160,N
2025-03-23,SKU00126,147,N
2025-03-23,SKU00256,601,N
2025-03-23,SKU00267,0,S
2025-03-23,SKU00252,80,N
2025-03-23,SKU00160,56,N
2025-03-23,SKU00193,514,N
2025-03-23,SKU00062,75,N
2025-03-23,SKU00167,88,N
2025-03-23,SKU00146,784,N
2025-03-23,SKU00098,133,N
2025-03-23,SKU00091,606,N
2025-03-23,SKU00231,0,S
2025-03-23,SKU00033,0,S
2025-03-23,SKU00242,68,N
2025-03-23,SKU00022,548,N
2025-03-23,SKU00246,496,N
2025-03-23,SKU00019,0,S
2025-03-23,SKU00013,0,S
2025-03-23,SKU00229,647,N
2025-03-23,SKU00290,0,S
2025-03-23,SKU00068,343,N
2025-03-23,SKU00176,498,N
2025-03-23,SKU00134,413,N
2025-03-23,SKU00105,314,N
2025-03-23,SKU00210,651,N
2025-03-23,SKU00030,565,N
2025-03-23,SKU00071,200,N
2025-03-23,SKU00181,158,N
2025-03-23,SKU00050,290,N
2025-03-23,SKU00240,537,N
2025-03-23,SKU00121,68,N
2025-03-23,SKU00187,0,S
2025-03-23,SKU00082,131,N
2025-03-23,SKU00070,0,S
2025-03-23,SKU00263,234,N
2025-03-23,SKU00017,56,N
2025-03-23,SKU00191,530,N
2025-03-23,SKU00084,336,N
2025-03-23,SKU00163,782,N
2025-03-23,SKU00020,740,N
2025-03-23,SKU00192,454,N
2025-03-30,SKU00110,359,N
2025-03-30,SKU00249,454,N
2025-03-30,SKU00102,495,N
2025-03-30,SKU00024,440,N
2025-03-30,SKU00021,626,N
2025-03-30,SKU00199,393,N
2025-03-30,SKU00036,673,N
2025-03-30,SKU00017,283,N
2025-03-30,SKU00204,245,N
2025-03-30,SKU00086,614,N
2025-03-30,SKU00063,554,N
2025-03-30,SKU00008,0,S
2025-03-30,SKU00198,103,N
2025-03-30,SKU00238,357,N
2025-03-30,SKU00022,360,N
2025-03-30,SKU00290,336,N
2025-03-30,SKU00141,277,N
2025-03-30,SKU00098,103,N
2025-03-30,SKU00019,670,N
2025-03-30,SKU00058,274,N
2025-03-30,SKU00213,630,N
2025-03-30,SKU00153,734,N
2025-03-30,SKU00066,96,N
2025-03-30,SKU00163,66,N
2025-03-30,SKU00272,43,N
2025-03-30,SKU00169,569,N
2025-03-30,SKU00121,271,N
2025-03-30,SKU00261,0,S
2025-03-30,SKU00088,569,N
2025-03-30,SKU00055,177,N
2025-03-30,SKU00009,619,N
2025-03-30,SKU00168,354,N
2025-03-30,SKU00085,9,N
2025-03-30,SKU00180,58,N
2025-03-30,SKU00209,108,N
2025-03-30,SKU00039,605,N
2025-03-30,SKU00111,199,N
2025-03-30,SKU00126,655,N
2025-03-30,SKU00123,568,N
2025-03-30,SKU00145,349,N
2025-03-30,SKU00149,774,N
2025-03-30,SKU00219,0,S
2025-03-30,SKU00013,482,N
2025-03-30,SKU00094,578,N
2025-03-30,SKU00186,668,N
2025-03-30,SKU00099,407,N
2025-03-30,SKU00064,0,S
2025-03-30,SKU00106,126,N
2025-03-30,SKU00109,626,N
2025-03-30,SKU00115,243,N
2025-03-30,SKU00012,45,N
2025-03-30,SKU00215,630,N
2025-03-30,SKU00286,73,N
2025-03-30,SKU00181,259,N
2025-03-30,SKU00020,144,N
2025-03-30,SKU00093,641,N
2025-03-30,SKU00076,787,N
2025-03-30,SKU00095,0,S
2025-03-30,SKU00289,155,N
2025-03-30,SKU00226,245,N
2025-03-30,SKU00146,166,N
2025-03-30,SKU00027,595,N
2025-03-30,SKU00256,630,N
2025-03-30,SKU00165,358,N
2025-03-30,SKU00014,72,N
2025-03-30,SKU00161,672,N
2025-03-30,SKU00279,322,N
2025-03-30,SKU00179,561,N
2025-03-30,SKU00087,0,S
2025-03-30,SKU00266,762,N
2025-03-30,SKU00155,655,N
2025-03-30,SKU00100,711,N
2025-03-30,SKU00156,15,N
2025-03-30,SKU00285,617,N
2025-03-30,SKU00208,0,S
2025-03-30,SKU00051,109,N
2025-03-30,SKU00217,780,N
2025-03-30,SKU00210,194,N
2025-03-30,SKU00122,47,N
2025-03-30,SKU00026,25,N
2025-04-06,SKU00174,654,N
2025-04-06,SKU00184,328,N
2025-04-06,SKU00048,715,N
2025-04-06,SKU00260,734,N
2025-04-06,SKU00151,541,N
2025-04-06,SKU00123,343,N
2025-04-06,SKU00214,770,N
2025-04-06,SKU00125,322,N
2025-04-06,SKU00122,425,N
2025-04-06,SKU00088,0,S
2025-04-06,SKU00232,651,N
2025-04-06,SKU00146,12,N
2025-04-06,SKU00086,13,N
2025-04-06,SKU00270,440,N
2025-04-06,SKU00009,221,N
2025-04-06,SKU00010,770,N
2025-04-06,SKU00042,458,N
2025-04-06,SKU00027,17,N
2025-04-06,SKU00142,0,S
2025-04-06,SKU00181,14,N
2025-04-06,SKU00163,493,N
2025-04-06,SKU00030,720,N
2025-04-06,SKU00017,663,N
2025-04-06,SKU00205,744,N
2025-04-06,SKU00011,277,N
2025-04-06,SKU00154,582,N
2025-04-06,SKU00036,563,N
2025-04-06,SKU00170,442,N
2025-04-06,SKU00192,41,N
2025-04-06,SKU00215,656,N
2025-04-06,SKU00218,278,N
2025-04-06,SKU00286,0,S
2025-04-06,SKU00237,367,N
2025-04-06,SKU00190,369,N
2025-04-06,SKU00213,579,N
2025-04-06,SKU00167,685,N
2025-04-06,SKU00085,5,N
2025-04-06,SKU00054,673,N
2025-04-06,SKU00098,610,N
2025-04-06,SKU00128,659,N
2025-04-06,SKU00130,356,N
2025-04-06,SKU00153,142,N
2025-04-06,SKU00105,220,N
2025-04-06,SKU00094,169,N
2025-04-06,SKU00101,359,N
2025-04-06,SKU00183,220,N
2025-04-06,SKU00186,0,S
2025-04-06,SKU00095,538,N
2025-04-06,SKU00025,0,S
2025-04-06,SKU00224,590,N
2025-04-06,SKU00093,223,N
2025-04-06,SKU00102,677,N
2025-04-06,SKU00039,127,N
2025-04-06,SKU00099,588,N
2025-04-06,SKU00291,0,S
2025-04-06,SKU00031,406,N
2025-04-06,SKU00033,689,N
2025-04-06,SKU00258,534,N
2025-04-06,SKU00023,332,N
2025-04-06,SKU00004,629,N
2025-04-06,SKU00114,375,N
2025-04-06,SKU00070,0,S
2025-04-06,SKU00060,0,S
2025-04-06,SKU00210,0,S
2025-04-06,SKU00283,310,N
2025-04-06,SKU00275,17,N
2025-04-06,SKU00068,90,N
2025-04-06,SKU00002,149,N
2025-04-06,SKU00035,487,N
2025-04-06,SKU00204,410,N
2025-04-06,SKU00162,601,N
2025-04-06,SKU00242,188,N
2025-04-06,SKU00132,353,N
2025-04-06,SKU00136,400,N
2025-04-06,SKU00189,726,N
2025-04-06,SKU00107,118,N
2025-04-06,SKU00265,229,N
2025-04-06,SKU00256,352,N
2025-04-06,SKU00138,767,N
2025-04-06,SKU00120,150,N
2025-04-13,SKU00057,668,N
2025-04-13,SKU00241,424,N
2025-04-13,SKU00280,1,N
2025-04-13,SKU00125,147,N
2025-04-13,SKU00044,265,N
2025-04-13,SKU00072,348,N
2025-04-13,SKU00019,0,S
2025-04-13,SKU00153,310,N
2025-04-13,SKU00005,23,N
2025-04-13,SKU00142,310,N
2025-04-13,SKU00115,69,N
2025-04-13,SKU00032,258,N
2025-04-13,SKU00135,196,N
2025-04-13,SKU00247,643,N
2025-04-13,SKU00058,0,S
2025-04-13,SKU00159,0,S
2025-04-13,SKU00085,757,N
2025-04-13,SKU00226,695,N
2025-04-13,SKU00206,532,N
2025-04-13,SKU00041,416,N
2025-04-13,SKU00179,588,N
2025-04-13,SKU00010,691,N
2025-04-13,SKU00132,357,N
2025-04-13,SKU00211,451,N
2025-04-13,SKU00095,787,N
2025-04-13,SKU00268,595,N
2025-04-13,SKU00191,534,N
2025-04-13,SKU00029,597,N
2025-04-13,SKU00281,398,N
2025-04-13,SKU00068,64,N
2025-04-13,SKU00197,507,N
2025-04-13,SKU00224,244,N
2025-04-13,SKU00214,678,N
2025-04-13,SKU00133,528,N
2025-04-13,SKU00256,410,N
2025-04-13,SKU00043,673,N
2025-04-13,SKU00047,29,N
2025-04-13,SKU00053,742,N
2025-04-13,SKU00064,108,N
2025-04-13,SKU00180,99,N
2025-04-13,SKU00235,0,S
2025-04-13,SKU00186,663,N
2025-04-13,SKU00097,261,N
2025-04-13,SKU00242,716,N
2025-04-13,SKU00260,78,N
2025-04-13,SKU00026,499,N
2025-04-13,SKU00038,408,N
2025-04-13,SKU00123,456,N
2025-04-13,SKU00228,0,S
2025-04-13,SKU00237,488,N
2025-04-13,SKU00022,602,N
2025-04-13,SKU00261,33,N
2025-04-13,SKU00126,404,N
2025-04-13,SKU00004,395,N
2025-04-13,SKU00040,489,N
2025-04-13,SKU00234,793,N
2025-04-13,SKU00166,278,N
2025-04-13,SKU00218,0,S
2025-04-13,SKU00024,646,N
2025-04-13,SKU00130,202,N
2025-04-13,SKU00283,0,S
2025-04-13,SKU00252,105,N
2025-04-13,SKU00114,56,N
2025-04-13,SKU00099,50,N
2025-04-13,SKU00127,269,N
2025-04-13,SKU00154,46,N
2025-04-13,SKU00262,226,N
2025-04-13,SKU00069,488,N
2025-04-13,SKU00181,682,N
2025-04-13,SKU00122,294,N
2025-04-13,SKU00222,671,N
2025-04-13,SKU00190,140,N
2025-04-13,SKU00195,484,N
2025-04-13,SKU00088,517,N
2025-04-13,SKU00199,403,N
2025-04-13,SKU00279,739,N
2025-04-13,SKU00212,295,N
2025-04-13,SKU00230,282,N
2025-04-13,SKU00055,179,N
2025-04-13,SKU00189,228,N
2025-04-20,SKU00250,790,N
2025-04-20,SKU00276,0,S
2025-04-20,SKU00204,534,N
2025-04-20,SKU00101,0,S
2025-04-20,SKU00185,432,N
2025-04-20,SKU00184,142,N
2025-04-20,SKU00039,65,N
2025-04-20,SKU00156,373,N
2025-04-20,SKU00203,417,N
2025-04-20,SKU00262,767,N
2025-04-20,SKU00008,359,N
2025-04-20,SKU00155,750,N
2025-04-20,SKU00106,96,N
2025-04-20,SKU00192,12,N
2025-04-20,SKU00064,566,N
2025-04-20,SKU00114,344,N
2025-04-20,SKU00124,615,N
2025-04-20,SKU00228,416,N
2025-04-20,SKU00098,562,N
2025-04-20,SKU00195,208,N
2025-04-20,SKU00229,0,S
2025-04-20,SKU00159,365,N
2025-04-20,SKU00223,62,N
2025-04-20,SKU00083,780,N
2025-04-20,SKU00150,48,N
2025-04-20,SKU00086,562,N
2025-04-20,SKU00165,692,N
2025-04-20,SKU00007,130,N
2025-04-20,SKU00005,460,N
2025-04-20,SKU00199,755,N
2025-04-20,SKU00047,461,N
2025-04-20,SKU00290,517,N
2025-04-20,SKU00116,278,N
2025-04-20,SKU00271,663,N
2025-04-20,SKU00172,449,N
2025-04-20,SKU00267,631,N
2025-04-20,SKU00214,675,N
2025-04-20,SKU00058,457,N
2025-04-20,SKU00071,4,N
2025-04-20,SKU00141,428,N
2025-04-20,SKU00207,584,N
2025-04-20,SKU00097,121,N
2025-04-20,SKU00041,713,N
2025-04-20,SKU00289,776,N
2025-04-20,SKU00168,312,N
2025-04-20,SKU00158,0,S
2025-04-20,SKU00013,295,N
2025-04-20,SKU00012,182,N
2025-04-20,SKU00061,62,N
2025-04-20,SKU00120,298,N
2025-04-20,SKU00221,0,S
2025-04-20,SKU00027,667,N
2025-04-20,SKU00036,577,N
2025-04-20,SKU00073,185,N
2025-04-20,SKU00023,472,N
2025-04-20,SKU00202,508,N
2025-04-20,SKU00084,771,N
2025-04-20,SKU00053,643,N
2025-04-20,SKU00003,733,N
2025-04-20,SKU00260,0,S
2025-04-20,SKU00015,326,N
2025-04-20,SKU00242,0,S
2025-04-20,SKU00135,420,N
2025-04-20,SKU00222,362,N
2025-04-20,SKU00227,180,N
2025-04-20,SKU00194,373,N
2025-04-20,SKU00278,216,N
2025-04-20,SKU00123,356,N
2025-04-20,SKU00171,446,N
2025-04-20,SKU00022,289,N
2025-04-20,SKU00112,0,S
2025-04-20,SKU00253,631,N
2025-04-20,SKU00187,325,N
2025-04-20,SKU00014,480,N
2025-04-20,SKU00132,169,N
2025-04-20,SKU00077,95,N
2025-04-20,SKU00031,197,N
2025-04-20,SKU00252,297,N
2025-04-20,SKU00241,8,N
2025-04-20,SKU00292,181,N
2025-04-27,SKU00151,275,N
2025-04-27,SKU00156,715,N
2025-04-27,SKU00205,743,N
2025-04-27,SKU00174,100,N
2025-04-27,SKU00012,311,N
2025-04-27,SKU00240,125,N
2025-04-27,SKU00215,242,N
2025-04-27,SKU00179,380,N
2025-04-27,SKU00178,295,N
2025-04-27,SKU00070,127,N
2025-04-27,SKU00260,359,N
2025-04-27,SKU00048,134,N
2025-04-27,SKU00089,745,N
2025-04-27,SKU00176,256,N
2025-04-27,SKU00266,294,N
2025-04-27,SKU00164,617,N
2025-04-27,SKU00131,585,N
2025-04-27,SKU00206,318,N
2025-04-27,SKU00187,100,N
2025-04-27,SKU00066,255,N
2025-04-27,SKU00109,752,N
2025-04-27,SKU00167,90,N
2025-04-27,SKU00052,500,N
2025-04-27,SKU00272,241,N
2025-04-27,SKU00064,778,N
2025-04-27,SKU00281,738,N
2025-04-27,SKU00041,431,N
2025-04-27,SKU00031,346,N
2025-04-27,SKU00067,772,N
2025-04-27,SKU00121,796,N
2025-04-27,SKU00036,0,S
2025-04-27,SKU00196,698,N
2025-04-27,SKU00095,573,N
2025-04-27,SKU00125,210,N
2025-04-27,SKU00197,611,N
2025-04-27,SKU00030,0,S
2025-04-27,SKU00033,723,N
2025-04-27,SKU00244,609,N
2025-04-27,SKU00022,310,N
2025-04-27,SKU00251,216,N
2025-04-27,SKU00073,0,S
2025-04-27,SKU00039,385,N
2025-04-27,SKU00080,389,N
2025-04-27,SKU00129,641,N
2025-04-27,SKU00286,515,N
2025-04-27,SKU00011,769,N
2025-04-27,SKU00285,433,N
2025-04-27,SKU00020,707,N
2025-04-27,SKU00264,344,N
2025-04-27,SKU00243,751,N
2025-04-27,SKU00291,341,N
2025-04-27,SKU00207,563,N
2025-04-27,SKU00155,498,N
2025-04-27,SKU00238,132,N
2025-04-27,SKU00133,97,N
2025-04-27,SKU00165,534,N
2025-04-27,SKU00024,379,N
2025-04-27,SKU00055,85,N
2025-04-27,SKU00280,756,N
2025-04-27,SKU00198,314,N
2025-04-27,SKU00114,733,N
2025-04-27,SKU00255,0,S
2025-04-27,SKU00097,398,N
2025-04-27,SKU00075,0,S
2025-04-27,SKU00277,690,N
2025-04-27,SKU00046,83,N
2025-04-27,SKU00110,498,N
2025-04-27,SKU00094,570,N
2025-04-27,SKU00172,568,N
2025-04-27,SKU00043,0,S
2025-04-27,SKU00008,541,N
2025-04-27,SKU00106,645,N
2025-04-27,SKU00116,547,N
2025-04-27,SKU00004,340,N
2025-04-27,SKU00117,129,N
2025-04-27,SKU00214,626,N
2025-04-27,SKU00200,704,N
2025-04-27,SKU00158,589,N
2025-04-27,SKU00038,144,N
2025-04-27,SKU00119,78,N
2025-05-04,SKU00140,422,N
2025-05-04,SKU00214,654,N
2025-05-04,SKU00217,440,N
2025-05-04,SKU00276,477,N
2025-05-04,SKU00131,335,N
2025-05-04,SKU00133,327,N
2025-05-04,SKU00039,177,N
2025-05-04,SKU00289,529,N
2025-05-04,SKU00130,333,N
2025-05-04,SKU00117,238,N
2025-05-04,SKU00113,719,N
2025-05-04,SKU00077,0,S
2025-05-04,SKU00285,554,N
2025-05-04,SKU00157,129,N
2025-05-04,SKU00239,623,N
2025-05-04,SKU00035,118,N
2025-05-04,SKU00165,479,N
2025-05-04,SKU00210,437,N
2025-05-04,SKU00228,600,N
2025-05-04,SKU00185,406,N
2025-05-04,SKU00267,509,N
2025-05-04,SKU00053,0,S
2025-05-04,SKU00052,273,N
2025-05-04,SKU00206,568,N
2025-05-04,SKU00265,689,N
2025-05-04,SKU00074,0,S
2025-05-04,SKU00166,603,N
2025-05-04,SKU00110,505,N
2025-05-04,SKU00204,8,N
2025-05-04,SKU00127,2,N
2025-05-04,SKU00270,593,N
2025-05-04,SKU00121,205,N
2025-05-04,SKU00251,688,N
2025-05-04,SKU00040,790,N
2025-05-04,SKU00271,190,N
2025-05-04,SKU00158,113,N
2025-05-04,SKU00007,719,N
2025-05-04,SKU00281,614,N
2025-05-04,SKU00011,784,N
2025-05-04,SKU00123,373,N
2025-05-04,SKU00284,239,N
2025-05-04,SKU00138,4,N
2025-05-04,SKU00081,204,N
2025-05-04,SKU00134,435,N
2025-05-04,SKU00199,777,N
2025-05-04,SKU00156,19,N
2025-05-04,SKU00018,113,N
2025-05-04,SKU00143,408,N
2025-05-04,SKU00177,186,N
2025-05-04,SKU00249,342,N
2025-05-04,SKU00132,358,N
2025-05-04,SKU00170,656,N
2025-05-04,SKU00197,26,N
2025-05-04,SKU00216,384,N
2025-05-04,SKU00278,302,N
2025-05-04,SKU00176,377,N
2025-05-04,SKU00291,220,N
2025-05-04,SKU00168,283,N
2025-05-04,SKU00235,537,N
2025-05-04,SKU00016,164,N
2025-05-04,SKU00160,261,N
2025-05-04,SKU00032,574,N
2025-05-04,SKU00171,409,N
2025-05-04,SKU00287,756,N
2025-05-04,SKU00292,786,N
2025-05-04,SKU00066,730,N
2025-05-04,SKU00288,443,N
2025-05-04,SKU00193,399,N
2025-05-04,SKU00082,599,N
2025-05-04,SKU00272,676,N
2025-05-04,SKU00019,80,N
2025-05-04,SKU00105,401,N
2025-05-04,SKU00030,349,N
2025-05-04,SKU00080,189,N
2025-05-04,SKU00096,484,N
2025-05-04,SKU00059,694,N
2025-05-04,SKU00234,348,N
2025-05-04,SKU00048,0,S
2025-05-04,SKU00194,625,N
2025-05-04,SKU00225,259,N
2025-05-11,SKU00214,756,N
2025-05-11,SKU00049,227,N
2025-05-11,SKU00075,227,N
2025-05-11,SKU00175,494,N
2025-05-11,SKU00018,440,N
2025-05-11,SKU00218,268,N
2025-05-11,SKU00053,40,N
2025-05-11,SKU00290,108,N
2025-05-11,SKU00271,563,N
2025-05-11,SKU00162,0,S
2025-05-11,SKU00158,649,N
2025-05-11,SKU00172,0,S
2025-05-11,SKU00098,139,N
2025-05-11,SKU00017,680,N
2025-05-11,SKU00289,0,S
2025-05-11,SKU00095,437,N
2025-05-11,SKU00146,507,N
2025-05-11,SKU00087,172,N
2025-05-11,SKU00042,800,N
2025-05-11,SKU00061,442,N
2025-05-11,SKU00122,237,N
2025-05-11,SKU00060,683,N
2025-05-11,SKU00038,675,N
2025-05-11,SKU00090,0,S
2025-05-11,SKU00202,408,N
2025-05-11,SKU00081,129,N
2025-05-11,SKU00079,7,N
2025-05-11,SKU00025,262,N
2025-05-11,SKU00035,518,N
2025-05-11,SKU00156,76,N
2025-05-11,SKU00169,199,N
2025-05-11,SKU00184,497,N
2025-05-11,SKU00039,447,N
2025-05-11,SKU00205,662,N
2025-05-11,SKU00187,157,N
2025-05-11,SKU00094,611,N
2025-05-11,SKU00180,259,N
2025-05-11,SKU00134,441,N
2025-05-11,SKU00002,531,N
2025-05-11,SKU00157,284,N
2025-05-11,SKU00204,0,S
2025-05-11,SKU00283,191,N
2025-05-11,SKU00142,572,N
2025-05-11,SKU00022,780,N
2025-05-11,SKU00107,61,N
2025-05-11,SKU00052,171,N
2025-05-11,SKU00127,0,S
2025-05-11,SKU00165,159,N
2025-05-11,SKU00130,615,N
2025-05-11,SKU00059,531,N
2025-05-11,SKU00102,369,N
2025-05-11,SKU00097,125,N
2025-05-11,SKU00015,0,S
2025-05-11,SKU00043,358,N
2025-05-11,SKU00030,607,N
2025-05-11,SKU00123,648,N
2025-05-11,SKU00011,414,N
2025-05-11,SKU00048,4,N
2025-05-11,SKU00082,231,N
2025-05-11,SKU00058,426,N
2025-05-11,SKU00055,414,N
2025-05-11,SKU00259,707,N
2025-05-11,SKU00014,44,N
2025-05-11,SKU00245,673,N
2025-05-11,SKU00209,103,N
2025-05-11,SKU00051,255,N
2025-05-11,SKU00210,435,N
2025-05-11,SKU00137,292,N
2025-05-11,SKU00021,501,N
2025-05-11,SKU00106,718,N
2025-05-11,SKU00230,185,N
2025-05-11,SKU00070,489,N
2025-05-11,SKU00016,19,N
2025-05-11,SKU00173,0,S
2025-05-11,SKU00032,11,N
2025-05-11,SKU00066,51,N
2025-05-11,SKU00115,376,N
2025-05-11,SKU00141,0,S
2025-05-11,SKU00124,682,N
2025-05-11,SKU00163,43,N
2025-05-18,SKU00123,387,N
2025-05-18,SKU00070,0,S
2025-05-18,SKU00006,657,N
2025-05-18,SKU00211,305,N
2025-05-18,SKU00205,0,S
2025-05-18,SKU00109,124,N
2025-05-18,SKU00180,691,N
2025-05-18,SKU00264,55,N
2025-05-18,SKU00072,543,N
2025-05-18,SKU00259,649,N
2025-05-18,SKU00003,0,S
2025-05-18,SKU00171,747,N
2025-05-18,SKU00140,366,N
2025-05-18,SKU00045,759,N
2025-05-18,SKU00269,426,N
2025-05-18,SKU00060,321,N
2025-05-18,SKU00016,758,N
2025-05-18,SKU00164,0,S
2025-05-18,SKU00161,440,N
2025-05-18,SKU00159,0,S
2025-05-18,SKU00134,760,N
2025-05-18,SKU00037,0,S
2025-05-18,SKU00009,728,N
2025-05-18,SKU00078,37,N
2025-05-18,SKU00278,0,S
2025-05-18,SKU00044,767,N
2025-05-18,SKU00247,240,N
2025-05-18,SKU00133,135,N
2025-05-18,SKU00243,760,N
2025-05-18,SKU00207,391,N
2025-05-18,SKU00288,110,N
2025-05-18,SKU00039,426,N
2025-05-18,SKU00076,743,N
2025-05-18,SKU00073,22,N
2025-05-18,SKU00183,552,N
2025-05-18,SKU00291,685,N
2025-05-18,SKU00195,249,N
2025-05-18,SKU00202,752,N
2025-05-18,SKU00021,602,N
2025-05-18,SKU00100,283,N
2025-05-18,SKU00188,0,S
2025-05-18,SKU00273,159,N
2025-05-18,SKU00029,186,N
2025-05-18,SKU00138,132,N
2025-05-18,SKU00108,434,N
2025-05-18,SKU00136,28,N
2025-05-18,SKU00114,98,N
2025-05-18,SKU00239,772,N
2025-05-18,SKU00255,562,N
2025-05-18,SKU00240,27,N
2025-05-18,SKU00275,71,N
2025-05-18,SKU00131,134,N
2025-05-18,SKU00050,337,N
2025-05-18,SKU00270,0,S
2025-05-18,SKU00271,524,N
2025-05-18,SKU00155,582,N
2025-05-18,SKU00124,746,N
2025-05-18,SKU00281,575,N
2025-05-18,SKU00034,435,N
2025-05-18,SKU00046,584,N
2025-05-18,SKU00237,157,N
2025-05-18,SKU00065,257,N
2025-05-18,SKU00075,509,N
2025-05-18,SKU00067,275,N
2025-05-18,SKU00206,0,S
2025-05-18,SKU00157,112,N
2025-05-18,SKU00152,0,S
2025-05-18,SKU00082,155,N
2025-05-18,SKU00286,554,N
2025-05-18,SKU00218,0,S
2025-05-18,SKU00130,533,N
2025-05-18,SKU00257,656,N
2025-05-18,SKU00068,224,N
2025-05-18,SKU00246,55,N
2025-05-18,SKU00064,0,S
2025-05-18,SKU00268,605,N
2025-05-18,SKU00201,247,N
2025-05-18,SKU00030,275,N
2025-05-18,SKU00153,32,N
2025-05-18,SKU00215,70,N
2025-05-25,SKU00081,587,N
2025-05-25,SKU00028,129,N
2025-05-25,SKU00068,790,N
2025-05-25,SKU00016,630,N
2025-05-25,SKU00191,0,S
2025-05-25,SKU00073,655,N
2025-05-25,SKU00085,415,N
2025-05-25,SKU00030,719,N
2025-05-25,SKU00130,406,N
2025-05-25,SKU00180,791,N
2025-05-25,SKU00268,670,N
2025-05-25,SKU00232,0,S
2025-05-25,SKU00239,321,N
2025-05-25,SKU00131,170,N
2025-05-25,SKU00001,176,N
2025-05-25,SKU00112,473,N
2025-05-25,SKU00290,531,N
2025-05-25,SKU00077,486,N
2025-05-25,SKU00061,366,N
2025-05-25,SKU00216,344,N
2025-05-25,SKU00058,181,N
2025-05-25,SKU00069,108,N
2025-05-25,SKU00265,132,N
2025-05-25,SKU00171,246,N
2025-05-25,SKU00043,0,S
2025-05-25,SKU00117,628,N
2025-05-25,SKU00107,582,N
2025-05-25,SKU00082,92,N
2025-05-25,SKU00022,83,N
2025-05-25,SKU00204,48,N
2025-05-25,SKU00101,152,N
2025-05-25,SKU00048,312,N
2025-05-25,SKU00192,233,N
2025-05-25,SKU00231,0,S
2025-05-25,SKU00252,0,S
2025-05-25,SKU00174,739,N
2025-05-25,SKU00095,430,N
2025-05-25,SKU00160,230,N
2025-05-25,SKU00128,0,S
2025-05-25,SKU00017,440,N
2025-05-25,SKU00201,430,N
2025-05-25,SKU00026,379,N
2025-05-25,SKU00158,217,N
2025-05-25,SKU00116,205,N
2025-05-25,SKU00114,476,N
2025-05-25,SKU00133,0,S
2025-05-25,SKU00249,361,N
2025-05-25,SKU00148,584,N
2025-05-25,SKU00240,70,N
2025-05-25,SKU00193,134,N
2025-05-25,SKU00021,0,S
2025-05-25,SKU00250,630,N
2025-05-25,SKU00015,147,N
2025-05-25,SKU00189,0,S
2025-05-25,SKU00226,201,N
2025-05-25,SKU00046,187,N
2025-05-25,SKU00144,110,N
2025-05-25,SKU00195,404,N
2025-05-25,SKU00098,207,N
2025-05-25,SKU00057,234,N
2025-05-25,SKU00194,794,N
2025-05-25,SKU00099,58,N
2025-05-25,SKU00278,486,N
2025-05-25,SKU00221,399,N
2025-05-25,SKU00218,425,N
2025-05-25,SKU00271,141,N
2025-05-25,SKU00007,400,N
2025-05-25,SKU00134,0,S
2025-05-25,SKU00182,757,N
2025-05-25,SKU00272,108,N
2025-05-25,SKU00044,0,S
2025-05-25,SKU00255,11,N
2025-05-25,SKU00168,39,N
2025-05-25,SKU00164,210,N
2025-05-25,SKU00270,307,N
2025-05-25,SKU00145,81,N
2025-05-25,SKU00039,488,N
2025-05-25,SKU00177,0,S
2025-05-25,SKU00264,664,N
2025-05-25,SKU00126,800,N
2025-06-01,SKU00025,580,N
2025-06-01,SKU00003,327,N
2025-06-01,SKU00144,0,S
2025-06-01,SKU00256,520,N
2025-06-01,SKU00219,17,N
2025-06-01,SKU00100,513,N
2025-06-01,SKU00250,547,N
2025-06-01,SKU00171,667,N
2025-06-01,SKU00087,637,N
2025-06-01,SKU00259,258,N
2025-06-01,SKU00266,304,N
2025-06-01,SKU00244,760,N
2025-06-01,SKU00268,233,N
2025-06-01,SKU00023,554,N
2025-06-01,SKU00189,155,N
2025-06-01,SKU00002,336,N
2025-06-01,SKU00064,259,N
2025-06-01,SKU00040,795,N
2025-06-01,SKU00093,246,N
2025-06-01,SKU00054,542,N
2025-06-01,SKU00204,342,N
2025-06-01,SKU00269,679,N
2025-06-01,SKU00170,648,N
2025-06-01,SKU00282,432,N
2025-06-01,SKU00128,706,N
2025-06-01,SKU00241,267,N
2025-06-01,SKU00172,480,N
2025-06-01,SKU00016,0,S
2025-06-01,SKU00133,629,N
2025-06-01,SKU00113,460,N
2025-06-01,SKU00027,261,N
2025-06-01,SKU00046,465,N
2025-06-01,SKU00242,749,N
2025-06-01,SKU00017,331,N
2025-06-01,SKU00114,375,N
2025-06-01,SKU00029,301,N
2025-06-01,SKU00264,146,N
2025-06-01,SKU00118,255,N
2025-06-01,SKU00190,0,S
2025-06-01,SKU00050,0,S
2025-06-01,SKU00175,647,N
2025-06-01,SKU00034,683,N
2025-06-01,SKU00001,153,N
2025-06-01,SKU00134,17,N
2025-06-01,SKU00081,318,N
2025-06-01,SKU00216,575,N
2025-06-01,SKU00066,74,N
2025-06-01,SKU00203,555,N
2025-06-01,SKU00077,252,N
2025-06-01,SKU00067,623,N
2025-06-01,SKU00234,505,N
2025-06-01,SKU00045,601,N
2025-06-01,SKU00136,334,N
2025-06-01,SKU00260,334,N
2025-06-01,SKU00035,793,N
2025-06-01,SKU00061,0,S
2025-06-01,SKU00154,0,S
2025-06-01,SKU00018,0,S
2025-06-01,SKU00086,0,S
2025-06-01,SKU00024,428,N
2025-06-01,SKU00101,552,N
2025-06-01,SKU00230,361,N
2025-06-01,SKU00236,725,N
2025-06-01,SKU00284,95,N
2025-06-01,SKU00102,51,N
2025-06-01,SKU00071,435,N
2025-06-01,SKU00089,209,N
2025-06-01,SKU00165,707,N
2025-06-01,SKU00275,70,N
2025-06-01,SKU00059,115,N
2025-06-01,SKU00069,487,N
2025-06-01,SKU00068,698,N
2025-06-01,SKU00232,0,S
2025-06-01,SKU00107,783,N
2025-06-01,SKU00056,651,N
2025-06-01,SKU00137,310,N
2025-06-01,SKU00019,317,N
2025-06-01,SKU00163,606,N
2025-06-01,SKU00145,360,N
2025-06-01,SKU00186,624,N
2025-06-08,SKU00096,396,N
2025-06-08,SKU00102,526,N
2025-06-08,SKU00076,478,N
2025-06-08,SKU00112,406,N
2025-06-08,SKU00162,603,N
2025-06-08,SKU00089,77,N
2025-06-08,SKU00242,262,N
2025-06-08,SKU00039,47,N
2025-06-08,SKU00045,509,N
2025-06-08,SKU00216,555,N
2025-06-08,SKU00103,684,N
2025-06-08,SKU00274,478,N
2025-06-08,SKU00188,545,N
2025-06-08,SKU00022,180,N
2025-06-08,SKU00235,667,N
2025-06-08,SKU00138,254,N
2025-06-08,SKU00220,203,N
2025-06-08,SKU00029,263,N
2025-06-08,SKU00254,0,S
2025-06-08,SKU00133,470,N
2025-06-08,SKU00189,0,S
2025-06-08,SKU00134,672,N
2025-06-08,SKU00241,766,N
2025-06-08,SKU00054,700,N
2025-06-08,SKU00044,462,N
2025-06-08,SKU00100,385,N
2025-06-08,SKU00125,235,N
2025-06-08,SKU00093,0,S
2025-06-08,SKU00069,342,N
2025-06-08,SKU00008,755,N
2025-06-08,SKU00227,75,N
2025-06-08,SKU00094,325,N
2025-06-08,SKU00087,699,N
2025-06-08,SKU00238,61,N
2025-06-08,SKU00286,0,S
2025-06-08,SKU00031,38,N
2025-06-08,SKU00205,630,N
2025-06-08,SKU00085,133,N
2025-06-08,SKU00234,680,N
2025-06-08,SKU00289,108,N
2025-06-08,SKU00060,483,N
2025-06-08,SKU00233,13,N
2025-06-08,SKU00024,694,N
2025-06-08,SKU00079,763,N
2025-06-08,SKU00009,358,N
2025-06-08,SKU00213,0,S
2025-06-08,SKU00048,561,N
2025-06-08,SKU00012,480,N
2025-06-08,SKU00139,0,S
2025-06-08,SKU00107,722,N
2025-06-08,SKU00081,635,N
2025-06-08,SKU00002,0,S
2025-06-08,SKU00187,24,N
2025-06-08,SKU00271,761,N
2025-06-08,SKU00032,407,N
2025-06-08,SKU00237,0,S
2025-06-08,SKU00097,307,N
2025-06-08,SKU00251,734,N
2025-06-08,SKU00160,629,N
2025-06-08,SKU00169,327,N
2025-06-08,SKU00074,77,N
2025-06-08,SKU00051,78,N
2025-06-08,SKU00164,216,N
2025-06-08,SKU00005,0,S
2025-06-08,SKU00229,351,N
2025-06-08,SKU00231,556,N
2025-06-08,SKU00215,82,N
2025-06-08,SKU00175,82,N
2025-06-08,SKU00006,322,N
2025-06-08,SKU00246,719,N
2025-06-08,SKU00191,0,S
2025-06-08,SKU00185,457,N
2025-06-08,SKU00059,429,N
2025-06-08,SKU00197,89,N
2025-06-08,SKU00052,602,N
2025-06-08,SKU00121,558,N
2025-06-08,SKU00041,615,N
2025-06-08,SKU00152,503,N
2025-06-08,SKU00025,98,N
2025-06-08,SKU00068,620,N
2025-06-15,SKU00175,671,N
2025-06-15,SKU00178,157,N
2025-06-15,SKU00115,141,N
2025-06-15,SKU00183,643,N
2025-06-15,SKU00192,0,S
2025-06-15,SKU00208,0,S
2025-06-15,SKU00211,420,N
2025-06-15,SKU00209,0,S
2025-06-15,SKU00079,730,N
2025-06-15,SKU00030,384,N
2025-06-15,SKU00180,0,S
2025-06-15,SKU00233,178,N
2025-06-15,SKU00142,775,N
2025-06-15,SKU00238,455,N
2025-06-15,SKU00119,535,N
2025-06-15,SKU00266,323,N
2025-06-15,SKU00144,321,N
2025-06-15,SKU00259,38,N
2025-06-15,SKU00221,587,N
2025-06-15,SKU00189,661,N
2025-06-15,SKU00179,249,N
2025-06-15,SKU00064,323,N
2025-06-15,SKU00195,614,N
2025-06-15,SKU00133,0,S
2025-06-15,SKU00134,674,N
2025-06-15,SKU00057,797,N
2025-06-15,SKU00130,179,N
2025-06-15,SKU00186,786,N
2025-06-15,SKU00174,0,S
2025-06-15,SKU00194,435,N
2025-06-15,SKU00290,0,S
2025-06-15,SKU00138,0,S
2025-06-15,SKU00096,118,N
2025-06-15,SKU00053,649,N
2025-06-15,SKU00287,424,N
2025-06-15,SKU00117,137,N
2025-06-15,SKU00264,439,N
2025-06-15,SKU00268,0,S
2025-06-15,SKU00160,566,N
2025-06-15,SKU00240,40,N
2025-06-15,SKU00069,761,N
2025-06-15,SKU00164,466,N
2025-06-15,SKU00024,703,N
2025-06-15,SKU00062,597,N
2025-06-15,SKU00129,793,N
2025-06-15,SKU00275,563,N
2025-06-15,SKU00131,730,N
2025-06-15,SKU00242,448,N
2025-06-15,SKU00001,373,N
2025-06-15,SKU00292,501,N
2025-06-15,SKU00025,256,N
2025-06-15,SKU00101,602,N
2025-06-15,SKU00018,425,N
2025-06-15,SKU00080,541,N
2025-06-15,SKU00046,0,S
2025-06-15,SKU00045,0,S
2025-06-15,SKU00151,663,N
2025-06-15,SKU00245,134,N
2025-06-15,SKU00159,289,N
2025-06-15,SKU00060,714,N
2025-06-15,SKU00273,157,N
2025-06-15,SKU00288,248,N
2025-06-15,SKU00237,220,N
2025-06-15,SKU00282,754,N
2025-06-15,SKU00106,86,N
2025-06-15,SKU00253,67,N
2025-06-15,SKU00083,729,N
2025-06-15,SKU00193,704,N
2025-06-15,SKU00185,0,S
2025-06-15,SKU00205,319,N
2025-06-15,SKU00044,0,S
2025-06-15,SKU00043,645,N
2025-06-15,SKU00257,721,N
2025-06-15,SKU00072,65,N
2025-06-15,SKU00162,86,N
2025-06-15,SKU00187,0,S
2025-06-15,SKU00270,0,S
2025-06-15,SKU00041,457,N
2025-06-15,SKU00265,367,N
2025-06-15,SKU00203,148,N
2025-06-22,SKU00202,52,N
2025-06-22,SKU00062,425,N
2025-06-22,SKU00091,641,N
2025-06-22,SKU00217,519,N
2025-06-22,SKU00018,745,N
2025-06-22,SKU00177,214,N
2025-06-22,SKU00131,486,N
2025-06-22,SKU00186,0,S
2025-06-22,SKU00233,307,N
2025-06-22,SKU00173,758,N
2025-06-22,SKU00059,664,N
2025-06-22,SKU00149,0,S
2025-06-22,SKU00185,87,N
2025-06-22,SKU00168,188,N
2025-06-22,SKU00102,0,S
2025-06-22,SKU00230,150,N
2025-06-22,SKU00012,610,N
2025-06-22,SKU00232,330,N
2025-06-22,SKU00068,109,N
2025-06-22,SKU00132,211,N
2025-06-22,SKU00266,724,N
2025-06-22,SKU00226,353,N
2025-06-22,SKU00191,677,N
2025-06-22,SKU00030,1,N
2025-06-22,SKU00144,731,N
2025-06-22,SKU00112,147,N
2025-06-22,SKU00022,718,N
2025-06-22,SKU00033,260,N
2025-06-22,SKU00252,505,N
2025-06-22,SKU00238,72,N
2025-06-22,SKU00046,79,N
2025-06-22,SKU00085,692,N
2025-06-22,SKU00274,622,N
2025-06-22,SKU00039,711,N
2025-06-22,SKU00154,74,N
2025-06-22,SKU00253,377,N
2025-06-22,SKU00218,130,N
2025-06-22,SKU00188,736,N
2025-06-22,SKU00136,615,N
2025-06-22,SKU00282,551,N
2025-06-22,SKU00156,248,N
2025-06-22,SKU00276,120,N
2025-06-22,SKU00223,74,N
2025-06-22,SKU00078,446,N
2025-06-22,SKU00034,0,S
2025-06-22,SKU00242,574,N
2025-06-22,SKU00110,611,N
2025-06-22,SKU00040,412,N
2025-06-22,SKU00200,744,N
2025-06-22,SKU00164,692,N
2025-06-22,SKU00087,292,N
2025-06-22,SKU00158,142,N
2025-06-22,SKU00065,518,N
2025-06-22,SKU00128,336,N
2025-06-22,SKU00189,743,N
2025-06-22,SKU00042,500,N
2025-06-22,SKU00079,0,S
2025-06-22,SKU00089,688,N
2025-06-22,SKU00044,0,S
2025-06-22,SKU00231,80,N
2025-06-22,SKU00216,788,N
2025-06-22,SKU00121,406,N
2025-06-22,SKU00075,262,N
2025-06-22,SKU00203,0,S
2025-06-22,SKU00001,179,N
2025-06-22,SKU00268,603,N
2025-06-22,SKU00214,36,N
2025-06-22,SKU00151,150,N
2025-06-22,SKU00288,265,N
2025-06-22,SKU00278,5,N
2025-06-22,SKU00160,58,N
2025-06-22,SKU00094,673,N
2025-06-22,SKU00208,733,N
2025-06-22,SKU00204,600,N
2025-06-22,SKU00115,245,N
2025-06-22,SKU00129,350,N
2025-06-22,SKU00100,180,N
2025-06-22,SKU00023,31,N
2025-06-22,SKU00003,237,N
2025-06-22,SKU00147,641,N
2025-06-29,SKU00001,656,N
2025-06-29,SKU00012,608,N
2025-06-29,SKU00195,760,N
2025-06-29,SKU00191,285,N
2025-06-29,SKU00091,712,N
2025-06-29,SKU00177,395,N
2025-06-29,SKU00079,0,S
2025-06-29,SKU00064,377,N
2025-06-29,SKU00267,642,N
2025-06-29,SKU00184,0,S
2025-06-29,SKU00252,20,N
2025-06-29,SKU00055,373,N
2025-06-29,SKU00132,315,N
2025-06-29,SKU00052,516,N
2025-06-29,SKU00124,579,N
2025-06-29,SKU00014,339,N
2025-06-29,SKU00217,800,N
2025-06-29,SKU00283,0,S
2025-06-29,SKU00190,639,N
2025-06-29,SKU00020,9,N
2025-06-29,SKU00206,473,N
2025-06-29,SKU00078,319,N
2025-06-29,SKU00285,81,N
2025-06-29,SKU00069,0,S
2025-06-29,SKU00249,117,N
2025-06-29,SKU00274,593,N
2025-06-29,SKU00097,621,N
2025-06-29,SKU00088,61,N
2025-06-29,SKU00084,715,N
2025-06-29,SKU00246,776,N
2025-06-29,SKU00161,581,N
2025-06-29,SKU00037,511,N
2025-06-29,SKU00147,684,N
2025-06-29,SKU00264,341,N
2025-06-29,SKU00270,288,N
2025-06-29,SKU00031,327,N
2025-06-29,SKU00281,0,S
2025-06-29,SKU00251,489,N
2025-06-29,SKU00010,474,N
2025-06-29,SKU00082,34,N
2025-06-29,SKU00279,32,N
2025-06-29,SKU00212,369,N
2025-06-29,SKU00160,304,N
2025-06-29,SKU00133,3,N
2025-06-29,SKU00105,734,N
2025-06-29,SKU00232,97,N
2025-06-29,SKU00266,128,N
2025-06-29,SKU00060,488,N
2025-06-29,SKU00207,365,N
2025-06-29,SKU00271,710,N
2025-06-29,SKU00228,434,N
2025-06-29,SKU00233,642,N
2025-06-29,SKU00113,552,N
2025-06-29,SKU00208,569,N
2025-06-29,SKU00081,496,N
2025-06-29,SKU00265,712,N
2025-06-29,SKU00178,110,N
2025-06-29,SKU00056,0,S
2025-06-29,SKU00003,740,N
2025-06-29,SKU00150,118,N
2025-06-29,SKU00004,228,N
2025-06-29,SKU00243,431,N
2025-06-29,SKU00260,571,N
2025-06-29,SKU00130,700,N
2025-06-29,SKU00166,273,N
2025-06-29,SKU00135,742,N
2025-06-29,SKU00128,500,N
2025-06-29,SKU00059,263,N
2025-06-29,SKU00268,107,N
2025-06-29,SKU00153,152,N
2025-06-29,SKU00008,416,N
2025-06-29,SKU00239,303,N
2025-06-29,SKU00127,390,N
2025-06-29,SKU00159,445,N
2025-06-29,SKU00179,87,N
2025-06-29,SKU00230,403,N
2025-06-29,SKU00023,753,N
2025-06-29,SKU00111,208,N
2025-06-29,SKU00029,318,N
2025-06-29,SKU00237,32,N
2025-07-06,SKU00179,311,N
2025-07-06,SKU00157,603,N
2025-07-06,SKU00181,320,N
2025-07-06,SKU00246,481,N
2025-07-06,SKU00170,751,N
2025-07-06,SKU00169,211,N
2025-07-06,SKU00020,445,N
2025-07-06,SKU00104,770,N
2025-07-06,SKU00037,707,N
2025-07-06,SKU00143,267,N
2025-07-06,SKU00074,290,N
2025-07-06,SKU00081,314,N
2025-07-06,SKU00273,225,N
2025-07-06,SKU00269,401,N
2025-07-06,SKU00063,711,N
2025-07-06,SKU00071,792,N
2025-07-06,SKU00052,98,N
2025-07-06,SKU00237,68,N
2025-07-06,SKU00041,538,N
2025-07-06,SKU00110,541,N
2025-07-06,SKU00117,135,N
2025-07-06,SKU00154,755,N
2025-07-06,SKU00001,267,N
2025-07-06,SKU00053,377,N
2025-07-06,SKU00065,336,N
2025-07-06,SKU00218,0,S
2025-07-06,SKU00129,218,N
2025-07-06,SKU00155,421,N
2025-07-06,SKU00116,565,N
2025-07-06,SKU00232,107,N
2025-07-06,SKU00142,772,N
2025-07-06,SKU00287,0,S
2025-07-06,SKU00283,2,N
2025-07-06,SKU00036,0,S
2025-07-06,SKU00080,547,N
2025-07-06,SKU00178,263,N
2025-07-06,SKU00153,754,N
2025-07-06,SKU00161,576,N
2025-07-06,SKU00264,0,S
2025-07-06,SKU00005,199,N
2025-07-06,SKU00061,273,N
2025-07-06,SKU00230,702,N
2025-07-06,SKU00208,576,N
2025-07-06,SKU00247,678,N
2025-07-06,SKU00177,311,N
2025-07-06,SKU00156,0,S
2025-07-06,SKU00255,253,N
2025-07-06,SKU00188,682,N
2025-07-06,SKU00102,34,N
2025-07-06,SKU00164,0,S
2025-07-06,SKU00114,710,N
2025-07-06,SKU00202,771,N
2025-07-06,SKU00151,365,N
2025-07-06,SKU00115,679,N
2025-07-06,SKU00248,523,N
2025-07-06,SKU00134,657,N
2025-07-06,SKU00101,116,N
2025-07-06,SKU00009,0,S
2025-07-06,SKU00201,377,N
2025-07-06,SKU00029,136,N
2025-07-06,SKU00087,725,N
2025-07-06,SKU00093,329,N
2025-07-06,SKU00109,432,N
2025-07-06,SKU00259,0,S
2025-07-06,SKU00242,0,S
2025-07-06,SKU00176,0,S
2025-07-06,SKU00119,0,S
2025-07-06,SKU00099,455,N
2025-07-06,SKU00196,41,N
2025-07-06,SKU00058,528,N
2025-07-06,SKU00190,473,N
2025-07-06,SKU00136,436,N
2025-07-06,SKU00105,127,N
2025-07-06,SKU00146,0,S
2025-07-06,SKU00049,71,N
2025-07-06,SKU00030,0,S
2025-07-06,SKU00064,490,N
2025-07-06,SKU00103,602,N
2025-07-06,SKU00167,20,N
2025-07-06,SKU00135,664,N
2025-07-13,SKU00172,49,N
2025-07-13,SKU00157,529,N
2025-07-13,SKU00177,510,N
2025-07-13,SKU00185,495,N
2025-07-13,SKU00064,714,N
2025-07-13,SKU00038,210,N
2025-07-13,SKU00284,722,N
2025-07-13,SKU00068,120,N
2025-07-13,SKU00198,402,N
2025-07-13,SKU00032,355,N
2025-07-13,SKU00056,363,N
2025-07-13,SKU00189,206,N
2025-07-13,SKU00083,320,N
2025-07-13,SKU00241,72,N
2025-07-13,SKU00170,328,N
2025-07-13,SKU00049,265,N
2025-07-13,SKU00030,771,N
2025-07-13,SKU00115,655,N
2025-07-13,SKU00025,55,N
2025-07-13,SKU00256,114,N
2025-07-13,SKU00007,216,N
2025-07-13,SKU00004,252,N
2025-07-13,SKU00094,0,S
2025-07-13,SKU00142,449,N
2025-07-13,SKU00012,735,N
2025-07-13,SKU00190,558,N
2025-07-13,SKU00156,541,N
2025-07-13,SKU00081,395,N
2025-07-13,SKU00079,0,S
2025-07-13,SKU00008,446,N
2025-07-13,SKU00018,772,N
2025-07-13,SKU00034,471,N
2025-07-13,SKU00208,3,N
2025-07-13,SKU00139,307,N
2025-07-13,SKU00231,678,N
2025-07-13,SKU00163,680,N
2025-07-13,SKU00203,696,N
2025-07-13,SKU00199,268,N
2025-07-13,SKU00215,171,N
2025-07-13,SKU00226,614,N
2025-07-13,SKU00280,0,S
2025-07-13,SKU00080,0,S
2025-07-13,SKU00010,691,N
2025-07-13,SKU00112,362,N
2025-07-13,SKU00022,590,N
2025-07-13,SKU00077,0,S
2025-07-13,SKU00020,272,N
2025-07-13,SKU00230,743,N
2025-07-13,SKU00021,101,N
2025-07-13,SKU00074,73,N
2025-07-13,SKU00132,611,N
2025-07-13,SKU00069,29,N
2025-07-13,SKU00169,616,N
2025-07-13,SKU00107,380,N
2025-07-13,SKU00046,501,N
2025-07-13,SKU00195,389,N
2025-07-13,SKU00138,444,N
2025-07-13,SKU00100,87,N
2025-07-13,SKU00201,101,N
2025-07-13,SKU00251,272,N
2025-07-13,SKU00095,34,N
2025-07-13,SKU00114,188,N
2025-07-13,SKU00216,374,N
2025-07-13,SKU00071,25,N
2025-07-13,SKU00196,92,N
2025-07-13,SKU00180,0,S
2025-07-13,SKU00121,554,N
2025-07-13,SKU00029,593,N
2025-07-13,SKU00244,0,S
2025-07-13,SKU00013,237,N
2025-07-13,SKU00126,642,N
2025-07-13,SKU00248,0,S
2025-07-13,SKU00141,40,N
2025-07-13,SKU00072,510,N
2025-07-13,SKU00085,218,N
2025-07-13,SKU00140,205,N
2025-07-13,SKU00223,528,N
2025-07-13,SKU00229,715,N
2025-07-13,SKU00264,508,N
2025-07-13,SKU00268,526,N
2025-07-20,SKU00013,497,N
2025-07-20,SKU00169,1,N
2025-07-20,SKU00154,245,N
2025-07-20,SKU00241,440,N
2025-07-20,SKU00267,448,N
2025-07-20,SKU00017,0,S
2025-07-20,SKU00272,151,N
2025-07-20,SKU00260,63,N
2025-07-20,SKU00159,428,N
2025-07-20,SKU00237,47,N
2025-07-20,SKU00288,0,S
2025-07-20,SKU00062,0,S
2025-07-20,SKU00248,764,N
2025-07-20,SKU00185,171,N
2025-07-20,SKU00028,129,N
2025-07-20,SKU00060,317,N
2025-07-20,SKU00287,239,N
2025-07-20,SKU00279,203,N
2025-07-20,SKU00221,0,S
2025-07-20,SKU00129,184,N
2025-07-20,SKU00285,632,N
2025-07-20,SKU00064,0,S
2025-07-20,SKU00143,0,S
2025-07-20,SKU00121,158,N
2025-07-20,SKU00202,738,N
2025-07-20,SKU00263,664,N
2025-07-20,SKU00123,0,S
2025-07-20,SKU00023,769,N
2025-07-20,SKU00149,368,N
2025-07-20,SKU00262,700,N
2025-07-20,SKU00007,214,N
2025-07-20,SKU00040,0,S
2025-07-20,SKU00066,711,N
2025-07-20,SKU00187,388,N
2025-07-20,SKU00021,242,N
2025-07-20,SKU00097,130,N
2025-07-20,SKU00176,395,N
2025-07-20,SKU00063,795,N
2025-07-20,SKU00048,15,N
2025-07-20,SKU00111,653,N
2025-07-20,SKU00243,188,N
2025-07-20,SKU00271,310,N
2025-07-20,SKU00239,175,N
2025-07-20,SKU00096,49,N
2025-07-20,SKU00117,197,N
2025-07-20,SKU00218,709,N
2025-07-20,SKU00247,126,N
2025-07-20,SKU00206,203,N
2025-07-20,SKU00160,583,N
2025-07-20,SKU00046,0,S
2025-07-20,SKU00087,634,N
2025-07-20,SKU00136,704,N
2025-07-20,SKU00208,25,N
2025-07-20,SKU00245,416,N
2025-07-20,SKU00278,399,N
2025-07-20,SKU00091,751,N
2025-07-20,SKU00113,0,S
2025-07-20,SKU00050,710,N
2025-07-20,SKU00231,348,N
2025-07-20,SKU00240,216,N
2025-07-20,SKU00065,182,N
2025-07-20,SKU00078,125,N
2025-07-20,SKU00151,731,N
2025-07-20,SKU00075,0,S
2025-07-20,SKU00282,141,N
2025-07-20,SKU00032,263,N
2025-07-20,SKU00081,0,S
2025-07-20,SKU00012,769,N
2025-07-20,SKU00106,187,N
2025-07-20,SKU00217,692,N
2025-07-20,SKU00255,438,N
2025-07-20,SKU00146,476,N
2025-07-20,SKU00280,98,N
2025-07-20,SKU00235,503,N
2025-07-20,SKU00109,0,S
2025-07-20,SKU00200,602,N
2025-07-20,SKU00195,0,S
2025-07-20,SKU00205,455,N
2025-07-20,SKU00147,668,N
2025-07-20,SKU00265,322,N
2025-07-27,SKU00027,0,S
2025-07-27,SKU00142,796,N
2025-07-27,SKU00153,754,N
2025-07-27,SKU00244,0,S
2025-07-27,SKU00017,687,N
2025-07-27,SKU00050,291,N
2025-07-27,SKU00269,642,N
2025-07-27,SKU00263,517,N
2025-07-27,SKU00011,479,N
2025-07-27,SKU00152,462,N
2025-07-27,SKU00103,190,N
2025-07-27,SKU00223,212,N
2025-07-27,SKU00236,762,N
2025-07-27,SKU00117,726,N
2025-07-27,SKU00042,568,N
2025-07-27,SKU00019,50,N
2025-07-27,SKU00256,563,N
2025-07-27,SKU00051,467,N
2025-07-27,SKU00272,361,N
2025-07-27,SKU00140,94,N
2025-07-27,SKU00154,289,N
2025-07-27,SKU00287,0,S
2025-07-27,SKU00157,0,S
2025-07-27,SKU00138,257,N
2025-07-27,SKU00182,584,N
2025-07-27,SKU00118,573,N
2025-07-27,SKU00090,442,N
2025-07-27,SKU00101,142,N
2025-07-27,SKU00146,99,N
2025-07-27,SKU00122,781,N
2025-07-27,SKU00110,133,N
2025-07-27,SKU00111,753,N
2025-07-27,SKU00193,194,N
2025-07-27,SKU00166,324,N
2025-07-27,SKU00158,331,N
2025-07-27,SKU00279,93,N
2025-07-27,SKU00006,83,N
2025-07-27,SKU00262,100,N
2025-07-27,SKU00288,246,N
2025-07-27,SKU00049,362,N
2025-07-27,SKU00160,62,N
2025-07-27,SKU00112,665,N
2025-07-27,SKU00273,529,N
2025-07-27,SKU00216,62,N
2025-07-27,SKU00270,472,N
2025-07-27,SKU00141,561,N
2025-07-27,SKU00082,687,N
2025-07-27,SKU00097,546,N
2025-07-27,SKU00086,695,N
2025-07-27,SKU00057,274,N
2025-07-27,SKU00108,719,N
2025-07-27,SKU00094,0,S
2025-07-27,SKU00285,330,N
2025-07-27,SKU00254,109,N
2025-07-27,SKU00135,196,N
2025-07-27,SKU00091,504,N
2025-07-27,SKU00073,771,N
2025-07-27,SKU00275,694,N
2025-07-27,SKU00195,731,N
2025-07-27,SKU00224,111,N
2025-07-27,SKU00133,370,N
2025-07-27,SKU00060,545,N
2025-07-27,SKU00200,552,N
2025-07-27,SKU00040,646,N
2025-07-27,SKU00164,744,N
2025-07-27,SKU00036,66,N
2025-07-27,SKU00260,433,N
2025-07-27,SKU00043,30,N
2025-07-27,SKU00150,688,N
2025-07-27,SKU00072,523,N
2025-07-27,SKU00114,0,S
2025-07-27,SKU00107,391,N
2025-07-27,SKU00105,93,N
2025-07-27,SKU00041,8,N
2025-07-27,SKU00129,251,N
2025-07-27,SKU00059,482,N
2025-07-27,SKU00266,584,N
2025-07-27,SKU00268,108,N
2025-07-27,SKU00145,87,N
2025-07-27,SKU00121,738,N
2025-08-03,SKU00215,269,N
2025-08-03,SKU00021,79,N
2025-08-03,SKU00153,188,N
2025-08-03,SKU00119,187,N
2025-08-03,SKU00015,228,N
2025-08-03,SKU00123,200,N
2025-08-03,SKU00029,493,N
2025-08-03,SKU00052,0,S
2025-08-03,SKU00059,629,N
2025-08-03,SKU00002,556,N
2025-08-03,SKU00008,524,N
2025-08-03,SKU00018,311,N
2025-08-03,SKU00230,692,N
2025-08-03,SKU00094,0,S
2025-08-03,SKU00025,793,N
2025-08-03,SKU00290,492,N
2025-08-03,SKU00014,97,N
2025-08-03,SKU00081,458,N
2025-08-03,SKU00098,253,N
2025-08-03,SKU00016,394,N
2025-08-03,SKU00197,268,N
2025-08-03,SKU00272,371,N
2025-08-03,SKU00082,649,N
2025-08-03,SKU00280,0,S
2025-08-03,SKU00243,460,N
2025-08-03,SKU00157,276,N
2025-08-03,SKU00104,339,N
2025-08-03,SKU00122,274,N
2025-08-03,SKU00077,699,N
2025-08-03,SKU00107,0,S
2025-08-03,SKU00250,536,N
2025-08-03,SKU00054,583,N
2025-08-03,SKU00237,55,N
2025-08-03,SKU00248,495,N
2025-08-03,SKU00202,0,S
2025-08-03,SKU00249,687,N
2025-08-03,SKU00286,735,N
2025-08-03,SKU00176,248,N
2025-08-03,SKU00009,762,N
2025-08-03,SKU00191,11,N
2025-08-03,SKU00036,372,N
2025-08-03,SKU00087,11,N
2025-08-03,SKU00190,779,N
2025-08-03,SKU00213,325,N
2025-08-03,SKU00088,382,N
2025-08-03,SKU00233,0,S
2025-08-03,SKU00097,512,N
2025-08-03,SKU00093,247,N
2025-08-03,SKU00090,510,N
2025-08-03,SKU00071,794,N
2025-08-03,SKU00126,275,N
2025-08-03,SKU00161,545,N
2025-08-03,SKU00033,175,N
2025-08-03,SKU00075,616,N
2025-08-03,SKU00254,701,N
2025-08-03,SKU00118,0,S
2025-08-03,SKU00067,99,N
2025-08-03,SKU00183,427,N
2025-08-03,SKU00187,748,N
2025-08-03,SKU00031,624,N
2025-08-03,SKU00089,345,N
2025-08-03,SKU00116,0,S
2025-08-03,SKU00086,0,S
2025-08-03,SKU00020,533,N
2025-08-03,SKU00214,613,N
2025-08-03,SKU00163,88,N
2025-08-03,SKU00091,54,N
2025-08-03,SKU00185,60,N
2025-08-03,SKU00044,645,N
2025-08-03,SKU00061,441,N
2025-08-03,SKU00034,705,N
2025-08-03,SKU00218,144,N
2025-08-03,SKU00257,228,N
2025-08-03,SKU00229,131,N
2025-08-03,SKU00164,0,S
2025-08-03,SKU00228,446,N
2025-08-03,SKU00275,524,N
2025-08-03,SKU00152,215,N
2025-08-03,SKU00186,0,S
2025-08-03,SKU00276,597,N
2025-08-10,SKU00237,567,N
2025-08-10,SKU00127,778,N
2025-08-10,SKU00122,654,N
2025-08-10,SKU00041,462,N
2025-08-10,SKU00142,553,N
2025-08-10,SKU00243,109,N
2025-08-10,SKU00144,341,N
2025-08-10,SKU00290,0,S
2025-08-10,SKU00276,110,N
2025-08-10,SKU00008,534,N
2025-08-10,SKU00190,0,S
2025-08-10,SKU00277,596,N
2025-08-10,SKU00183,506,N
2025-08-10,SKU00048,0,S
2025-08-10,SKU00283,331,N
2025-08-10,SKU00096,5,N
2025-08-10,SKU00194,380,N
2025-08-10,SKU00231,780,N
2025-08-10,SKU00072,143,N
2025-08-10,SKU00038,788,N
2025-08-10,SKU00146,586,N
2025-08-10,SKU00039,138,N
2025-08-10,SKU00135,245,N
2025-08-10,SKU00177,211,N
2025-08-10,SKU00069,109,N
2025-08-10,SKU00272,785,N
2025-08-10,SKU00050,763,N
2025-08-10,SKU00234,0,S
2025-08-10,SKU00263,653,N
2025-08-10,SKU00222,453,N
2025-08-10,SKU00076,330,N
2025-08-10,SKU00152,256,N
2025-08-10,SKU00013,300,N
2025-08-10,SKU00154,2,N
2025-08-10,SKU00232,560,N
2025-08-10,SKU00196,289,N
2025-08-10,SKU00007,98,N
2025-08-10,SKU00138,787,N
2025-08-10,SKU00187,275,N
2025-08-10,SKU00258,788,N
2025-08-10,SKU00227,796,N
2025-08-10,SKU00193,542,N
2025-08-10,SKU00130,502,N
2025-08-10,SKU00085,175,N
2025-08-10,SKU00070,574,N
2025-08-10,SKU00089,249,N
2025-08-10,SKU00252,330,N
2025-08-10,SKU00280,0,S
2025-08-10,SKU00112,0,S
2025-08-10,SKU00169,21,N
2025-08-10,SKU00179,104,N
2025-08-10,SKU00225,0,S
2025-08-10,SKU00150,508,N
2025-08-10,SKU00159,566,N
2025-08-10,SKU00002,665,N
2025-08-10,SKU00264,53,N
2025-08-10,SKU00288,0,S
2025-08-10,SKU00018,203,N
2025-08-10,SKU00205,114,N
2025-08-10,SKU00162,292,N
2025-08-10,SKU00003,510,N
2025-08-10,SKU00009,537,N
2025-08-10,SKU00257,367,N
2025-08-10,SKU00292,418,N
2025-08-10,SKU00223,260,N
2025-08-10,SKU00248,283,N
2025-08-10,SKU00108,439,N
2025-08-10,SKU00034,318,N
2025-08-10,SKU00189,0,S
2025-08-10,SKU00120,477,N
2025-08-10,SKU00033,549,N
2025-08-10,SKU00115,58,N
2025-08-10,SKU00163,531,N
2025-08-10,SKU00147,2,N
2025-08-10,SKU00242,779,N
2025-08-10,SKU00149,0,S
2025-08-10,SKU00148,209,N
2025-08-10,SKU00082,170,N
2025-08-10,SKU00141,543,N
2025-08-10,SKU00128,0,S
2025-08-17,SKU00221,708,N
2025-08-17,SKU00219,0,S
2025-08-17,SKU00114,0,S
2025-08-17,SKU00236,757,N
2025-08-17,SKU00185,741,N
2025-08-17,SKU00068,319,N
2025-08-17,SKU00118,103,N
2025-08-17,SKU00237,620,N
2025-08-17,SKU00172,147,N
2025-08-17,SKU00183,0,S
2025-08-17,SKU00195,753,N
2025-08-17,SKU00211,509,N
2025-08-17,SKU00189,425,N
2025-08-17,SKU00017,746,N
2025-08-17,SKU00207,0,S
2025-08-17,SKU00134,512,N
2025-08-17,SKU00067,653,N
2025-08-17,SKU00266,775,N
2025-08-17,SKU00213,0,S
2025-08-17,SKU00050,650,N
2025-08-17,SKU00028,434,N
2025-08-17,SKU00201,276,N
2025-08-17,SKU00090,166,N
2025-08-17,SKU00212,375,N
2025-08-17,SKU00056,125,N
2025-08-17,SKU00264,107,N
2025-08-17,SKU00024,609,N
2025-08-17,SKU00084,711,N
2025-08-17,SKU00120,469,N
2025-08-17,SKU00099,385,N
2025-08-17,SKU00205,521,N
2025-08-17,SKU00192,580,N
2025-08-17,SKU00169,784,N
2025-08-17,SKU00013,0,S
2025-08-17,SKU00010,465,N
2025-08-17,SKU00085,0,S
2025-08-17,SKU00080,301,N
2025-08-17,SKU00062,262,N
2025-08-17,SKU00124,581,N
2025-08-17,SKU00005,151,N
2025-08-17,SKU00046,0,S
2025-08-17,SKU00269,436,N
2025-08-17,SKU00178,36,N
2025-08-17,SKU00074,690,N
2025-08-17,SKU00191,144,N
2025-08-17,SKU00079,369,N
2025-08-17,SKU00220,657,N
2025-08-17,SKU00202,0,S
2025-08-17,SKU00042,380,N
2025-08-17,SKU00032,344,N
2025-08-17,SKU00203,107,N
2025-08-17,SKU00051,732,N
2025-08-17,SKU00034,0,S
2025-08-17,SKU00242,80,N
2025-08-17,SKU00049,332,N
2025-08-17,SKU00116,596,N
2025-08-17,SKU00223,610,N
2025-08-17,SKU00224,402,N
2025-08-17,SKU00198,439,N
2025-08-17,SKU00188,660,N
2025-08-17,SKU00275,0,S
2025-08-17,SKU00187,0,S
2025-08-17,SKU00018,400,N
2025-08-17,SKU00086,630,N
2025-08-17,SKU00128,503,N
2025-08-17,SKU00156,711,N
2025-08-17,SKU00035,418,N
2025-08-17,SKU00165,197,N
2025-08-17,SKU00029,0,S
2025-08-17,SKU00246,662,N
2025-08-17,SKU00104,120,N
2025-08-17,SKU00217,0,S
2025-08-17,SKU00210,228,N
2025-08-17,SKU00147,245,N
2025-08-17,SKU00094,584,N
2025-08-17,SKU00248,763,N
2025-08-17,SKU00285,532,N
2025-08-17,SKU00168,66,N
2025-08-17,SKU00167,733,N
2025-08-17,SKU00222,664,N
2025-08-24,SKU00081,0,S
2025-08-24,SKU00279,0,S
2025-08-24,SKU00249,287,N
2025-08-24,SKU00188,242,N
2025-08-24,SKU00131,522,N
2025-08-24,SKU00198,228,N
2025-08-24,SKU00236,213,N
2025-08-24,SKU00195,176,N
2025-08-24,SKU00148,158,N
2025-08-24,SKU00087,726,N
2025-08-24,SKU00071,595,N
2025-08-24,SKU00083,81,N
2025-08-24,SKU00054,107,N
2025-08-24,SKU00047,664,N
2025-08-24,SKU00111,778,N
2025-08-24,SKU00109,13,N
2025-08-24,SKU00152,0,S
2025-08-24,SKU00116,615,N
2025-08-24,SKU00030,573,N
2025-08-24,SKU00140,0,S
2025-08-24,SKU00284,732,N
2025-08-24,SKU00160,0,S
2025-08-24,SKU00078,177,N
2025-08-24,SKU00035,329,N
2025-08-24,SKU00266,0,S
2025-08-24,SKU00171,743,N
2025-08-24,SKU00192,786,N
2025-08-24,SKU00253,596,N
2025-08-24,SKU00105,621,N
2025-08-24,SKU00127,676,N
2025-08-24,SKU00211,522,N
2025-08-24,SKU00011,770,N
2025-08-24,SKU00223,430,N
2025-08-24,SKU00041,755,N
2025-08-24,SKU00181,0,S
2025-08-24,SKU00196,587,N
2025-08-24,SKU00022,45,N
2025-08-24,SKU00242,54,N
2025-08-24,SKU00147,23,N
2025-08-24,SKU00262,233,N
2025-08-24,SKU00203,67,N
2025-08-24,SKU00086,774,N
2025-08-24,SKU00088,398,N
2025-08-24,SKU00039,263,N
2025-08-24,SKU00043,162,N
2025-08-24,SKU00186,663,N
2025-08-24,SKU00073,275,N
2025-08-24,SKU00149,561,N
2025-08-24,SKU00205,511,N
2025-08-24,SKU00222,631,N
2025-08-24,SKU00096,755,N
2025-08-24,SKU00055,396,N
2025-08-24,SKU00012,686,N
2025-08-24,SKU00003,292,N
2025-08-24,SKU00163,724,N
2025-08-24,SKU00036,661,N
2025-08-24,SKU00075,7,N
2025-08-24,SKU00272,550,N
2025-08-24,SKU00224,236,N
2025-08-24,SKU00040,703,N
2025-08-24,SKU00129,465,N
2025-08-24,SKU00023,573,N
2025-08-24,SKU00248,797,N
2025-08-24,SKU00015,287,N
2025-08-24,SKU00258,660,N
2025-08-24,SKU00216,418,N
2025-08-24,SKU00261,627,N
2025-08-24,SKU00032,345,N
2025-08-24,SKU00126,405,N
2025-08-24,SKU00234,552,N
2025-08-24,SKU00206,306,N
2025-08-24,SKU00210,297,N
2025-08-24,SKU00048,228,N
2025-08-24,SKU00286,412,N
2025-08-24,SKU00051,366,N
2025-08-24,SKU00112,267,N
2025-08-24,SKU00095,261,N
2025-08-24,SKU00027,716,N
2025-08-24,SKU00117,531,N
2025-08-24,SKU00172,553,N
2025-08-31,SKU00145,248,N
2025-08-31,SKU00211,661,N
2025-08-31,SKU00043,382,N
2025-08-31,SKU00112,400,N
2025-08-31,SKU00138,147,N
2025-08-31,SKU00241,644,N
2025-08-31,SKU00119,297,N
2025-08-31,SKU00133,27,N
2025-08-31,SKU00124,214,N
2025-08-31,SKU00046,678,N
2025-08-31,SKU00289,291,N
2025-08-31,SKU00033,557,N
2025-08-31,SKU00095,769,N
2025-08-31,SKU00041,787,N
2025-08-31,SKU00034,218,N
2025-08-31,SKU00251,549,N
2025-08-31,SKU00089,238,N
2025-08-31,SKU00259,0,S
2025-08-31,SKU00161,24,N
2025-08-31,SKU00038,340,N
2025-08-31,SKU00267,393,N
2025-08-31,SKU00014,242,N
2025-08-31,SKU00127,555,N
2025-08-31,SKU00155,717,N
2025-08-31,SKU00237,64,N
2025-08-31,SKU00111,306,N
2025-08-31,SKU00224,58,N
2025-08-31,SKU00243,765,N
2025-08-31,SKU00130,41,N
2025-08-31,SKU00109,753,N
2025-08-31,SKU00194,43,N
2025-08-31,SKU00292,49,N
2025-08-31,SKU00207,301,N
2025-08-31,SKU00256,560,N
2025-08-31,SKU00235,736,N
2025-08-31,SKU00055,507,N
2025-08-31,SKU00274,718,N
2025-08-31,SKU00180,335,N
2025-08-31,SKU00200,157,N
2025-08-31,SKU00206,459,N
2025-08-31,SKU00056,694,N
2025-08-31,SKU00079,747,N
2025-08-31,SKU00196,438,N
2025-08-31,SKU00101,13,N
2025-08-31,SKU00178,114,N
2025-08-31,SKU00105,359,N
2025-08-31,SKU00217,601,N
2025-08-31,SKU00048,419,N
2025-08-31,SKU00282,362,N
2025-08-31,SKU00188,572,N
2025-08-31,SKU00291,45,N
2025-08-31,SKU00090,395,N
2025-08-31,SKU00058,225,N
2025-08-31,SKU00006,555,N
2025-08-31,SKU00016,276,N
2025-08-31,SKU00082,43,N
2025-08-31,SKU00163,329,N
2025-08-31,SKU00024,61,N
2025-08-31,SKU00147,673,N
2025-08-31,SKU00122,138,N
2025-08-31,SKU00020,342,N
2025-08-31,SKU00063,654,N
2025-08-31,SKU00193,628,N
2025-08-31,SKU00132,788,N
2025-08-31,SKU00037,328,N
2025-08-31,SKU00160,644,N
2025-08-31,SKU00150,54,N
2025-08-31,SKU00019,0,S
2025-08-31,SKU00175,322,N
2025-08-31,SKU00177,631,N
2025-08-31,SKU00113,309,N
2025-08-31,SKU00084,684,N
2025-08-31,SKU00250,220,N
2025-08-31,SKU00143,269,N
2025-08-31,SKU00157,357,N
2025-08-31,SKU00225,0,S
2025-08-31,SKU00049,212,N
2025-08-31,SKU00262,97,N
2025-08-31,SKU00173,143,N
2025-08-31,SKU00076,0,S
2025-09-07,SKU00171,259,N
2025-09-07,SKU00058,0,S
2025-09-07,SKU00131,623,N
2025-09-07,SKU00047,582,N
2025-09-07,SKU00071,622,N
2025-09-07,SKU00287,439,N
2025-09-07,SKU00188,196,N
2025-09-07,SKU00284,222,N
2025-09-07,SKU00150,541,N
2025-09-07,SKU00221,572,N
2025-09-07,SKU00050,83,N
2025-09-07,SKU00223,758,N
2025-09-07,SKU00184,451,N
2025-09-07,SKU00087,153,N
2025-09-07,SKU00136,145,N
2025-09-07,SKU00195,0,S
2025-09-07,SKU00042,724,N
2025-09-07,SKU00230,107,N
2025-09-07,SKU00198,0,S
2025-09-07,SKU00040,250,N
2025-09-07,SKU00199,596,N
2025-09-07,SKU00135,483,N
2025-09-07,SKU00177,125,N
2025-09-07,SKU00078,545,N
2025-09-07,SKU00024,103,N
2025-09-07,SKU00165,641,N
2025-09-07,SKU00009,366,N
2025-09-07,SKU00202,208,N
2025-09-07,SKU00225,746,N
2025-09-07,SKU00062,296,N
2025-09-07,SKU00104,356,N
2025-09-07,SKU00099,645,N
2025-09-07,SKU00022,253,N
2025-09-07,SKU00247,698,N
2025-09-07,SKU00096,497,N
2025-09-07,SKU00043,133,N
2025-09-07,SKU00153,735,N
2025-09-07,SKU00138,128,N
2025-09-07,SKU00070,87,N
2025-09-07,SKU00251,128,N
2025-09-07,SKU00008,339,N
2025-09-07,SKU00160,410,N
2025-09-07,SKU00103,0,S
2025-09-07,SKU00253,545,N
2025-09-07,SKU00128,596,N
2025-09-07,SKU00132,1,N
2025-09-07,SKU00144,71,N
2025-09-07,SKU00206,447,N
2025-09-07,SKU00080,492,N
2025-09-07,SKU00226,0,S
2025-09-07,SKU00134,234,N
2025-09-07,SKU00240,300,N
2025-09-07,SKU00162,510,N
2025-09-07,SKU00285,207,N
2025-09-07,SKU00098,267,N
2025-09-07,SKU00194,237,N
2025-09-07,SKU00232,550,N
2025-09-07,SKU00023,698,N
2025-09-07,SKU00161,401,N
2025-09-07,SKU00211,523,N
2025-09-07,SKU00233,598,N
2025-09-07,SKU00213,19,N
2025-09-07,SKU00025,0,S
2025-09-07,SKU00072,527,N
2025-09-07,SKU00084,599,N
2025-09-07,SKU00174,281,N
2025-09-07,SKU00066,383,N
2025-09-07,SKU00141,555,N
2025-09-07,SKU00189,698,N
2025-09-07,SKU00166,104,N
2025-09-07,SKU00272,203,N
2025-09-07,SKU00279,494,N
2025-09-07,SKU00034,482,N
2025-09-07,SKU00123,84,N
2025-09-07,SKU00117,0,S
2025-09-07,SKU00181,273,N
2025-09-07,SKU00126,588,N
2025-09-07,SKU00120,593,N
2025-09-07,SKU00291,0,S
2025-09-07,SKU00235,49,N
2025-09-14,SKU00291,0,S
2025-09-14,SKU00004,8,N
2025-09-14,SKU00008,533,N
2025-09-14,SKU00119,451,N
2025-09-14,SKU00267,548,N
2025-09-14,SKU00238,146,N
2025-09-14,SKU00153,680,N
2025-09-14,SKU00189,508,N
2025-09-14,SKU00134,448,N
2025-09-14,SKU00141,497,N
2025-09-14,SKU00203,293,N
2025-09-14,SKU00017,272,N
2025-09-14,SKU00287,665,N
2025-09-14,SKU00155,151,N
2025-09-14,SKU00230,278,N
2025-09-14,SKU00151,569,N
2025-09-14,SKU00093,56,N
2025-09-14,SKU00067,562,N
2025-09-14,SKU00053,508,N
2025-09-14,SKU00194,0,S
2025-09-14,SKU00072,730,N
2025-09-14,SKU00248,292,N
2025-09-14,SKU00260,556,N
2025-09-14,SKU00098,270,N
2025-09-14,SKU00208,0,S
2025-09-14,SKU00117,291,N
2025-09-14,SKU00190,0,S
2025-09-14,SKU00138,386,N
2025-09-14,SKU00262,331,N
2025-09-14,SKU00087,158,N
2025-09-14,SKU00286,220,N
2025-09-14,SKU00280,567,N
2025-09-14,SKU00283,539,N
2025-09-14,SKU00285,298,N
2025-09-14,SKU00021,700,N
2025-09-14,SKU00016,396,N
2025-09-14,SKU00099,235,N
2025-09-14,SKU00086,554,N
2025-09-14,SKU00284,128,N
2025-09-14,SKU00046,302,N
2025-09-14,SKU00205,617,N
2025-09-14,SKU00124,161,N
2025-09-14,SKU00187,593,N
2025-09-14,SKU00223,681,N
2025-09-14,SKU00213,345,N
2025-09-14,SKU00110,759,N
2025-09-14,SKU00049,489,N
2025-09-14,SKU00160,336,N
2025-09-14,SKU00013,768,N
2025-09-14,SKU00274,779,N
2025-09-14,SKU00188,211,N
2025-09-14,SKU00143,461,N
2025-09-14,SKU00198,520,N
2025-09-14,SKU00184,775,N
2025-09-14,SKU00108,560,N
2025-09-14,SKU00154,562,N
2025-09-14,SKU00022,546,N
2025-09-14,SKU00102,590,N
2025-09-14,SKU00045,225,N
2025-09-14,SKU00051,582,N
2025-09-14,SKU00084,496,N
2025-09-14,SKU00269,0,S
2025-09-14,SKU00113,0,S
2025-09-14,SKU00131,690,N
2025-09-14,SKU00069,486,N
2025-09-14,SKU00130,0,S
2025-09-14,SKU00031,216,N
2025-09-14,SKU00165,398,N
2025-09-14,SKU00077,620,N
2025-09-14,SKU00180,298,N
2025-09-14,SKU00020,59,N
2025-09-14,SKU00220,102,N
2025-09-14,SKU00122,491,N
2025-09-14,SKU00215,306,N
2025-09-14,SKU00192,577,N
2025-09-14,SKU00242,374,N
2025-09-14,SKU00149,588,N
2025-09-14,SKU00006,576,N
2025-09-14,SKU00275,361,N
2025-09-14,SKU00167,701,N
2025-09-21,SKU00232,669,N
2025-09-21,SKU00287,9,N
2025-09-21,SKU00140,550,N
2025-09-21,SKU00021,299,N
2025-09-21,SKU00184,783,N
2025-09-21,SKU00191,791,N
2025-09-21,SKU00044,0,S
2025-09-21,SKU00166,259,N
2025-09-21,SKU00010,486,N
2025-09-21,SKU00204,794,N
2025-09-21,SKU00160,797,N
2025-09-21,SKU00203,465,N
2025-09-21,SKU00036,607,N
2025-09-21,SKU00130,430,N
2025-09-21,SKU00245,435,N
2025-09-21,SKU00090,0,S
2025-09-21,SKU00030,0,S
2025-09-21,SKU00241,701,N
2025-09-21,SKU00099,679,N
2025-09-21,SKU00096,30,N
2025-09-21,SKU00067,724,N
2025-09-21,SKU00253,739,N
2025-09-21,SKU00239,464,N
2025-09-21,SKU00135,107,N
2025-09-21,SKU00109,0,S
2025-09-21,SKU00272,706,N
2025-09-21,SKU00015,652,N
2025-09-21,SKU00161,62,N
2025-09-21,SKU00266,264,N
2025-09-21,SKU00224,358,N
2025-09-21,SKU00107,416,N
2025-09-21,SKU00240,108,N
2025-09-21,SKU00102,506,N
2025-09-21,SKU00111,532,N
2025-09-21,SKU00155,472,N
2025-09-21,SKU00126,730,N
2025-09-21,SKU00193,477,N
2025-09-21,SKU00196,381,N
2025-09-21,SKU00247,553,N
2025-09-21,SKU00290,0,S
2025-09-21,SKU00218,740,N
2025-09-21,SKU00188,166,N
2025-09-21,SKU00221,713,N
2025-09-21,SKU00230,147,N
2025-09-21,SKU00050,717,N
2025-09-21,SKU00063,191,N
2025-09-21,SKU00275,638,N
2025-09-21,SKU00283,615,N
2025-09-21,SKU00079,9,N
2025-09-21,SKU00234,490,N
2025-09-21,SKU00279,681,N
2025-09-21,SKU00205,496,N
2025-09-21,SKU00282,245,N
2025-09-21,SKU00168,186,N
2025-09-21,SKU00037,394,N
2025-09-21,SKU00032,481,N
2025-09-21,SKU00278,348,N
2025-09-21,SKU00066,750,N
2025-09-21,SKU00164,57,N
2025-09-21,SKU00071,164,N
2025-09-21,SKU00119,668,N
2025-09-21,SKU00233,735,N
2025-09-21,SKU00088,344,N
2025-09-21,SKU00125,0,S
2025-09-21,SKU00177,236,N
2025-09-21,SKU00153,301,N
2025-09-21,SKU00144,493,N
2025-09-21,SKU00103,691,N
2025-09-21,SKU00198,345,N
2025-09-21,SKU00120,158,N
2025-09-21,SKU00238,23,N
2025-09-21,SKU00121,681,N
2025-09-21,SKU00148,628,N
2025-09-21,SKU00074,0,S
2025-09-21,SKU00199,681,N
2025-09-21,SKU00273,726,N
2025-09-21,SKU00260,0,S
2025-09-21,SKU00157,643,N
2025-09-21,SKU00286,227,N
2025-09-21,SKU00285,330,N
2025-09-28,SKU00121,398,N
2025-09-28,SKU00014,332,N
2025-09-28,SKU00285,620,N
2025-09-28,SKU00183,693,N
2025-09-28,SKU00107,431,N
2025-09-28,SKU00033,0,S
2025-09-28,SKU00288,660,N
2025-09-28,SKU00042,202,N
2025-09-28,SKU00234,72,N
2025-09-28,SKU00070,264,N
2025-09-28,SKU00206,146,N
2025-09-28,SKU00086,505,N
2025-09-28,SKU00163,429,N
2025-09-28,SKU00186,700,N
2025-09-28,SKU00125,0,S
2025-09-28,SKU00053,559,N
2025-09-28,SKU00061,405,N
2025-09-28,SKU00187,351,N
2025-09-28,SKU00071,329,N
2025-09-28,SKU00146,0,S
2025-09-28,SKU00012,406,N
2025-09-28,SKU00029,245,N
2025-09-28,SKU00116,465,N
2025-09-28,SKU00016,759,N
2025-09-28,SKU00043,789,N
2025-09-28,SKU00115,487,N
2025-09-28,SKU00159,670,N
2025-09-28,SKU00083,348,N
2025-09-28,SKU00153,128,N
2025-09-28,SKU00135,2,N
2025-09-28,SKU00119,422,N
2025-09-28,SKU00078,0,S
2025-09-28,SKU00152,320,N
2025-09-28,SKU00048,783,N
2025-09-28,SKU00089,0,S
2025-09-28,SKU00076,460,N
2025-09-28,SKU00128,0,S
2025-09-28,SKU00151,165,N
2025-09-28,SKU00255,105,N
2025-09-28,SKU00123,24,N
2025-09-28,SKU00013,505,N
2025-09-28,SKU00238,240,N
2025-09-28,SKU00134,148,N
2025-09-28,SKU00258,633,N
2025-09-28,SKU00002,248,N
2025-09-28,SKU00224,404,N
2025-09-28,SKU00095,116,N
2025-09-28,SKU00286,108,N
2025-09-28,SKU00040,565,N
2025-09-28,SKU00106,343,N
2025-09-28,SKU00226,528,N
2025-09-28,SKU00074,404,N
2025-09-28,SKU00271,229,N
2025-09-28,SKU00149,383,N
2025-09-28,SKU00241,0,S
2025-09-28,SKU00283,198,N
2025-09-28,SKU00287,529,N
2025-09-28,SKU00203,288,N
2025-09-28,SKU00192,788,N
2025-09-28,SKU00008,618,N
2025-09-28,SKU00001,429,N
2025-09-28,SKU00257,638,N
2025-09-28,SKU00263,144,N
2025-09-28,SKU00223,99,N
2025-09-28,SKU00207,663,N
2025-09-28,SKU00059,0,S
2025-09-28,SKU00137,28,N
2025-09-28,SKU00231,119,N
2025-09-28,SKU00046,672,N
2025-09-28,SKU00035,0,S
2025-09-28,SKU00021,612,N
2025-09-28,SKU00072,179,N
2025-09-28,SKU00190,506,N
2025-09-28,SKU00049,428,N
2025-09-28,SKU00069,163,N
2025-09-28,SKU00228,139,N
2025-09-28,SKU00023,619,N
2025-09-28,SKU00091,121,N
2025-09-28,SKU00031,647,N
2025-09-28,SKU00292,0,S
2025-10-05,SKU00271,79,N
2025-10-05,SKU00248,57,N
2025-10-05,SKU00183,0,S
2025-10-05,SKU00189,549,N
2025-10-05,SKU00252,760,N
2025-10-05,SKU00040,88,N
2025-10-05,SKU00095,263,N
2025-10-05,SKU00030,319,N
2025-10-05,SKU00172,206,N
2025-10-05,SKU00011,627,N
2025-10-05,SKU00083,704,N
2025-10-05,SKU00204,754,N
2025-10-05,SKU00072,345,N
2025-10-05,SKU00258,577,N
2025-10-05,SKU00020,352,N
2025-10-05,SKU00014,239,N
2025-10-05,SKU00225,148,N
2025-10-05,SKU00062,335,N
2025-10-05,SKU00108,110,N
2025-10-05,SKU00256,695,N
2025-10-05,SKU00150,577,N
2025-10-05,SKU00089,618,N
2025-10-05,SKU00054,162,N
2025-10-05,SKU00281,661,N
2025-10-05,SKU00236,570,N
2025-10-05,SKU00249,318,N
2025-10-05,SKU00219,205,N
2025-10-05,SKU00133,0,S
2025-10-05,SKU00228,168,N
2025-10-05,SKU00186,494,N
2025-10-05,SKU00109,421,N
2025-10-05,SKU00058,15,N
2025-10-05,SKU00028,341,N
2025-10-05,SKU00004,721,N
2025-10-05,SKU00107,295,N
2025-10-05,SKU00091,0,S
2025-10-05,SKU00105,0,S
2025-10-05,SKU00257,0,S
2025-10-05,SKU00232,54,N
2025-10-05,SKU00122,489,N
2025-10-05,SKU00148,516,N
2025-10-05,SKU00143,717,N
2025-10-05,SKU00065,665,N
2025-10-05,SKU00021,477,N
2025-10-05,SKU00126,195,N
2025-10-05,SKU00273,377,N
2025-10-05,SKU00116,222,N
2025-10-05,SKU00012,0,S
2025-10-05,SKU00031,471,N
2025-10-05,SKU00207,677,N
2025-10-05,SKU00138,342,N
2025-10-05,SKU00088,44,N
2025-10-05,SKU00185,109,N
2025-10-05,SKU00037,0,S
2025-10-05,SKU00135,386,N
2025-10-05,SKU00049,229,N
2025-10-05,SKU00090,626,N
2025-10-05,SKU00213,290,N
2025-10-05,SKU00084,295,N
2025-10-05,SKU00193,599,N
2025-10-05,SKU00167,686,N
2025-10-05,SKU00023,30,N
2025-10-05,SKU00132,727,N
2025-10-05,SKU00094,0,S
2025-10-05,SKU00147,293,N
2025-10-05,SKU00224,650,N
2025-10-05,SKU00081,0,S
2025-10-05,SKU00244,766,N
2025-10-05,SKU00055,592,N
2025-10-05,SKU00144,0,S
2025-10-05,SKU00075,598,N
2025-10-05,SKU00121,792,N
2025-10-05,SKU00162,430,N
2025-10-05,SKU00003,99,N
2025-10-05,SKU00025,398,N
2025-10-05,SKU00125,3,N
2025-10-05,SKU00263,670,N
2025-10-05,SKU00243,305,N
2025-10-05,SKU00142,313,N
2025-10-05,SKU00229,87,N
2025-10-12,SKU00287,560,N
2025-10-12,SKU00079,0,S
2025-10-12,SKU00153,0,S
2025-10-12,SKU00005,7,N
2025-10-12,SKU00037,295,N
2025-10-12,SKU00064,179,N
2025-10-12,SKU00248,0,S
2025-10-12,SKU00261,0,S
2025-10-12,SKU00055,636,N
2025-10-12,SKU00185,125,N
2025-10-12,SKU00083,426,N
2025-10-12,SKU00105,0,S
2025-10-12,SKU00289,354,N
2025-10-12,SKU00063,532,N
2025-10-12,SKU00273,62,N
2025-10-12,SKU00087,543,N
2025-10-12,SKU00008,531,N
2025-10-12,SKU00155,762,N
2025-10-12,SKU00028,734,N
2025-10-12,SKU00053,314,N
2025-10-12,SKU00016,141,N
2025-10-12,SKU00207,83,N
2025-10-12,SKU00257,280,N
2025-10-12,SKU00039,232,N
2025-10-12,SKU00038,0,S
2025-10-12,SKU00284,649,N
2025-10-12,SKU00074,355,N
2025-10-12,SKU00175,0,S
2025-10-12,SKU00117,96,N
2025-10-12,SKU00085,481,N
2025-10-12,SKU00026,0,S
2025-10-12,SKU00249,187,N
2025-10-12,SKU00237,115,N
2025-10-12,SKU00023,232,N
2025-10-12,SKU00174,537,N
2025-10-12,SKU00239,675,N
2025-10-12,SKU00033,132,N
2025-10-12,SKU00285,659,N
2025-10-12,SKU00113,27,N
2025-10-12,SKU00238,132,N
2025-10-12,SKU00100,579,N
2025-10-12,SKU00094,760,N
2025-10-12,SKU00226,540,N
2025-10-12,SKU00073,344,N
2025-10-12,SKU00264,200,N
2025-10-12,SKU00119,220,N
2025-10-12,SKU00115,200,N
2025-10-12,SKU00099,0,S
2025-10-12,SKU00252,477,N
2025-10-12,SKU00127,789,N
2025-10-12,SKU00152,287,N
2025-10-12,SKU00034,0,S
2025-10-12,SKU00082,179,N
2025-10-12,SKU00092,632,N
2025-10-12,SKU00066,84,N
2025-10-12,SKU00027,49,N
2025-10-12,SKU00076,411,N
2025-10-12,SKU00007,450,N
2025-10-12,SKU00246,0,S
2025-10-12,SKU00090,642,N
2025-10-12,SKU00042,0,S
2025-10-12,SKU00291,719,N
2025-10-12,SKU00136,304,N
2025-10-12,SKU00106,0,S
2025-10-12,SKU00228,0,S
2025-10-12,SKU00220,607,N
2025-10-12,SKU00095,490,N
2025-10-12,SKU00030,0,S
2025-10-12,SKU00204,144,N
2025-10-12,SKU00292,743,N
2025-10-12,SKU00260,339,N
2025-10-12,SKU00102,505,N
2025-10-12,SKU00133,592,N
2025-10-12,SKU00259,303,N
2025-10-12,SKU00086,264,N
2025-10-12,SKU00191,357,N
2025-10-12,SKU00057,135,N
2025-10-12,SKU00222,252,N
2025-10-12,SKU00232,196,N
2025-10-12,SKU00017,458,N
2025-10-19,SKU00170,611,N
2025-10-19,SKU00053,596,N
2025-10-19,SKU00039,579,N
2025-10-19,SKU00274,469,N
2025-10-19,SKU00026,57,N
2025-10-19,SKU00207,0,S
2025-10-19,SKU00171,437,N
2025-10-19,SKU00096,0,S
2025-10-19,SKU00129,219,N
2025-10-19,SKU00124,258,N
2025-10-19,SKU00022,0,S
2025-10-19,SKU00233,506,N
2025-10-19,SKU00282,0,S
2025-10-19,SKU00240,793,N
2025-10-19,SKU00140,196,N
2025-10-19,SKU00226,250,N
2025-10-19,SKU00266,492,N
2025-10-19,SKU00005,443,N
2025-10-19,SKU00073,729,N
2025-10-19,SKU00211,116,N
2025-10-19,SKU00151,257,N
2025-10-19,SKU00273,408,N
2025-10-19,SKU00149,715,N
2025-10-19,SKU00101,378,N
2025-10-19,SKU00109,168,N
2025-10-19,SKU00187,718,N
2025-10-19,SKU00232,236,N
2025-10-19,SKU00111,672,N
2025-10-19,SKU00015,318,N
2025-10-19,SKU00107,717,N
2025-10-19,SKU00259,601,N
2025-10-19,SKU00205,558,N
2025-10-19,SKU00126,712,N
2025-10-19,SKU00186,0,S
2025-10-19,SKU00092,793,N
2025-10-19,SKU00216,0,S
2025-10-19,SKU00248,718,N
2025-10-19,SKU00219,120,N
2025-10-19,SKU00137,0,S
2025-10-19,SKU00249,281,N
2025-10-19,SKU00184,648,N
2025-10-19,SKU00239,566,N
2025-10-19,SKU00081,0,S
2025-10-19,SKU00220,227,N
2025-10-19,SKU00057,503,N
2025-10-19,SKU00251,173,N
2025-10-19,SKU00147,780,N
2025-10-19,SKU00269,0,S
2025-10-19,SKU00243,651,N
2025-10-19,SKU00008,476,N
2025-10-19,SKU00093,253,N
2025-10-19,SKU00236,278,N
2025-10-19,SKU00002,51,N
2025-10-19,SKU00074,109,N
2025-10-19,SKU00254,796,N
2025-10-19,SKU00036,743,N
2025-10-19,SKU00166,388,N
2025-10-19,SKU00135,545,N
2025-10-19,SKU00079,767,N
2025-10-19,SKU00234,101,N
2025-10-19,SKU00097,224,N
2025-10-19,SKU00082,217,N
2025-10-19,SKU00080,705,N
2025-10-19,SKU00050,0,S
2025-10-19,SKU00063,628,N
2025-10-19,SKU00160,798,N
2025-10-19,SKU00027,422,N
2025-10-19,SKU00035,0,S
2025-10-19,SKU00094,351,N
2025-10-19,SKU00086,78,N
2025-10-19,SKU00117,581,N
2025-10-19,SKU00023,0,S
2025-10-19,SKU00272,287,N
2025-10-19,SKU00095,134,N
2025-10-19,SKU00208,146,N
2025-10-19,SKU00250,180,N
2025-10-19,SKU00067,774,N
2025-10-19,SKU00105,336,N
2025-10-19,SKU00200,50,N
2025-10-19,SKU00048,536,N
2025-10-26,SKU00091,138,N
2025-10-26,SKU00140,0,S
2025-10-26,SKU00187,0,S
2025-10-26,SKU00287,621,N
2025-10-26,SKU00114,624,N
2025-10-26,SKU00081,752,N
2025-10-26,SKU00234,82,N
2025-10-26,SKU00249,0,S
2025-10-26,SKU00194,113,N
2025-10-26,SKU00246,746,N
2025-10-26,SKU00105,735,N
2025-10-26,SKU00237,622,N
2025-10-26,SKU00020,78,N
2025-10-26,SKU00137,351,N
2025-10-26,SKU00071,614,N
2025-10-26,SKU00082,50,N
2025-10-26,SKU00011,120,N
2025-10-26,SKU00125,254,N
2025-10-26,SKU00047,42,N
2025-10-26,SKU00001,577,N
2025-10-26,SKU00044,493,N
2025-10-26,SKU00066,475,N
2025-10-26,SKU00191,137,N
2025-10-26,SKU00241,165,N
2025-10-26,SKU00280,44,N
2025-10-26,SKU00276,232,N
2025-10-26,SKU00019,444,N
2025-10-26,SKU00289,130,N
2025-10-26,SKU00188,449,N
2025-10-26,SKU00135,225,N
2025-10-26,SKU00040,0,S
2025-10-26,SKU00077,485,N
2025-10-26,SKU00058,569,N
2025-10-26,SKU00124,699,N
2025-10-26,SKU00260,613,N
2025-10-26,SKU00257,576,N
2025-10-26,SKU00023,677,N
2025-10-26,SKU00148,167,N
2025-10-26,SKU00093,185,N
2025-10-26,SKU00103,0,S
2025-10-26,SKU00282,311,N
2025-10-26,SKU00027,31,N
2025-10-26,SKU00214,0,S
2025-10-26,SKU00284,719,N
2025-10-26,SKU00198,689,N
2025-10-26,SKU00008,372,N
2025-10-26,SKU00088,4,N
2025-10-26,SKU00218,0,S
2025-10-26,SKU00018,301,N
2025-10-26,SKU00290,76,N
2025-10-26,SKU00159,305,N
2025-10-26,SKU00204,0,S
2025-10-26,SKU00179,107,N
2025-10-26,SKU00007,191,N
2025-10-26,SKU00076,405,N
2025-10-26,SKU00275,523,N
2025-10-26,SKU00250,45,N
2025-10-26,SKU00171,0,S
2025-10-26,SKU00197,335,N
2025-10-26,SKU00049,0,S
2025-10-26,SKU00217,136,N
2025-10-26,SKU00264,738,N
2025-10-26,SKU00142,122,N
2025-10-26,SKU00252,26,N
2025-10-26,SKU00054,273,N
2025-10-26,SKU00129,0,S
2025-10-26,SKU00016,766,N
2025-10-26,SKU00109,685,N
2025-10-26,SKU00174,363,N
2025-10-26,SKU00262,770,N
2025-10-26,SKU00056,370,N
2025-10-26,SKU00104,0,S
2025-10-26,SKU00107,623,N
2025-10-26,SKU00038,701,N
2025-10-26,SKU00222,592,N
2025-10-26,SKU00192,164,N
2025-10-26,SKU00112,44,N
2025-10-26,SKU00087,480,N
2025-10-26,SKU00155,0,S
2025-10-26,SKU00230,0,S
2025-11-02,SKU00117,205,N
2025-11-02,SKU00280,69,N
2025-11-02,SKU00040,120,N
2025-11-02,SKU00259,751,N
2025-11-02,SKU00097,369,N
2025-11-02,SKU00091,0,S
2025-11-02,SKU00243,247,N
2025-11-02,SKU00071,116,N
2025-11-02,SKU00068,713,N
2025-11-02,SKU00149,268,N
2025-11-02,SKU00107,617,N
2025-11-02,SKU00235,543,N
2025-11-02,SKU00160,389,N
2025-11-02,SKU00103,256,N
2025-11-02,SKU00115,759,N
2025-11-02,SKU00181,354,N
2025-11-02,SKU00285,245,N
2025-11-02,SKU00246,193,N
2025-11-02,SKU00273,276,N
2025-11-02,SKU00141,374,N
2025-11-02,SKU00065,719,N
2025-11-02,SKU00251,317,N
2025-11-02,SKU00193,412,N
2025-11-02,SKU00064,686,N
2025-11-02,SKU00221,113,N
2025-11-02,SKU00026,0,S
2025-11-02,SKU00202,387,N
2025-11-02,SKU00186,712,N
2025-11-02,SKU00173,650,N
2025-11-02,SKU00112,532,N
2025-11-02,SKU00266,227,N
2025-11-02,SKU00250,599,N
2025-11-02,SKU00131,0,S
2025-11-02,SKU00289,231,N
2025-11-02,SKU00126,680,N
2025-11-02,SKU00248,34,N
2025-11-02,SKU00227,3,N
2025-11-02,SKU00213,606,N
2025-11-02,SKU00137,616,N
2025-11-02,SKU00208,780,N
2025-11-02,SKU00166,117,N
2025-11-02,SKU00146,634,N
2025-11-02,SKU00175,38,N
2025-11-02,SKU00159,186,N
2025-11-02,SKU00217,551,N
2025-11-02,SKU00062,559,N
2025-11-02,SKU00264,526,N
2025-11-02,SKU00048,782,N
2025-11-02,SKU00098,732,N
2025-11-02,SKU00023,0,S
2025-11-02,SKU00114,713,N
2025-11-02,SKU00044,762,N
2025-11-02,SKU00249,0,S
2025-11-02,SKU00052,116,N
2025-11-02,SKU00034,197,N
2025-11-02,SKU00189,199,N
2025-11-02,SKU00122,529,N
2025-11-02,SKU00133,186,N
2025-11-02,SKU00197,688,N
2025-11-02,SKU00036,5,N
2025-11-02,SKU00176,789,N
2025-11-02,SKU00030,439,N
2025-11-02,SKU00060,217,N
2025-11-02,SKU00015,0,S
2025-11-02,SKU00164,181,N
2025-11-02,SKU00157,394,N
2025-11-02,SKU00239,84,N
2025-11-02,SKU00010,0,S
2025-11-02,SKU00267,494,N
2025-11-02,SKU00290,778,N
2025-11-02,SKU00263,777,N
2025-11-02,SKU00260,93,N
2025-11-02,SKU00192,530,N
2025-11-02,SKU00262,401,N
2025-11-02,SKU00228,429,N
2025-11-02,SKU00042,0,S
2025-11-02,SKU00210,463,N
2025-11-02,SKU00032,725,N
2025-11-02,SKU00177,654,N
2025-11-02,SKU00124,0,S
2025-11-09,SKU00230,207,N
2025-11-09,SKU00155,715,N
2025-11-09,SKU00170,364,N
2025-11-09,SKU00237,0,S
2025-11-09,SKU00032,605,N
2025-11-09,SKU00139,258,N
2025-11-09,SKU00110,273,N
2025-11-09,SKU00269,350,N
2025-11-09,SKU00246,141,N
2025-11-09,SKU00286,174,N
2025-11-09,SKU00106,508,N
2025-11-09,SKU00160,617,N
2025-11-09,SKU00051,382,N
2025-11-09,SKU00218,612,N
2025-11-09,SKU00097,195,N
2025-11-09,SKU00107,793,N
2025-11-09,SKU00190,712,N
2025-11-09,SKU00084,19,N
2025-11-09,SKU00064,531,N
2025-11-09,SKU00095,470,N
2025-11-09,SKU00131,0,S
2025-11-09,SKU00087,551,N
2025-11-09,SKU00126,38,N
2025-11-09,SKU00024,0,S
2025-11-09,SKU00070,555,N
2025-11-09,SKU00077,34,N
2025-11-09,SKU00184,470,N
2025-11-09,SKU00212,609,N
2025-11-09,SKU00245,349,N
2025-11-09,SKU00201,38,N
2025-11-09,SKU00119,134,N
2025-11-09,SKU00016,705,N
2025-11-09,SKU00207,82,N
2025-11-09,SKU00280,342,N
2025-11-09,SKU00242,294,N
2025-11-09,SKU00026,741,N
2025-11-09,SKU00194,430,N
2025-11-09,SKU00164,150,N
2025-11-09,SKU00288,615,N
2025-11-09,SKU00094,526,N
2025-11-09,SKU00169,618,N
2025-11-09,SKU00023,0,S
2025-11-09,SKU00244,289,N
2025-11-09,SKU00067,781,N
2025-11-09,SKU00273,239,N
2025-11-09,SKU00157,244,N
2025-11-09,SKU00148,747,N
2025-11-09,SKU00082,0,S
2025-11-09,SKU00145,21,N
2025-11-09,SKU00221,0,S
2025-11-09,SKU00214,265,N
2025-11-09,SKU00011,379,N
2025-11-09,SKU00030,316,N
2025-11-09,SKU00263,0,S
2025-11-09,SKU00210,512,N
2025-11-09,SKU00185,566,N
2025-11-09,SKU00292,183,N
2025-11-09,SKU00045,40,N
2025-11-09,SKU00060,0,S
2025-11-09,SKU00130,435,N
2025-11-09,SKU00192,613,N
2025-11-09,SKU00196,574,N
2025-11-09,SKU00223,441,N
2025-11-09,SKU00047,567,N
2025-11-09,SKU00249,591,N
2025-11-09,SKU00140,586,N
2025-11-09,SKU00021,208,N
2025-11-09,SKU00264,705,N
2025-11-09,SKU00154,410,N
2025-11-09,SKU00202,387,N
2025-11-09,SKU00074,342,N
2025-11-09,SKU00151,679,N
2025-11-09,SKU00004,438,N
2025-11-09,SKU00282,129,N
2025-11-09,SKU00144,145,N
2025-11-09,SKU00002,364,N
2025-11-09,SKU00017,576,N
2025-11-09,SKU00161,63,N
2025-11-09,SKU00103,438,N
2025-11-09,SKU00229,0,S
2025-11-16,SKU00174,757,N
2025-11-16,SKU00095,427,N
2025-11-16,SKU00145,413,N
2025-11-16,SKU00085,137,N
2025-11-16,SKU00032,674,N
2025-11-16,SKU00253,323,N
2025-11-16,SKU00183,569,N
2025-11-16,SKU00069,227,N
2025-11-16,SKU00097,683,N
2025-11-16,SKU00109,30,N
2025-11-16,SKU00060,369,N
2025-11-16,SKU00162,397,N
2025-11-16,SKU00074,526,N
2025-11-16,SKU00104,147,N
2025-11-16,SKU00038,103,N
2025-11-16,SKU00092,127,N
2025-11-16,SKU00106,573,N
2025-11-16,SKU00260,405,N
2025-11-16,SKU00116,0,S
2025-11-16,SKU00090,88,N
2025-11-16,SKU00040,717,N
2025-11-16,SKU00080,600,N
2025-11-16,SKU00237,337,N
2025-11-16,SKU00192,796,N
2025-11-16,SKU00099,107,N
2025-11-16,SKU00277,0,S
2025-11-16,SKU00081,628,N
2025-11-16,SKU00103,168,N
2025-11-16,SKU00194,655,N
2025-11-16,SKU00035,450,N
2025-11-16,SKU00136,289,N
2025-11-16,SKU00230,0,S
2025-11-16,SKU00248,709,N
2025-11-16,SKU00025,456,N
2025-11-16,SKU00154,234,N
2025-11-16,SKU00276,95,N
2025-11-16,SKU00147,86,N
2025-11-16,SKU00193,372,N
2025-11-16,SKU00261,172,N
2025-11-16,SKU00024,575,N
2025-11-16,SKU00246,42,N
2025-11-16,SKU00149,785,N
2025-11-16,SKU00222,120,N
2025-11-16,SKU00274,513,N
2025-11-16,SKU00197,688,N
2025-11-16,SKU00270,12,N
2025-11-16,SKU00058,766,N
2025-11-16,SKU00130,537,N
2025-11-16,SKU00011,595,N
2025-11-16,SKU00006,552,N
2025-11-16,SKU00023,431,N
2025-11-16,SKU00223,575,N
2025-11-16,SKU00094,220,N
2025-11-16,SKU00008,631,N
2025-11-16,SKU00088,65,N
2025-11-16,SKU00165,91,N
2025-11-16,SKU00033,396,N
2025-11-16,SKU00234,45,N
2025-11-16,SKU00119,252,N
2025-11-16,SKU00241,91,N
2025-11-16,SKU00151,74,N
2025-11-16,SKU00257,530,N
2025-11-16,SKU00026,704,N
2025-11-16,SKU00131,443,N
2025-11-16,SKU00142,681,N
2025-11-16,SKU00028,564,N
2025-11-16,SKU00243,0,S
2025-11-16,SKU00220,0,S
2025-11-16,SKU00133,211,N
2025-11-16,SKU00003,203,N
2025-11-16,SKU00242,484,N
2025-11-16,SKU00030,280,N
2025-11-16,SKU00087,0,S
2025-11-16,SKU00063,114,N
2025-11-16,SKU00164,327,N
2025-11-16,SKU00140,688,N
2025-11-16,SKU00156,0,S
2025-11-16,SKU00191,102,N
2025-11-16,SKU00022,434,N
2025-11-16,SKU00065,637,N
2025-11-23,SKU00264,482,N
2025-11-23,SKU00181,168,N
2025-11-23,SKU00074,383,N
2025-11-23,SKU00002,792,N
2025-11-23,SKU00021,321,N
2025-11-23,SKU00018,0,S
2025-11-23,SKU00050,343,N
2025-11-23,SKU00044,430,N
2025-11-23,SKU00049,450,N
2025-11-23,SKU00212,394,N
2025-11-23,SKU00134,0,S
2025-11-23,SKU00168,0,S
2025-11-23,SKU00079,765,N
2025-11-23,SKU00196,481,N
2025-11-23,SKU00142,461,N
2025-11-23,SKU00047,447,N
2025-11-23,SKU00077,299,N
2025-11-23,SKU00245,242,N
2025-11-23,SKU00014,229,N
2025-11-23,SKU00112,124,N
2025-11-23,SKU00094,385,N
2025-11-23,SKU00210,6,N
2025-11-23,SKU00182,629,N
2025-11-23,SKU00152,265,N
2025-11-23,SKU00203,0,S
2025-11-23,SKU00129,346,N
2025-11-23,SKU00269,554,N
2025-11-23,SKU00127,0,S
2025-11-23,SKU00107,237,N
2025-11-23,SKU00034,577,N
2025-11-23,SKU00268,0,S
2025-11-23,SKU00164,0,S
2025-11-23,SKU00187,103,N
2025-11-23,SKU00194,658,N
2025-11-23,SKU00292,538,N
2025-11-23,SKU00159,566,N
2025-11-23,SKU00063,183,N
2025-11-23,SKU00024,704,N
2025-11-23,SKU00073,254,N
2025-11-23,SKU00141,196,N
2025-11-23,SKU00108,202,N
2025-11-23,SKU00130,0,S
2025-11-23,SKU00266,620,N
2025-11-23,SKU00202,308,N
2025-11-23,SKU00184,646,N
2025-11-23,SKU00088,162,N
2025-11-23,SKU00217,513,N
2025-11-23,SKU00133,187,N
2025-11-23,SKU00206,144,N
2025-11-23,SKU00169,145,N
2025-11-23,SKU00219,637,N
2025-11-23,SKU00223,573,N
2025-11-23,SKU00216,563,N
2025-11-23,SKU00082,773,N
2025-11-23,SKU00069,753,N
2025-11-23,SKU00025,0,S
2025-11-23,SKU00072,0,S
2025-11-23,SKU00242,340,N
2025-11-23,SKU00254,309,N
2025-11-23,SKU00139,265,N
2025-11-23,SKU00022,325,N
2025-11-23,SKU00045,275,N
2025-11-23,SKU00042,774,N
2025-11-23,SKU00167,718,N
2025-11-23,SKU00198,323,N
2025-11-23,SKU00121,383,N
2025-11-23,SKU00012,528,N
2025-11-23,SKU00291,730,N
2025-11-23,SKU00253,702,N
2025-11-23,SKU00189,0,S
2025-11-23,SKU00076,440,N
2025-11-23,SKU00176,43,N
2025-11-23,SKU00038,321,N
2025-11-23,SKU00064,775,N
2025-11-23,SKU00244,486,N
2025-11-23,SKU00251,677,N
2025-11-23,SKU00282,0,S
2025-11-23,SKU00084,748,N
2025-11-23,SKU00235,0,S
2025-11-23,SKU00090,375,N
2025-11-30,SKU00266,215,N
2025-11-30,SKU00208,529,N
2025-11-30,SKU00253,705,N
2025-11-30,SKU00199,624,N
2025-11-30,SKU00178,316,N
2025-11-30,SKU00265,392,N
2025-11-30,SKU00275,372,N
2025-11-30,SKU00233,747,N
2025-11-30,SKU00142,400,N
2025-11-30,SKU00072,631,N
2025-11-30,SKU00128,746,N
2025-11-30,SKU00123,157,N
2025-11-30,SKU00177,627,N
2025-11-30,SKU00024,0,S
2025-11-30,SKU00175,0,S
2025-11-30,SKU00272,0,S
2025-11-30,SKU00224,302,N
2025-11-30,SKU00086,110,N
2025-11-30,SKU00079,618,N
2025-11-30,SKU00281,380,N
2025-11-30,SKU00219,49,N
2025-11-30,SKU00230,31,N
2025-11-30,SKU00132,700,N
2025-11-30,SKU00181,0,S
2025-11-30,SKU00156,0,S
2025-11-30,SKU00068,71,N
2025-11-30,SKU00283,0,S
2025-11-30,SKU00002,251,N
2025-11-30,SKU00030,299,N
2025-11-30,SKU00094,301,N
2025-11-30,SKU00159,135,N
2025-11-30,SKU00235,0,S
2025-11-30,SKU00207,212,N
2025-11-30,SKU00213,735,N
2025-11-30,SKU00070,118,N
2025-11-30,SKU00040,495,N
2025-11-30,SKU00143,147,N
2025-11-30,SKU00102,694,N
2025-11-30,SKU00062,147,N
2025-11-30,SKU00171,509,N
2025-11-30,SKU00254,679,N
2025-11-30,SKU00054,74,N
2025-11-30,SKU00210,193,N
2025-11-30,SKU00129,611,N
2025-11-30,SKU00248,637,N
2025-11-30,SKU00290,502,N
2025-11-30,SKU00271,24,N
2025-11-30,SKU00261,351,N
2025-11-30,SKU00122,235,N
2025-11-30,SKU00153,381,N
2025-11-30,SKU00097,329,N
2025-11-30,SKU00003,760,N
2025-11-30,SKU00231,108,N
2025-11-30,SKU00193,303,N
2025-11-30,SKU00121,237,N
2025-11-30,SKU00269,44,N
2025-11-30,SKU00225,603,N
2025-11-30,SKU00140,0,S
2025-11-30,SKU00092,430,N
2025-11-30,SKU00196,466,N
2025-11-30,SKU00021,0,S
2025-11-30,SKU00063,267,N
2025-11-30,SKU00022,624,N
2025-11-30,SKU00211,0,S
2025-11-30,SKU00198,0,S
2025-11-30,SKU00267,271,N
2025-11-30,SKU00026,33,N
2025-11-30,SKU00001,287,N
2025-11-30,SKU00195,575,N
2025-11-30,SKU00008,549,N
2025-11-30,SKU00091,0,S
2025-11-30,SKU00273,758,N
2025-11-30,SKU00107,391,N
2025-11-30,SKU00160,512,N
2025-11-30,SKU00047,0,S
2025-11-30,SKU00200,0,S
2025-11-30,SKU00206,431,N
2025-11-30,SKU00227,38,N
2025-11-30,SKU00036,596,N
2025-11-30,SKU00155,151,N
2025-12-07,SKU00222,164,N
2025-12-07,SKU00199,135,N
2025-12-07,SKU00057,27,N
2025-12-07,SKU00090,547,N
2025-12-07,SKU00221,364,N
2025-12-07,SKU00027,652,N
2025-12-07,SKU00078,573,N
2025-12-07,SKU00040,436,N
2025-12-07,SKU00250,434,N
2025-12-07,SKU00179,472,N
2025-12-07,SKU00283,290,N
2025-12-07,SKU00160,600,N
2025-12-07,SKU00270,0,S
2025-12-07,SKU00184,242,N
2025-12-07,SKU00044,130,N
2025-12-07,SKU00203,739,N
2025-12-07,SKU00127,0,S
2025-12-07,SKU00006,793,N
2025-12-07,SKU00039,120,N
2025-12-07,SKU00219,129,N
2025-12-07,SKU00038,0,S
2025-12-07,SKU00227,106,N
2025-12-07,SKU00115,342,N
2025-12-07,SKU00107,11,N
2025-12-07,SKU00120,793,N
2025-12-07,SKU00123,766,N
2025-12-07,SKU00064,111,N
2025-12-07,SKU00198,128,N
2025-12-07,SKU00290,342,N
2025-12-07,SKU00131,371,N
2025-12-07,SKU00164,324,N
2025-12-07,SKU00024,65,N
2025-12-07,SKU00257,728,N
2025-12-07,SKU00080,527,N
2025-12-07,SKU00133,105,N
2025-12-07,SKU00008,778,N
2025-12-07,SKU00253,83,N
2025-12-07,SKU00066,736,N
2025-12-07,SKU00175,206,N
2025-12-07,SKU00282,738,N
2025-12-07,SKU00060,618,N
2025-12-07,SKU00230,730,N
2025-12-07,SKU00150,687,N
2025-12-07,SKU00260,293,N
2025-12-07,SKU00195,44,N
2025-12-07,SKU00258,757,N
2025-12-07,SKU00074,569,N
2025-12-07,SKU00116,2,N
2025-12-07,SKU00162,219,N
2025-12-07,SKU00054,694,N
2025-12-07,SKU00279,176,N
2025-12-07,SKU00139,711,N
2025-12-07,SKU00145,604,N
2025-12-07,SKU00236,484,N
2025-12-07,SKU00079,406,N
2025-12-07,SKU00265,243,N
2025-12-07,SKU00130,516,N
2025-12-07,SKU00041,704,N
2025-12-07,SKU00217,673,N
2025-12-07,SKU00016,688,N
2025-12-07,SKU00291,783,N
2025-12-07,SKU00197,783,N
2025-12-07,SKU00088,385,N
2025-12-07,SKU00204,0,S
2025-12-07,SKU00003,35,N
2025-12-07,SKU00177,117,N
2025-12-07,SKU00163,753,N
2025-12-07,SKU00168,282,N
2025-12-07,SKU00012,0,S
2025-12-07,SKU00034,310,N
2025-12-07,SKU00201,563,N
2025-12-07,SKU00094,247,N
2025-12-07,SKU00153,531,N
2025-12-07,SKU00272,0,S
2025-12-07,SKU00033,52,N
2025-12-07,SKU00274,454,N
2025-12-07,SKU00117,0,S
2025-12-07,SKU00085,0,S
2025-12-07,SKU00118,12,N
2025-12-07,SKU00209,775,N
2025-12-14,SKU00065,629,N
2025-12-14,SKU00247,747,N
2025-12-14,SKU00162,530,N
2025-12-14,SKU00269,123,N
2025-12-14,SKU00259,0,S
2025-12-14,SKU00281,760,N
2025-12-14,SKU00064,423,N
2025-12-14,SKU00117,0,S
2025-12-14,SKU00292,151,N
2025-12-14,SKU00158,210,N
2025-12-14,SKU00172,110,N
2025-12-14,SKU00161,338,N
2025-12-14,SKU00258,46,N
2025-12-14,SKU00207,667,N
2025-12-14,SKU00055,146,N
2025-12-14,SKU00108,328,N
2025-12-14,SKU00081,76,N
2025-12-14,SKU00210,397,N
2025-12-14,SKU00236,421,N
2025-12-14,SKU00206,477,N
2025-12-14,SKU00031,405,N
2025-12-14,SKU00289,641,N
2025-12-14,SKU00242,0,S
2025-12-14,SKU00211,83,N
2025-12-14,SKU00233,0,S
2025-12-14,SKU00164,305,N
2025-12-14,SKU00271,509,N
2025-12-14,SKU00284,0,S
2025-12-14,SKU00152,202,N
2025-12-14,SKU00169,199,N
2025-12-14,SKU00069,412,N
2025-12-14,SKU00011,565,N
2025-12-14,SKU00193,405,N
2025-12-14,SKU00290,0,S
2025-12-14,SKU00068,574,N
2025-12-14,SKU00166,39,N
2025-12-14,SKU00023,109,N
2025-12-14,SKU00001,660,N
2025-12-14,SKU00230,460,N
2025-12-14,SKU00014,224,N
2025-12-14,SKU00113,304,N
2025-12-14,SKU00155,698,N
2025-12-14,SKU00278,289,N
2025-12-14,SKU00063,139,N
2025-12-14,SKU00285,590,N
2025-12-14,SKU00144,564,N
2025-12-14,SKU00229,109,N
2025-12-14,SKU00101,466,N
2025-12-14,SKU00226,233,N
2025-12-14,SKU00178,233,N
2025-12-14,SKU00044,372,N
2025-12-14,SKU00061,77,N
2025-12-14,SKU00214,573,N
2025-12-14,SKU00032,266,N
2025-12-14,SKU00074,388,N
2025-12-14,SKU00079,0,S
2025-12-14,SKU00139,136,N
2025-12-14,SKU00059,457,N
2025-12-14,SKU00237,571,N
2025-12-14,SKU00115,297,N
2025-12-14,SKU00024,277,N
2025-12-14,SKU00196,0,S
2025-12-14,SKU00126,438,N
2025-12-14,SKU00021,730,N
2025-12-14,SKU00171,381,N
2025-12-14,SKU00137,0,S
2025-12-14,SKU00240,428,N
2025-12-14,SKU00093,603,N
2025-12-14,SKU00188,0,S
2025-12-14,SKU00257,653,N
2025-12-14,SKU00070,706,N
2025-12-14,SKU00092,359,N
2025-12-14,SKU00146,0,S
2025-12-14,SKU00102,376,N
2025-12-14,SKU00216,683,N
2025-12-14,SKU00279,0,S
2025-12-14,SKU00287,375,N
2025-12-14,SKU00005,84,N
2025-12-14,SKU00176,381,N
2025-12-14,SKU00174,605,N
2025-12-21,SKU00206,686,N
2025-12-21,SKU00091,557,N
2025-12-21,SKU00176,694,N
2025-12-21,SKU00131,639,N
2025-12-21,SKU00212,395,N
2025-12-21,SKU00129,128,N
2025-12-21,SKU00284,162,N
2025-12-21,SKU00089,0,S
2025-12-21,SKU00259,642,N
2025-12-21,SKU00180,474,N
2025-12-21,SKU00079,610,N
2025-12-21,SKU00104,415,N
2025-12-21,SKU00195,208,N
2025-12-21,SKU00075,788,N
2025-12-21,SKU00050,175,N
2025-12-21,SKU00068,749,N
2025-12-21,SKU00025,783,N
2025-12-21,SKU00132,239,N
2025-12-21,SKU00232,605,N
2025-12-21,SKU00147,0,S
2025-12-21,SKU00241,0,S
2025-12-21,SKU00109,229,N
2025-12-21,SKU00100,0,S
2025-12-21,SKU00289,386,N
2025-12-21,SKU00154,65,N
2025-12-21,SKU00267,640,N
2025-12-21,SKU00005,277,N
2025-12-21,SKU00044,499,N
2025-12-21,SKU00140,0,S
2025-12-21,SKU00149,225,N
2025-12-21,SKU00049,69,N
2025-12-21,SKU00261,0,S
2025-12-21,SKU00178,529,N
2025-12-21,SKU00227,770,N
2025-12-21,SKU00061,544,N
2025-12-21,SKU00035,279,N
2025-12-21,SKU00067,340,N
2025-12-21,SKU00271,0,S
2025-12-21,SKU00072,476,N
2025-12-21,SKU00028,633,N
2025-12-21,SKU00077,0,S
2025-12-21,SKU00274,543,N
2025-12-21,SKU00263,628,N
2025-12-21,SKU00060,336,N
2025-12-21,SKU00120,63,N
2025-12-21,SKU00051,796,N
2025-12-21,SKU00278,230,N
2025-12-21,SKU00105,567,N
2025-12-21,SKU00272,191,N
2025-12-21,SKU00001,738,N
2025-12-21,SKU00114,162,N
2025-12-21,SKU00097,395,N
2025-12-21,SKU00264,78,N
2025-12-21,SKU00257,418,N
2025-12-21,SKU00281,0,S
2025-12-21,SKU00045,143,N
2025-12-21,SKU00207,591,N
2025-12-21,SKU00007,611,N
2025-12-21,SKU00062,513,N
2025-12-21,SKU00167,740,N
2025-12-21,SKU00041,0,S
2025-12-21,SKU00292,192,N
2025-12-21,SKU00152,689,N
2025-12-21,SKU00022,700,N
2025-12-21,SKU00258,0,S
2025-12-21,SKU00181,378,N
2025-12-21,SKU00009,418,N
2025-12-21,SKU00024,380,N
2025-12-21,SKU00159,0,S
2025-12-21,SKU00205,400,N
2025-12-21,SKU00173,49,N
2025-12-21,SKU00253,443,N
2025-12-21,SKU00108,96,N
2025-12-21,SKU00115,0,S
2025-12-21,SKU00136,401,N
2025-12-21,SKU00088,0,S
2025-12-21,SKU00004,0,S
2025-12-21,SKU00245,496,N
2025-12-21,SKU00086,0,S
2025-12-21,SKU00252,610,N
2025-12-28,SKU00264,100,N
2025-12-28,SKU00221,557,N
2025-12-28,SKU00081,795,N
2025-12-28,SKU00173,393,N
2025-12-28,SKU00228,704,N
2025-12-28,SKU00090,512,N
2025-12-28,SKU00105,788,N
2025-12-28,SKU00190,342,N
2025-12-28,SKU00291,323,N
2025-12-28,SKU00101,98,N
2025-12-28,SKU00096,381,N
2025-12-28,SKU00172,392,N
2025-12-28,SKU00075,460,N
2025-12-28,SKU00271,770,N
2025-12-28,SKU00202,657,N
2025-12-28,SKU00193,248,N
2025-12-28,SKU00134,720,N
2025-12-28,SKU00150,103,N
2025-12-28,SKU00072,754,N
2025-12-28,SKU00071,422,N
2025-12-28,SKU00106,596,N
2025-12-28,SKU00230,0,S
2025-12-28,SKU00163,259,N
2025-12-28,SKU00167,124,N
2025-12-28,SKU00189,463,N
2025-12-28,SKU00100,317,N
2025-12-28,SKU00127,208,N
2025-12-28,SKU00024,772,N
2025-12-28,SKU00049,0,S
2025-12-28,SKU00252,281,N
2025-12-28,SKU00089,714,N
2025-12-28,SKU00023,153,N
2025-12-28,SKU00284,0,S
2025-12-28,SKU00004,14,N
2025-12-28,SKU00124,552,N
2025-12-28,SKU00269,713,N
2025-12-28,SKU00112,421,N
2025-12-28,SKU00020,463,N
2025-12-28,SKU00091,297,N
2025-12-28,SKU00164,0,S
2025-12-28,SKU00027,322,N
2025-12-28,SKU00217,3,N
2025-12-28,SKU00029,120,N
2025-12-28,SKU00219,683,N
2025-12-28,SKU00144,588,N
2025-12-28,SKU00286,160,N
2025-12-28,SKU00051,544,N
2025-12-28,SKU00084,666,N
2025-12-28,SKU00212,0,S
2025-12-28,SKU00194,234,N
2025-12-28,SKU00263,266,N
2025-12-28,SKU00099,59,N
2025-12-28,SKU00125,136,N
2025-12-28,SKU00256,592,N
2025-12-28,SKU00253,487,N
2025-12-28,SKU00040,277,N
2025-12-28,SKU00288,0,S
2025-12-28,SKU00149,0,S
2025-12-28,SKU00098,164,N
2025-12-28,SKU00245,68,N
2025-12-28,SKU00115,507,N
2025-12-28,SKU00140,353,N
2025-12-28,SKU00159,294,N
2025-12-28,SKU00014,471,N
2025-12-28,SKU00277,0,S
2025-12-28,SKU00076,26,N
2025-12-28,SKU00154,196,N
2025-12-28,SKU00251,611,N
2025-12-28,SKU00178,32,N
2025-12-28,SKU00092,354,N
2025-12-28,SKU00121,145,N
2025-12-28,SKU00239,399,N
2025-12-28,SKU00155,0,S
2025-12-28,SKU00135,0,S
2025-12-28,SKU00152,662,N
2025-12-28,SKU00229,758,N
2025-12-28,SKU00068,636,N
2025-12-28,SKU00132,655,N
2025-12-28,SKU00066,777,N
2025-12-28,SKU00184,256,N
2026-01-04,SKU00135,304,N
2026-01-04,SKU00052,283,N
2026-01-04,SKU00078,279,N
2026-01-04,SKU00129,565,N
2026-01-04,SKU00070,0,S
2026-01-04,SKU00096,129,N
2026-01-04,SKU00236,70,N
2026-01-04,SKU00079,681,N
2026-01-04,SKU00009,654,N
2026-01-04,SKU00071,233,N
2026-01-04,SKU00011,47,N
2026-01-04,SKU00041,447,N
2026-01-04,SKU00178,607,N
2026-01-04,SKU00035,112,N
2026-01-04,SKU00282,593,N
2026-01-04,SKU00266,228,N
2026-01-04,SKU00183,614,N
2026-01-04,SKU00191,662,N
2026-01-04,SKU00221,246,N
2026-01-04,SKU00237,219,N
2026-01-04,SKU00121,726,N
2026-01-04,SKU00112,0,S
2026-01-04,SKU00245,257,N
2026-01-04,SKU00260,251,N
2026-01-04,SKU00141,630,N
2026-01-04,SKU00050,475,N
2026-01-04,SKU00226,199,N
2026-01-04,SKU00108,594,N
2026-01-04,SKU00039,607,N
2026-01-04,SKU00105,0,S
2026-01-04,SKU00081,413,N
2026-01-04,SKU00209,725,N
2026-01-04,SKU00082,599,N
2026-01-04,SKU00177,680,N
2026-01-04,SKU00238,0,S
2026-01-04,SKU00089,633,N
2026-01-04,SKU00142,74,N
2026-01-04,SKU00074,717,N
2026-01-04,SKU00215,29,N
2026-01-04,SKU00287,167,N
2026-01-04,SKU00094,690,N
2026-01-04,SKU00025,353,N
2026-01-04,SKU00061,0,S
2026-01-04,SKU00217,524,N
2026-01-04,SKU00208,717,N
2026-01-04,SKU00161,445,N
2026-01-04,SKU00034,526,N
2026-01-04,SKU00036,0,S
2026-01-04,SKU00058,391,N
2026-01-04,SKU00211,604,N
2026-01-04,SKU00248,0,S
2026-01-04,SKU00205,279,N
2026-01-04,SKU00229,596,N
2026-01-04,SKU00157,192,N
2026-01-04,SKU00273,32,N
2026-01-04,SKU00213,472,N
2026-01-04,SKU00274,249,N
2026-01-04,SKU00032,365,N
2026-01-04,SKU00090,620,N
2026-01-04,SKU00290,784,N
2026-01-04,SKU00218,483,N
2026-01-04,SKU00126,762,N
2026-01-04,SKU00007,0,S
2026-01-04,SKU00162,309,N
2026-01-04,SKU00234,568,N
2026-01-04,SKU00270,243,N
2026-01-04,SKU00187,223,N
2026-01-04,SKU00198,412,N
2026-01-04,SKU00160,113,N
2026-01-04,SKU00279,783,N
2026-01-04,SKU00240,240,N
2026-01-04,SKU00202,486,N
2026-01-04,SKU00119,294,N
2026-01-04,SKU00003,138,N
2026-01-04,SKU00088,45,N
2026-01-04,SKU00054,362,N
2026-01-04,SKU00257,169,N
2026-01-04,SKU00281,64,N
2026-01-04,SKU00227,0,S
2026-01-04,SKU00153,58,N
2026-01-11,SKU00128,509,N
2026-01-11,SKU00230,181,N
2026-01-11,SKU00094,535,N
2026-01-11,SKU00107,747,N
2026-01-11,SKU00045,213,N
2026-01-11,SKU00112,307,N
2026-01-11,SKU00213,339,N
2026-01-11,SKU00248,0,S
2026-01-11,SKU00040,216,N
2026-01-11,SKU00014,86,N
2026-01-11,SKU00068,795,N
2026-01-11,SKU00039,722,N
2026-01-11,SKU00281,757,N
2026-01-11,SKU00167,678,N
2026-01-11,SKU00154,0,S
2026-01-11,SKU00275,685,N
2026-01-11,SKU00276,725,N
2026-01-11,SKU00207,499,N
2026-01-11,SKU00078,468,N
2026-01-11,SKU00172,377,N
2026-01-11,SKU00194,405,N
2026-01-11,SKU00286,183,N
2026-01-11,SKU00111,282,N
2026-01-11,SKU00169,0,S
2026-01-11,SKU00080,668,N
2026-01-11,SKU00260,0,S
2026-01-11,SKU00223,431,N
2026-01-11,SKU00168,94,N
2026-01-11,SKU00155,598,N
2026-01-11,SKU00089,220,N
2026-01-11,SKU00059,186,N
2026-01-11,SKU00071,424,N
2026-01-11,SKU00026,168,N
2026-01-11,SKU00025,252,N
2026-01-11,SKU00061,530,N
2026-01-11,SKU00138,479,N
2026-01-11,SKU00053,151,N
2026-01-11,SKU00035,715,N
2026-01-11,SKU00141,76,N
2026-01-11,SKU00208,644,N
2026-01-11,SKU00069,0,S
2026-01-11,SKU00205,101,N
2026-01-11,SKU00291,325,N
2026-01-11,SKU00278,693,N
2026-01-11,SKU00200,331,N
2026-01-11,SKU00249,304,N
2026-01-11,SKU00231,282,N
2026-01-11,SKU00241,760,N
2026-01-11,SKU00176,0,S
2026-01-11,SKU00124,783,N
2026-01-11,SKU00246,539,N
2026-01-11,SKU00127,429,N
2026-01-11,SKU00131,199,N
2026-01-11,SKU00104,663,N
2026-01-11,SKU00198,194,N
2026-01-11,SKU00119,303,N
2026-01-11,SKU00235,66,N
2026-01-11,SKU00062,686,N
2026-01-11,SKU00243,519,N
2026-01-11,SKU00001,313,N
2026-01-11,SKU00077,294,N
2026-01-11,SKU00021,499,N
2026-01-11,SKU00143,457,N
2026-01-11,SKU00251,744,N
2026-01-11,SKU00181,620,N
2026-01-11,SKU00192,344,N
2026-01-11,SKU00090,766,N
2026-01-11,SKU00209,453,N
2026-01-11,SKU00269,647,N
2026-01-11,SKU00042,341,N
2026-01-11,SKU00135,426,N
2026-01-11,SKU00226,450,N
2026-01-11,SKU00264,452,N
2026-01-11,SKU00272,0,S
2026-01-11,SKU00224,624,N
2026-01-11,SKU00096,556,N
2026-01-11,SKU00156,50,N
2026-01-11,SKU00048,62,N
2026-01-11,SKU00287,306,N
2026-01-11,SKU00015,367,N
2026-01-18,SKU00167,215,N
2026-01-18,SKU00131,149,N
2026-01-18,SKU00239,729,N
2026-01-18,SKU00115,119,N
2026-01-18,SKU00267,485,N
2026-01-18,SKU00048,150,N
2026-01-18,SKU00094,0,S
2026-01-18,SKU00173,601,N
2026-01-18,SKU00064,758,N
2026-01-18,SKU00147,118,N
2026-01-18,SKU00288,543,N
2026-01-18,SKU00229,236,N
2026-01-18,SKU00227,629,N
2026-01-18,SKU00277,226,N
2026-01-18,SKU00040,436,N
2026-01-18,SKU00087,264,N
2026-01-18,SKU00124,404,N
2026-01-18,SKU00027,20,N
2026-01-18,SKU00080,282,N
2026-01-18,SKU00214,135,N
2026-01-18,SKU00062,334,N
2026-01-18,SKU00022,223,N
2026-01-18,SKU00071,174,N
2026-01-18,SKU00046,88,N
2026-01-18,SKU00182,77,N
2026-01-18,SKU00257,52,N
2026-01-18,SKU00185,341,N
2026-01-18,SKU00051,334,N
2026-01-18,SKU00169,0,S
2026-01-18,SKU00285,635,N
2026-01-18,SKU00039,620,N
2026-01-18,SKU00196,343,N
2026-01-18,SKU00056,0,S
2026-01-18,SKU00178,780,N
2026-01-18,SKU00172,614,N
2026-01-18,SKU00010,479,N
2026-01-18,SKU00284,357,N
2026-01-18,SKU00252,628,N
2026-01-18,SKU00162,524,N
2026-01-18,SKU00187,749,N
2026-01-18,SKU00160,638,N
2026-01-18,SKU00118,587,N
2026-01-18,SKU00194,298,N
2026-01-18,SKU00122,678,N
2026-01-18,SKU00256,406,N
2026-01-18,SKU00114,665,N
2026-01-18,SKU00021,147,N
2026-01-18,SKU00132,57,N
2026-01-18,SKU00249,0,S
2026-01-18,SKU00106,149,N
2026-01-18,SKU00049,289,N
2026-01-18,SKU00183,50,N
2026-01-18,SKU00228,306,N
2026-01-18,SKU00255,123,N
2026-01-18,SKU00125,438,N
2026-01-18,SKU00082,715,N
2026-01-18,SKU00098,621,N
2026-01-18,SKU00236,757,N
2026-01-18,SKU00018,752,N
2026-01-18,SKU00164,476,N
2026-01-18,SKU00044,0,S
2026-01-18,SKU00078,155,N
2026-01-18,SKU00268,799,N
2026-01-18,SKU00259,607,N
2026-01-18,SKU00052,367,N
2026-01-18,SKU00035,106,N
2026-01-18,SKU00128,639,N
2026-01-18,SKU00191,88,N
2026-01-18,SKU00002,555,N
2026-01-18,SKU00240,429,N
2026-01-18,SKU00045,357,N
2026-01-18,SKU00222,0,S
2026-01-18,SKU00058,768,N
2026-01-18,SKU00050,159,N
2026-01-18,SKU00232,730,N
2026-01-18,SKU00029,432,N
2026-01-18,SKU00246,700,N
2026-01-18,SKU00013,733,N
2026-01-18,SKU00059,0,S
2026-01-18,SKU00270,90,N
2026-01-25,SKU00051,167,N
2026-01-25,SKU00140,25,N
2026-01-25,SKU00073,112,N
2026-01-25,SKU00029,556,N
2026-01-25,SKU00127,204,N
2026-01-25,SKU00111,264,N
2026-01-25,SKU00148,254,N
2026-01-25,SKU00241,19,N
2026-01-25,SKU00194,576,N
2026-01-25,SKU00056,147,N
2026-01-25,SKU00114,0,S
2026-01-25,SKU00038,89,N
2026-01-25,SKU00260,799,N
2026-01-25,SKU00017,724,N
2026-01-25,SKU00185,567,N
2026-01-25,SKU00275,480,N
2026-01-25,SKU00209,766,N
2026-01-25,SKU00183,175,N
2026-01-25,SKU00197,654,N
2026-01-25,SKU00281,276,N
2026-01-25,SKU00081,590,N
2026-01-25,SKU00142,75,N
2026-01-25,SKU00196,726,N
2026-01-25,SKU00088,557,N
2026-01-25,SKU00099,38,N
2026-01-25,SKU00087,85,N
2026-01-25,SKU00014,37,N
2026-01-25,SKU00146,336,N
2026-01-25,SKU00080,537,N
2026-01-25,SKU00182,267,N
2026-01-25,SKU00152,687,N
2026-01-25,SKU00160,740,N
2026-01-25,SKU00046,0,S
2026-01-25,SKU00030,720,N
2026-01-25,SKU00110,132,N
2026-01-25,SKU00136,451,N
2026-01-25,SKU00015,127,N
2026-01-25,SKU00130,696,N
2026-01-25,SKU00045,0,S
2026-01-25,SKU00132,55,N
2026-01-25,SKU00108,719,N
2026-01-25,SKU00230,0,S
2026-01-25,SKU00229,653,N
2026-01-25,SKU00285,465,N
2026-01-25,SKU00135,417,N
2026-01-25,SKU00200,214,N
2026-01-25,SKU00020,145,N
2026-01-25,SKU00105,189,N
2026-01-25,SKU00112,0,S
2026-01-25,SKU00118,162,N
2026-01-25,SKU00224,689,N
2026-01-25,SKU00032,608,N
2026-01-25,SKU00254,192,N
2026-01-25,SKU00065,0,S
2026-01-25,SKU00010,68,N
2026-01-25,SKU00128,170,N
2026-01-25,SKU00274,223,N
2026-01-25,SKU00208,328,N
2026-01-25,SKU00131,454,N
2026-01-25,SKU00231,248,N
2026-01-25,SKU00253,444,N
2026-01-25,SKU00240,437,N
2026-01-25,SKU00071,240,N
2026-01-25,SKU00172,276,N
2026-01-25,SKU00175,488,N
2026-01-25,SKU00145,188,N
2026-01-25,SKU00084,785,N
2026-01-25,SKU00207,6,N
2026-01-25,SKU00016,610,N
2026-01-25,SKU00009,205,N
2026-01-25,SKU00097,192,N
2026-01-25,SKU00141,267,N
2026-01-25,SKU00232,699,N
2026-01-25,SKU00277,9,N
2026-01-25,SKU00251,31,N
2026-01-25,SKU00027,327,N
2026-01-25,SKU00066,510,N
2026-01-25,SKU00002,417,N
2026-01-25,SKU00188,770,N
2026-01-25,SKU00263,309,N
2026-02-01,SKU00152,183,N
2026-02-01,SKU00009,213,N
2026-02-01,SKU00092,520,N
2026-02-01,SKU00062,579,N
2026-02-01,SKU00065,564,N
2026-02-01,SKU00182,624,N
2026-02-01,SKU00082,372,N
2026-02-01,SKU00051,207,N
2026-02-01,SKU00183,110,N
2026-02-01,SKU00052,258,N
2026-02-01,SKU00015,620,N
2026-02-01,SKU00255,220,N
2026-02-01,SKU00080,188,N
2026-02-01,SKU00149,135,N
2026-02-01,SKU00001,461,N
2026-02-01,SKU00281,402,N
2026-02-01,SKU00137,429,N
2026-02-01,SKU00102,0,S
2026-02-01,SKU00144,264,N
2026-02-01,SKU00124,699,N
2026-02-01,SKU00218,77,N
2026-02-01,SKU00202,260,N
2026-02-01,SKU00085,223,N
2026-02-01,SKU00200,48,N
2026-02-01,SKU00011,575,N
2026-02-01,SKU00068,298,N
2026-02-01,SKU00240,0,S
2026-02-01,SKU00159,12,N
2026-02-01,SKU00125,694,N
2026-02-01,SKU00267,170,N
2026-02-01,SKU00049,732,N
2026-02-01,SKU00273,676,N
2026-02-01,SKU00157,162,N
2026-02-01,SKU00070,470,N
2026-02-01,SKU00072,615,N
2026-02-01,SKU00029,359,N
2026-02-01,SKU00063,337,N
2026-02-01,SKU00289,116,N
2026-02-01,SKU00283,37,N
2026-02-01,SKU00274,380,N
2026-02-01,SKU00106,10,N
2026-02-01,SKU00235,20,N
2026-02-01,SKU00217,485,N
2026-02-01,SKU00094,0,S
2026-02-01,SKU00252,0,S
2026-02-01,SKU00285,478,N
2026-02-01,SKU00088,65,N
2026-02-01,SKU00136,535,N
2026-02-01,SKU00233,373,N
2026-02-01,SKU00203,134,N
2026-02-01,SKU00039,94,N
2026-02-01,SKU00191,516,N
2026-02-01,SKU00271,0,S
2026-02-01,SKU00221,650,N
2026-02-01,SKU00135,686,N
2026-02-01,SKU00053,212,N
2026-02-01,SKU00035,16,N
2026-02-01,SKU00204,733,N
2026-02-01,SKU00046,768,N
2026-02-01,SKU00257,390,N
2026-02-01,SKU00171,775,N
2026-02-01,SKU00199,389,N
2026-02-01,SKU00129,168,N
2026-02-01,SKU00180,506,N
2026-02-01,SKU00132,442,N
2026-02-01,SKU00069,0,S
2026-02-01,SKU00184,411,N
2026-02-01,SKU00138,150,N
2026-02-01,SKU00050,593,N
2026-02-01,SKU00224,0,S
2026-02-01,SKU00287,183,N
2026-02-01,SKU00148,636,N
2026-02-01,SKU00150,670,N
2026-02-01,SKU00269,764,N
2026-02-01,SKU00145,722,N
2026-02-01,SKU00236,714,N
2026-02-01,SKU00245,529,N
2026-02-01,SKU00117,308,N
2026-02-01,SKU00158,350,N
2026-02-01,SKU00031,337,N
2026-02-08,SKU00271,351,N
2026-02-08,SKU00158,6,N
2026-02-08,SKU00131,348,N
2026-02-08,SKU00103,421,N
2026-02-08,SKU00138,552,N
2026-02-08,SKU00004,598,N
2026-02-08,SKU00072,273,N
2026-02-08,SKU00248,360,N
2026-02-08,SKU00261,750,N
2026-02-08,SKU00065,152,N
2026-02-08,SKU00020,133,N
2026-02-08,SKU00055,467,N
2026-02-08,SKU00163,67,N
2026-02-08,SKU00205,0,S
2026-02-08,SKU00063,235,N
2026-02-08,SKU00279,699,N
2026-02-08,SKU00180,0,S
2026-02-08,SKU00006,574,N
2026-02-08,SKU00143,433,N
2026-02-08,SKU00212,0,S
2026-02-08,SKU00070,0,S
2026-02-08,SKU00191,101,N
2026-02-08,SKU00175,793,N
2026-02-08,SKU00017,163,N
2026-02-08,SKU00215,107,N
2026-02-08,SKU00211,35,N
2026-02-08,SKU00114,703,N
2026-02-08,SKU00186,94,N
2026-02-08,SKU00262,382,N
2026-02-08,SKU00192,343,N
2026-02-08,SKU00117,0,S
2026-02-08,SKU00266,0,S
2026-02-08,SKU00018,54,N
2026-02-08,SKU00034,297,N
2026-02-08,SKU00256,726,N
2026-02-08,SKU00160,423,N
2026-02-08,SKU00075,0,S
2026-02-08,SKU00274,528,N
2026-02-08,SKU00182,22,N
2026-02-08,SKU00122,242,N
2026-02-08,SKU00276,406,N
2026-02-08,SKU00209,511,N
2026-02-08,SKU00155,397,N
2026-02-08,SKU00195,595,N
2026-02-08,SKU00197,124,N
2026-02-08,SKU00093,661,N
2026-02-08,SKU00089,372,N
2026-02-08,SKU00242,433,N
2026-02-08,SKU00120,657,N
2026-02-08,SKU00102,683,N
2026-02-08,SKU00064,754,N
2026-02-08,SKU00194,595,N
2026-02-08,SKU00026,149,N
2026-02-08,SKU00074,609,N
2026-02-08,SKU00137,618,N
2026-02-08,SKU00254,0,S
2026-02-08,SKU00046,291,N
2026-02-08,SKU00236,10,N
2026-02-08,SKU00185,624,N
2026-02-08,SKU00189,219,N
2026-02-08,SKU00167,746,N
2026-02-08,SKU00251,512,N
2026-02-08,SKU00228,0,S
2026-02-08,SKU00019,167,N
2026-02-08,SKU00050,539,N
2026-02-08,SKU00056,35,N
2026-02-08,SKU00258,379,N
2026-02-08,SKU00184,437,N
2026-02-08,SKU00115,0,S
2026-02-08,SKU00257,0,S
2026-02-08,SKU00003,298,N
2026-02-08,SKU00077,85,N
2026-02-08,SKU00079,247,N
2026-02-08,SKU00073,136,N
2026-02-08,SKU00124,0,S
2026-02-08,SKU00227,196,N
2026-02-08,SKU00045,772,N
2026-02-08,SKU00288,587,N
2026-02-08,SKU00144,169,N
2026-02-08,SKU00260,510,N
2026-02-15,SKU00236,209,N
2026-02-15,SKU00246,611,N
2026-02-15,SKU00181,0,S
2026-02-15,SKU00081,0,S
2026-02-15,SKU00135,768,N
2026-02-15,SKU00245,271,N
2026-02-15,SKU00076,504,N
2026-02-15,SKU00203,261,N
2026-02-15,SKU00230,739,N
2026-02-15,SKU00066,454,N
2026-02-15,SKU00224,542,N
2026-02-15,SKU00103,325,N
2026-02-15,SKU00200,393,N
2026-02-15,SKU00210,149,N
2026-02-15,SKU00025,0,S
2026-02-15,SKU00099,739,N
2026-02-15,SKU00288,766,N
2026-02-15,SKU00010,245,N
2026-02-15,SKU00069,92,N
2026-02-15,SKU00075,173,N
2026-02-15,SKU00248,399,N
2026-02-15,SKU00165,202,N
2026-02-15,SKU00116,503,N
2026-02-15,SKU00188,481,N
2026-02-15,SKU00035,178,N
2026-02-15,SKU00106,387,N
2026-02-15,SKU00070,189,N
2026-02-15,SKU00178,189,N
2026-02-15,SKU00277,83,N
2026-02-15,SKU00043,362,N
2026-02-15,SKU00126,47,N
2026-02-15,SKU00088,429,N
2026-02-15,SKU00252,23,N
2026-02-15,SKU00052,364,N
2026-02-15,SKU00232,0,S
2026-02-15,SKU00173,0,S
2026-02-15,SKU00158,790,N
2026-02-15,SKU00086,320,N
2026-02-15,SKU00094,440,N
2026-02-15,SKU00013,165,N
2026-02-15,SKU00147,587,N
2026-02-15,SKU00055,326,N
2026-02-15,SKU00166,626,N
2026-02-15,SKU00150,257,N
2026-02-15,SKU00251,515,N
2026-02-15,SKU00187,434,N
2026-02-15,SKU00131,769,N
2026-02-15,SKU00234,0,S
2026-02-15,SKU00222,333,N
2026-02-15,SKU00111,286,N
2026-02-15,SKU00115,417,N
2026-02-15,SKU00124,244,N
2026-02-15,SKU00164,20,N
2026-02-15,SKU00139,175,N
2026-02-15,SKU00240,0,S
2026-02-15,SKU00231,702,N
2026-02-15,SKU00217,0,S
2026-02-15,SKU00123,442,N
2026-02-15,SKU00127,60,N
2026-02-15,SKU00056,0,S
2026-02-15,SKU00201,147,N
2026-02-15,SKU00255,661,N
2026-02-15,SKU00083,523,N
2026-02-15,SKU00266,93,N
2026-02-15,SKU00097,158,N
2026-02-15,SKU00170,0,S
2026-02-15,SKU00007,601,N
2026-02-15,SKU00258,0,S
2026-02-15,SKU00136,0,S
2026-02-15,SKU00262,32,N
2026-02-15,SKU00274,578,N
2026-02-15,SKU00122,280,N
2026-02-15,SKU00233,324,N
2026-02-15,SKU00062,34,N
2026-02-15,SKU00263,0,S
2026-02-15,SKU00250,574,N
2026-02-15,SKU00179,598,N
2026-02-15,SKU00119,722,N
2026-02-15,SKU00022,506,N
2026-02-15,SKU00053,78,N
2026-02-22,SKU00023,557,N
2026-02-22,SKU00087,703,N
2026-02-22,SKU00165,693,N
2026-02-22,SKU00050,506,N
2026-02-22,SKU00235,639,N
2026-02-22,SKU00025,603,N
2026-02-22,SKU00141,770,N
2026-02-22,SKU00100,297,N
2026-02-22,SKU00175,435,N
2026-02-22,SKU00223,336,N
2026-02-22,SKU00014,643,N
2026-02-22,SKU00268,399,N
2026-02-22,SKU00144,570,N
2026-02-22,SKU00261,278,N
2026-02-22,SKU00109,731,N
2026-02-22,SKU00289,442,N
2026-02-22,SKU00040,708,N
2026-02-22,SKU00205,530,N
2026-02-22,SKU00099,0,S
2026-02-22,SKU00284,53,N
2026-02-22,SKU00280,338,N
2026-02-22,SKU00021,339,N
2026-02-22,SKU00091,448,N
2026-02-22,SKU00177,719,N
2026-02-22,SKU00149,603,N
2026-02-22,SKU00292,713,N
2026-02-22,SKU00006,72,N
2026-02-22,SKU00180,580,N
2026-02-22,SKU00142,712,N
2026-02-22,SKU00139,215,N
2026-02-22,SKU00225,743,N
2026-02-22,SKU00291,585,N
2026-02-22,SKU00239,297,N
2026-02-22,SKU00105,122,N
2026-02-22,SKU00265,470,N
2026-02-22,SKU00011,301,N
2026-02-22,SKU00196,672,N
2026-02-22,SKU00116,16,N
2026-02-22,SKU00114,777,N
2026-02-22,SKU00240,171,N
2026-02-22,SKU00270,630,N
2026-02-22,SKU00132,476,N
2026-02-22,SKU00018,504,N
2026-02-22,SKU00272,40,N
2026-02-22,SKU00005,642,N
2026-02-22,SKU00246,670,N
2026-02-22,SKU00112,628,N
2026-02-22,SKU00039,479,N
2026-02-22,SKU00146,0,S
2026-02-22,SKU00155,278,N
2026-02-22,SKU00224,525,N
2026-02-22,SKU00058,31,N
2026-02-22,SKU00213,129,N
2026-02-22,SKU00178,756,N
2026-02-22,SKU00179,504,N
2026-02-22,SKU00111,379,N
2026-02-22,SKU00035,64,N
2026-02-22,SKU00150,3,N
2026-02-22,SKU00241,757,N
2026-02-22,SKU00096,619,N
2026-02-22,SKU00199,493,N
2026-02-22,SKU00119,278,N
2026-02-22,SKU00153,723,N
2026-02-22,SKU00230,640,N
2026-02-22,SKU00217,124,N
2026-02-22,SKU00249,0,S
2026-02-22,SKU00162,0,S
2026-02-22,SKU00123,715,N
2026-02-22,SKU00125,126,N
2026-02-22,SKU00070,7,N
2026-02-22,SKU00001,535,N
2026-02-22,SKU00228,383,N
2026-02-22,SKU00170,376,N
2026-02-22,SKU00169,118,N
2026-02-22,SKU00054,744,N
2026-02-22,SKU00019,540,N
2026-02-22,SKU00072,67,N
2026-02-22,SKU00045,612,N
2026-02-22,SKU00069,524,N
2026-02-22,SKU00016,488,N
2026-03-01,SKU00083,437,N
2026-03-01,SKU00179,403,N
2026-03-01,SKU00073,397,N
2026-03-01,SKU00211,474,N
2026-03-01,SKU00236,736,N
2026-03-01,SKU00161,159,N
2026-03-01,SKU00038,0,S
2026-03-01,SKU00022,290,N
2026-03-01,SKU00072,127,N
2026-03-01,SKU00061,61,N
2026-03-01,SKU00266,691,N
2026-03-01,SKU00225,199,N
2026-03-01,SKU00032,751,N
2026-03-01,SKU00170,555,N
2026-03-01,SKU00230,434,N
2026-03-01,SKU00178,207,N
2026-03-01,SKU00044,134,N
2026-03-01,SKU00239,108,N
2026-03-01,SKU00283,783,N
2026-03-01,SKU00247,679,N
2026-03-01,SKU00105,216,N
2026-03-01,SKU00241,0,S
2026-03-01,SKU00110,0,S
2026-03-01,SKU00158,452,N
2026-03-01,SKU00165,503,N
2026-03-01,SKU00033,687,N
2026-03-01,SKU00052,479,N
2026-03-01,SKU00229,323,N
2026-03-01,SKU00036,336,N
2026-03-01,SKU00188,694,N
2026-03-01,SKU00173,795,N
2026-03-01,SKU00042,37,N
2026-03-01,SKU00231,794,N
2026-03-01,SKU00217,448,N
2026-03-01,SKU00152,565,N
2026-03-01,SKU00012,653,N
2026-03-01,SKU00209,227,N
2026-03-01,SKU00249,582,N
2026-03-01,SKU00106,735,N
2026-03-01,SKU00269,563,N
2026-03-01,SKU00139,241,N
2026-03-01,SKU00272,189,N
2026-03-01,SKU00066,97,N
2026-03-01,SKU00116,399,N
2026-03-01,SKU00204,82,N
2026-03-01,SKU00092,757,N
2026-03-01,SKU00210,638,N
2026-03-01,SKU00071,60,N
2026-03-01,SKU00233,687,N
2026-03-01,SKU00273,450,N
2026-03-01,SKU00243,272,N
2026-03-01,SKU00048,799,N
2026-03-01,SKU00082,318,N
2026-03-01,SKU00096,0,S
2026-03-01,SKU00098,189,N
2026-03-01,SKU00244,148,N
2026-03-01,SKU00284,619,N
2026-03-01,SKU00031,0,S
2026-03-01,SKU00227,3,N
2026-03-01,SKU00150,57,N
2026-03-01,SKU00051,0,S
2026-03-01,SKU00142,98,N
2026-03-01,SKU00169,418,N
2026-03-01,SKU00196,8,N
2026-03-01,SKU00023,183,N
2026-03-01,SKU00195,578,N
2026-03-01,SKU00289,194,N
2026-03-01,SKU00081,171,N
2026-03-01,SKU00113,570,N
2026-03-01,SKU00100,169,N
2026-03-01,SKU00201,704,N
2026-03-01,SKU00224,305,N
2026-03-01,SKU00281,728,N
2026-03-01,SKU00242,381,N
2026-03-01,SKU00017,0,S
2026-03-01,SKU00185,145,N
2026-03-01,SKU00285,0,S
2026-03-01,SKU00094,150,N
2026-03-01,SKU00182,469,N
2026-03-01,SKU00186,592,N
2026-03-08,SKU00057,0,S
2026-03-08,SKU00194,28,N
2026-03-08,SKU00267,508,N
2026-03-08,SKU00134,54,N
2026-03-08,SKU00214,793,N
2026-03-08,SKU00071,739,N
2026-03-08,SKU00025,7,N
2026-03-08,SKU00114,165,N
2026-03-08,SKU00146,150,N
2026-03-08,SKU00047,137,N
2026-03-08,SKU00095,5,N
2026-03-08,SKU00287,606,N
2026-03-08,SKU00092,459,N
2026-03-08,SKU00035,398,N
2026-03-08,SKU00173,591,N
2026-03-08,SKU00266,739,N
2026-03-08,SKU00264,285,N
2026-03-08,SKU00263,59,N
2026-03-08,SKU00291,26,N
2026-03-08,SKU00020,707,N
2026-03-08,SKU00156,299,N
2026-03-08,SKU00182,646,N
2026-03-08,SKU00075,0,S
2026-03-08,SKU00262,188,N
2026-03-08,SKU00247,772,N
2026-03-08,SKU00184,313,N
2026-03-08,SKU00283,397,N
2026-03-08,SKU00118,247,N
2026-03-08,SKU00162,585,N
2026-03-08,SKU00141,18,N
2026-03-08,SKU00200,148,N
2026-03-08,SKU00036,531,N
2026-03-08,SKU00166,689,N
2026-03-08,SKU00030,24,N
2026-03-08,SKU00113,0,S
2026-03-08,SKU00225,334,N
2026-03-08,SKU00171,497,N
2026-03-08,SKU00080,120,N
2026-03-08,SKU00155,643,N
2026-03-08,SKU00207,341,N
2026-03-08,SKU00177,20,N
2026-03-08,SKU00153,91,N
2026-03-08,SKU00060,118,N
2026-03-08,SKU00253,256,N
2026-03-08,SKU00248,265,N
2026-03-08,SKU00069,337,N
2026-03-08,SKU00138,110,N
2026-03-08,SKU00226,388,N
2026-03-08,SKU00056,170,N
2026-03-08,SKU00072,67,N
2026-03-08,SKU00136,0,S
2026-03-08,SKU00032,634,N
2026-03-08,SKU00082,655,N
2026-03-08,SKU00031,15,N
2026-03-08,SKU00277,151,N
2026-03-08,SKU00117,542,N
2026-03-08,SKU00083,797,N
2026-03-08,SKU00236,357,N
2026-03-08,SKU00167,96,N
2026-03-08,SKU00192,668,N
2026-03-08,SKU00281,790,N
2026-03-08,SKU00220,156,N
2026-03-08,SKU00105,256,N
2026-03-08,SKU00258,0,S
2026-03-08,SKU00235,222,N
2026-03-08,SKU00019,573,N
2026-03-08,SKU00249,660,N
2026-03-08,SKU00038,504,N
2026-03-08,SKU00211,435,N
2026-03-08,SKU00103,591,N
2026-03-08,SKU00154,0,S
2026-03-08,SKU00180,511,N
2026-03-08,SKU00096,264,N
2026-03-08,SKU00206,751,N
2026-03-08,SKU00174,699,N
2026-03-08,SKU00106,0,S
2026-03-08,SKU00102,207,N
2026-03-08,SKU00077,592,N
2026-03-08,SKU00222,203,N
2026-03-08,SKU00002,263,N
2026-03-15,SKU00036,517,N
2026-03-15,SKU00045,59,N
2026-03-15,SKU00223,217,N
2026-03-15,SKU00128,87,N
2026-03-15,SKU00154,443,N
2026-03-15,SKU00116,357,N
2026-03-15,SKU00122,436,N
2026-03-15,SKU00241,628,N
2026-03-15,SKU00267,346,N
2026-03-15,SKU00097,524,N
2026-03-15,SKU00077,330,N
2026-03-15,SKU00253,532,N
2026-03-15,SKU00228,327,N
2026-03-15,SKU00042,130,N
2026-03-15,SKU00039,77,N
2026-03-15,SKU00240,707,N
2026-03-15,SKU00272,575,N
2026-03-15,SKU00046,320,N
2026-03-15,SKU00175,56,N
2026-03-15,SKU00063,441,N
2026-03-15,SKU00274,624,N
2026-03-15,SKU00257,132,N
2026-03-15,SKU00255,230,N
2026-03-15,SKU00142,0,S
2026-03-15,SKU00262,200,N
2026-03-15,SKU00038,233,N
2026-03-15,SKU00068,578,N
2026-03-15,SKU00219,551,N
2026-03-15,SKU00165,108,N
2026-03-15,SKU00145,650,N
2026-03-15,SKU00090,0,S
2026-03-15,SKU00273,472,N
2026-03-15,SKU00109,24,N
2026-03-15,SKU00218,416,N
2026-03-15,SKU00035,782,N
2026-03-15,SKU00209,173,N
2026-03-15,SKU00108,589,N
2026-03-15,SKU00174,0,S
2026-03-15,SKU00126,108,N
2026-03-15,SKU00196,189,N
2026-03-15,SKU00247,552,N
2026-03-15,SKU00276,75,N
2026-03-15,SKU00114,722,N
2026-03-15,SKU00030,211,N
2026-03-15,SKU00092,577,N
2026-03-15,SKU00236,48,N
2026-03-15,SKU00254,57,N
2026-03-15,SKU00284,331,N
2026-03-15,SKU00049,195,N
2026-03-15,SKU00149,0,S
2026-03-15,SKU00013,0,S
2026-03-15,SKU00263,171,N
2026-03-15,SKU00212,415,N
2026-03-15,SKU00096,742,N
2026-03-15,SKU00166,607,N
2026-03-15,SKU00130,281,N
2026-03-15,SKU00208,43,N
2026-03-15,SKU00088,687,N
2026-03-15,SKU00031,786,N
2026-03-15,SKU00023,319,N
2026-03-15,SKU00006,736,N
2026-03-15,SKU00089,347,N
2026-03-15,SKU00243,668,N
2026-03-15,SKU00043,784,N
2026-03-15,SKU00161,610,N
2026-03-15,SKU00055,70,N
2026-03-15,SKU00052,0,S
2026-03-15,SKU00167,295,N
2026-03-15,SKU00117,150,N
2026-03-15,SKU00134,359,N
2026-03-15,SKU00202,0,S
2026-03-15,SKU00085,0,S
2026-03-15,SKU00205,588,N
2026-03-15,SKU00234,307,N
2026-03-15,SKU00005,411,N
2026-03-15,SKU00210,608,N
2026-03-15,SKU00070,577,N
2026-03-15,SKU00002,580,N
2026-03-15,SKU00250,198,N
2026-03-15,SKU00185,186,N
2026-03-22,SKU00165,317,N
2026-03-22,SKU00119,551,N
2026-03-22,SKU00167,0,S
2026-03-22,SKU00001,344,N
2026-03-22,SKU00222,587,N
2026-03-22,SKU00004,153,N
2026-03-22,SKU00130,367,N
2026-03-22,SKU00087,681,N
2026-03-22,SKU00269,262,N
2026-03-22,SKU00158,530,N
2026-03-22,SKU00285,236,N
2026-03-22,SKU00073,703,N
2026-03-22,SKU00264,214,N
2026-03-22,SKU00019,0,S
2026-03-22,SKU00017,283,N
2026-03-22,SKU00155,690,N
2026-03-22,SKU00173,468,N
2026-03-22,SKU00209,211,N
2026-03-22,SKU00159,798,N
2026-03-22,SKU00190,788,N
2026-03-22,SKU00224,773,N
2026-03-22,SKU00052,0,S
2026-03-22,SKU00115,0,S
2026-03-22,SKU00240,682,N
2026-03-22,SKU00186,88,N
2026-03-22,SKU00076,529,N
2026-03-22,SKU00135,0,S
2026-03-22,SKU00283,453,N
2026-03-22,SKU00275,613,N
2026-03-22,SKU00120,0,S
2026-03-22,SKU00251,760,N
2026-03-22,SKU00281,727,N
2026-03-22,SKU00032,546,N
2026-03-22,SKU00291,394,N
2026-03-22,SKU00214,0,S
2026-03-22,SKU00117,0,S
2026-03-22,SKU00179,110,N
2026-03-22,SKU00053,249,N
2026-03-22,SKU00270,241,N
2026-03-22,SKU00102,716,N
2026-03-22,SKU00170,0,S
2026-03-22,SKU00231,547,N
2026-03-22,SKU00078,232,N
2026-03-22,SKU00013,564,N
2026-03-22,SKU00227,663,N
2026-03-22,SKU00051,617,N
2026-03-22,SKU00096,178,N
2026-03-22,SKU00075,648,N
2026-03-22,SKU00171,483,N
2026-03-22,SKU00027,117,N
2026-03-22,SKU00200,452,N
2026-03-22,SKU00085,551,N
2026-03-22,SKU00255,19,N
2026-03-22,SKU00241,698,N
2026-03-22,SKU00072,575,N
2026-03-22,SKU00029,0,S
2026-03-22,SKU00043,795,N
2026-03-22,SKU00003,0,S
2026-03-22,SKU00211,116,N
2026-03-22,SKU00278,779,N
2026-03-22,SKU00257,393,N
2026-03-22,SKU00099,253,N
2026-03-22,SKU00112,726,N
2026-03-22,SKU00193,602,N
2026-03-22,SKU00265,401,N
2026-03-22,SKU00008,742,N
2026-03-22,SKU00235,785,N
2026-03-22,SKU00146,565,N
2026-03-22,SKU00230,593,N
2026-03-22,SKU00147,497,N
2026-03-22,SKU00290,417,N
2026-03-22,SKU00024,466,N
2026-03-22,SKU00071,0,S
2026-03-22,SKU00129,641,N
2026-03-22,SKU00201,112,N
2026-03-22,SKU00050,399,N
2026-03-22,SKU00002,18,N
2026-03-22,SKU00058,570,N
2026-03-22,SKU00094,561,N
2026-03-22,SKU00012,705,N
2026-03-29,SKU00198,796,N
2026-03-29,SKU00254,671,N
2026-03-29,SKU00046,307,N
2026-03-29,SKU00239,523,N
2026-03-29,SKU00243,257,N
2026-03-29,SKU00025,650,N
2026-03-29,SKU00241,438,N
2026-03-29,SKU00130,472,N
2026-03-29,SKU00167,248,N
2026-03-29,SKU00213,668,N
2026-03-29,SKU00049,0,S
2026-03-29,SKU00292,447,N
2026-03-29,SKU00173,578,N
2026-03-29,SKU00177,341,N
2026-03-29,SKU00251,515,N
2026-03-29,SKU00169,621,N
2026-03-29,SKU00137,0,S
2026-03-29,SKU00116,105,N
2026-03-29,SKU00235,535,N
2026-03-29,SKU00027,479,N
2026-03-29,SKU00070,708,N
2026-03-29,SKU00143,688,N
2026-03-29,SKU00122,230,N
2026-03-29,SKU00132,0,S
2026-03-29,SKU00188,181,N
2026-03-29,SKU00286,546,N
2026-03-29,SKU00115,385,N
2026-03-29,SKU00123,128,N
2026-03-29,SKU00006,35,N
2026-03-29,SKU00170,645,N
2026-03-29,SKU00014,768,N
2026-03-29,SKU00043,655,N
2026-03-29,SKU00069,607,N
2026-03-29,SKU00216,244,N
2026-03-29,SKU00209,13,N
2026-03-29,SKU00141,204,N
2026-03-29,SKU00020,426,N
2026-03-29,SKU00197,166,N
2026-03-29,SKU00071,0,S
2026-03-29,SKU00061,578,N
2026-03-29,SKU00281,440,N
2026-03-29,SKU00288,0,S
2026-03-29,SKU00007,625,N
2026-03-29,SKU00267,460,N
2026-03-29,SKU00019,579,N
2026-03-29,SKU00268,270,N
2026-03-29,SKU00098,472,N
2026-03-29,SKU00240,49,N
2026-03-29,SKU00067,793,N
2026-03-29,SKU00231,46,N
2026-03-29,SKU00114,34,N
2026-03-29,SKU00155,272,N
2026-03-29,SKU00037,0,S
2026-03-29,SKU00184,686,N
2026-03-29,SKU00035,353,N
2026-03-29,SKU00087,762,N
2026-03-29,SKU00160,216,N
2026-03-29,SKU00109,115,N
2026-03-29,SKU00161,653,N
2026-03-29,SKU00236,0,S
2026-03-29,SKU00172,495,N
2026-03-29,SKU00001,197,N
2026-03-29,SKU00120,131,N
2026-03-29,SKU00201,353,N
2026-03-29,SKU00005,203,N
2026-03-29,SKU00284,565,N
2026-03-29,SKU00179,352,N
2026-03-29,SKU00222,514,N
2026-03-29,SKU00221,0,S
2026-03-29,SKU00021,0,S
2026-03-29,SKU00280,350,N
2026-03-29,SKU00009,626,N
2026-03-29,SKU00152,20,N
2026-03-29,SKU00017,33,N
2026-03-29,SKU00010,722,N
2026-03-29,SKU00145,77,N
2026-03-29,SKU00107,527,N
2026-03-29,SKU00030,176,N
2026-03-29,SKU00084,50,N
2026-03-29,SKU00259,624,N
2026-04-05,SKU00097,132,N
2026-04-05,SKU00168,431,N
2026-04-05,SKU00234,63,N
2026-04-05,SKU00170,337,N
2026-04-05,SKU00083,106,N
2026-04-05,SKU00235,524,N
2026-04-05,SKU00141,0,S
2026-04-05,SKU00057,627,N
2026-04-05,SKU00022,710,N
2026-04-05,SKU00253,352,N
2026-04-05,SKU00029,613,N
2026-04-05,SKU00239,0,S
2026-04-05,SKU00002,0,S
2026-04-05,SKU00094,148,N
2026-04-05,SKU00169,319,N
2026-04-05,SKU00026,281,N
2026-04-05,SKU00277,781,N
2026-04-05,SKU00276,674,N
2026-04-05,SKU00245,175,N
2026-04-05,SKU00288,1,N
2026-04-05,SKU00055,562,N
2026-04-05,SKU00079,0,S
2026-04-05,SKU00249,0,S
2026-04-05,SKU00122,595,N
2026-04-05,SKU00113,434,N
2026-04-05,SKU00120,0,S
2026-04-05,SKU00275,0,S
2026-04-05,SKU00278,107,N
2026-04-05,SKU00200,142,N
2026-04-05,SKU00025,676,N
2026-04-05,SKU00106,567,N
2026-04-05,SKU00046,725,N
2026-04-05,SKU00086,773,N
2026-04-05,SKU00175,155,N
2026-04-05,SKU00017,394,N
2026-04-05,SKU00179,0,S
2026-04-05,SKU00084,367,N
2026-04-05,SKU00068,34,N
2026-04-05,SKU00071,669,N
2026-04-05,SKU00077,277,N
2026-04-05,SKU00111,694,N
2026-04-05,SKU00274,748,N
2026-04-05,SKU00112,135,N
2026-04-05,SKU00196,80,N
2026-04-05,SKU00181,769,N
2026-04-05,SKU00039,0,S
2026-04-05,SKU00035,252,N
2026-04-05,SKU00199,0,S
2026-04-05,SKU00261,635,N
2026-04-05,SKU00240,748,N
2026-04-05,SKU00007,121,N
2026-04-05,SKU00042,402,N
2026-04-05,SKU00180,0,S
2026-04-05,SKU00188,392,N
2026-04-05,SKU00031,106,N
2026-04-05,SKU00232,0,S
2026-04-05,SKU00211,431,N
2026-04-05,SKU00156,340,N
2026-04-05,SKU00047,484,N
2026-04-05,SKU00058,608,N
2026-04-05,SKU00049,416,N
2026-04-05,SKU00208,386,N
2026-04-05,SKU00108,618,N
2026-04-05,SKU00076,769,N
2026-04-05,SKU00207,360,N
2026-04-05,SKU00266,545,N
2026-04-05,SKU00204,0,S
2026-04-05,SKU00006,333,N
2026-04-05,SKU00093,744,N
2026-04-05,SKU00222,402,N
2026-04-05,SKU00165,311,N
2026-04-05,SKU00137,560,N
2026-04-05,SKU00213,734,N
2026-04-05,SKU00252,531,N
2026-04-05,SKU00163,0,S
2026-04-05,SKU00018,242,N
2026-04-05,SKU00008,555,N
2026-04-05,SKU00263,618,N
2026-04-05,SKU00074,554,N
2026-04-05,SKU00195,614,N
2026-04-12,SKU00043,486,N
2026-04-12,SKU00240,0,S
2026-04-12,SKU00148,533,N
2026-04-12,SKU00033,255,N
2026-04-12,SKU00236,493,N
2026-04-12,SKU00237,491,N
2026-04-12,SKU00207,631,N
2026-04-12,SKU00139,0,S
2026-04-12,SKU00079,538,N
2026-04-12,SKU00223,702,N
2026-04-12,SKU00182,751,N
2026-04-12,SKU00020,122,N
2026-04-12,SKU00134,741,N
2026-04-12,SKU00209,326,N
2026-04-12,SKU00138,430,N
2026-04-12,SKU00103,268,N
2026-04-12,SKU00098,789,N
2026-04-12,SKU00249,601,N
2026-04-12,SKU00169,344,N
2026-04-12,SKU00158,28,N
2026-04-12,SKU00234,627,N
2026-04-12,SKU00136,544,N
2026-04-12,SKU00055,732,N
2026-04-12,SKU00174,0,S
2026-04-12,SKU00058,372,N
2026-04-12,SKU00137,95,N
2026-04-12,SKU00117,314,N
2026-04-12,SKU00290,382,N
2026-04-12,SKU00154,8,N
2026-04-12,SKU00107,638,N
2026-04-12,SKU00048,315,N
2026-04-12,SKU00193,568,N
2026-04-12,SKU00211,735,N
2026-04-12,SKU00187,760,N
2026-04-12,SKU00272,321,N
2026-04-12,SKU00189,561,N
2026-04-12,SKU00171,380,N
2026-04-12,SKU00191,596,N
2026-04-12,SKU00016,260,N
2026-04-12,SKU00037,203,N
2026-04-12,SKU00091,601,N
2026-04-12,SKU00142,749,N
2026-04-12,SKU00008,694,N
2026-04-12,SKU00222,337,N
2026-04-12,SKU00205,658,N
2026-04-12,SKU00140,400,N
2026-04-12,SKU00163,627,N
2026-04-12,SKU00188,424,N
2026-04-12,SKU00262,203,N
2026-04-12,SKU00035,474,N
2026-04-12,SKU00078,677,N
2026-04-12,SKU00265,371,N
2026-04-12,SKU00242,478,N
2026-04-12,SKU00282,114,N
2026-04-12,SKU00120,69,N
2026-04-12,SKU00228,793,N
2026-04-12,SKU00229,0,S
2026-04-12,SKU00284,310,N
2026-04-12,SKU00250,434,N
2026-04-12,SKU00013,140,N
2026-04-12,SKU00261,577,N
2026-04-12,SKU00258,513,N
2026-04-12,SKU00147,363,N
2026-04-12,SKU00144,243,N
2026-04-12,SKU00006,781,N
2026-04-12,SKU00004,215,N
2026-04-12,SKU00157,289,N
2026-04-12,SKU00110,397,N
2026-04-12,SKU00248,117,N
2026-04-12,SKU00152,250,N
2026-04-12,SKU00010,0,S
2026-04-12,SKU00038,401,N
2026-04-12,SKU00226,547,N
2026-04-12,SKU00044,26,N
2026-04-12,SKU00274,0,S
2026-04-12,SKU00195,368,N
2026-04-12,SKU00047,0,S
2026-04-12,SKU00206,262,N
2026-04-12,SKU00090,322,N
2026-04-12,SKU00012,81,N
2026-04-19,SKU00137,194,N
2026-04-19,SKU00256,675,N
2026-04-19,SKU00124,649,N
2026-04-19,SKU00201,0,S
2026-04-19,SKU00242,367,N
2026-04-19,SKU00166,308,N
2026-04-19,SKU00033,595,N
2026-04-19,SKU00215,640,N
2026-04-19,SKU00280,0,S
2026-04-19,SKU00040,595,N
2026-04-19,SKU00225,799,N
2026-04-19,SKU00252,62,N
2026-04-19,SKU00062,785,N
2026-04-19,SKU00057,376,N
2026-04-19,SKU00184,253,N
2026-04-19,SKU00146,397,N
2026-04-19,SKU00010,598,N
2026-04-19,SKU00250,135,N
2026-04-19,SKU00027,580,N
2026-04-19,SKU00221,153,N
2026-04-19,SKU00286,416,N
2026-04-19,SKU00248,71,N
2026-04-19,SKU00168,0,S
2026-04-19,SKU00145,685,N
2026-04-19,SKU00191,0,S
2026-04-19,SKU00048,0,S
2026-04-19,SKU00023,264,N
2026-04-19,SKU00011,525,N
2026-04-19,SKU00207,655,N
2026-04-19,SKU00210,790,N
2026-04-19,SKU00067,469,N
2026-04-19,SKU00232,0,S
2026-04-19,SKU00209,508,N
2026-04-19,SKU00071,151,N
2026-04-19,SKU00012,41,N
2026-04-19,SKU00161,267,N
2026-04-19,SKU00139,47,N
2026-04-19,SKU00229,331,N
2026-04-19,SKU00159,396,N
2026-04-19,SKU00278,0,S
2026-04-19,SKU00187,0,S
2026-04-19,SKU00216,0,S
2026-04-19,SKU00279,92,N
2026-04-19,SKU00038,422,N
2026-04-19,SKU00129,79,N
2026-04-19,SKU00009,439,N
2026-04-19,SKU00142,560,N
2026-04-19,SKU00021,581,N
2026-04-19,SKU00138,388,N
2026-04-19,SKU00182,723,N
2026-04-19,SKU00169,252,N
2026-04-19,SKU00130,422,N
2026-04-19,SKU00103,621,N
2026-04-19,SKU00134,0,S
2026-04-19,SKU00060,0,S
2026-04-19,SKU00065,565,N
2026-04-19,SKU00051,0,S
2026-04-19,SKU00148,667,N
2026-04-19,SKU00106,736,N
2026-04-19,SKU00271,741,N
2026-04-19,SKU00269,0,S
2026-04-19,SKU00285,564,N
2026-04-19,SKU00208,702,N
2026-04-19,SKU00049,0,S
2026-04-19,SKU00083,669,N
2026-04-19,SKU00194,595,N
2026-04-19,SKU00141,0,S
2026-04-19,SKU00189,728,N
2026-04-19,SKU00053,257,N
2026-04-19,SKU00097,36,N
2026-04-19,SKU00109,249,N
2026-04-19,SKU00140,547,N
2026-04-19,SKU00001,699,N
2026-04-19,SKU00045,155,N
2026-04-19,SKU00024,457,N
2026-04-19,SKU00154,155,N
2026-04-19,SKU00268,29,N
2026-04-19,SKU00291,23,N
2026-04-19,SKU00153,507,N
2026-04-19,SKU00079,606,N
2026-04-26,SKU00255,460,N
2026-04-26,SKU00035,47,N
2026-04-26,SKU00168,230,N
2026-04-26,SKU00072,251,N
2026-04-26,SKU00077,439,N
2026-04-26,SKU00129,685,N
2026-04-26,SKU00150,398,N
2026-04-26,SKU00118,185,N
2026-04-26,SKU00280,595,N
2026-04-26,SKU00161,572,N
2026-04-26,SKU00286,558,N
2026-04-26,SKU00115,16,N
2026-04-26,SKU00231,0,S
2026-04-26,SKU00269,778,N
2026-04-26,SKU00158,0,S
2026-04-26,SKU00207,61,N
2026-04-26,SKU00152,693,N
2026-04-26,SKU00227,444,N
2026-04-26,SKU00058,542,N
2026-04-26,SKU00136,224,N
2026-04-26,SKU00070,525,N
2026-04-26,SKU00186,296,N
2026-04-26,SKU00052,224,N
2026-04-26,SKU00018,293,N
2026-04-26,SKU00079,184,N
2026-04-26,SKU00125,556,N
2026-04-26,SKU00128,0,S
2026-04-26,SKU00172,607,N
2026-04-26,SKU00209,204,N
2026-04-26,SKU00192,234,N
2026-04-26,SKU00002,126,N
2026-04-26,SKU00086,564,N
2026-04-26,SKU00001,703,N
2026-04-26,SKU00160,421,N
2026-04-26,SKU00060,0,S
2026-04-26,SKU00148,408,N
2026-04-26,SKU00233,595,N
2026-04-26,SKU00088,175,N
2026-04-26,SKU00204,208,N
2026-04-26,SKU00289,480,N
2026-04-26,SKU00274,54,N
2026-04-26,SKU00147,301,N
2026-04-26,SKU00093,684,N
2026-04-26,SKU00159,573,N
2026-04-26,SKU00019,0,S
2026-04-26,SKU00236,267,N
2026-04-26,SKU00175,287,N
2026-04-26,SKU00124,306,N
2026-04-26,SKU00031,286,N
2026-04-26,SKU00029,0,S
2026-04-26,SKU00036,655,N
2026-04-26,SKU00154,107,N
2026-04-26,SKU00285,93,N
2026-04-26,SKU00131,689,N
2026-04-26,SKU00189,468,N
2026-04-26,SKU00059,709,N
2026-04-26,SKU00291,482,N
2026-04-26,SKU00138,597,N
2026-04-26,SKU00246,700,N
2026-04-26,SKU00258,131,N
2026-04-26,SKU00103,48,N
2026-04-26,SKU00022,264,N
2026-04-26,SKU00210,420,N
2026-04-26,SKU00045,281,N
2026-04-26,SKU00020,593,N
2026-04-26,SKU00017,585,N
2026-04-26,SKU00265,53,N
2026-04-26,SKU00263,745,N
2026-04-26,SKU00219,143,N
2026-04-26,SKU00014,202,N
2026-04-26,SKU00084,342,N
2026-04-26,SKU00195,707,N
2026-04-26,SKU00218,60,N
2026-04-26,SKU00085,430,N
2026-04-26,SKU00137,273,N
2026-04-26,SKU00032,121,N
2026-04-26,SKU00051,567,N
2026-04-26,SKU00087,789,N
2026-04-26,SKU00281,174,N
2026-04-26,SKU00101,0,S
2026-05-03,SKU00011,656,N
2026-05-03,SKU00288,746,N
2026-05-03,SKU00033,84,N
2026-05-03,SKU00266,107,N
2026-05-03,SKU00076,318,N
2026-05-03,SKU00065,265,N
2026-05-03,SKU00176,0,S
2026-05-03,SKU00201,250,N
2026-05-03,SKU00265,465,N
2026-05-03,SKU00102,420,N
2026-05-03,SKU00260,676,N
2026-05-03,SKU00194,47,N
2026-05-03,SKU00271,567,N
2026-05-03,SKU00156,483,N
2026-05-03,SKU00167,454,N
2026-05-03,SKU00197,60,N
2026-05-03,SKU00071,234,N
2026-05-03,SKU00060,127,N
2026-05-03,SKU00153,234,N
2026-05-03,SKU00249,90,N
2026-05-03,SKU00230,752,N
2026-05-03,SKU00143,237,N
2026-05-03,SKU00001,582,N
2026-05-03,SKU00116,671,N
2026-05-03,SKU00117,626,N
2026-05-03,SKU00277,19,N
2026-05-03,SKU00261,710,N
2026-05-03,SKU00193,91,N
2026-05-03,SKU00046,0,S
2026-05-03,SKU00095,791,N
2026-05-03,SKU00209,308,N
2026-05-03,SKU00040,645,N
2026-05-03,SKU00178,138,N
2026-05-03,SKU00045,67,N
2026-05-03,SKU00027,249,N
2026-05-03,SKU00221,164,N
2026-05-03,SKU00243,443,N
2026-05-03,SKU00082,564,N
2026-05-03,SKU00192,784,N
2026-05-03,SKU00275,380,N
2026-05-03,SKU00141,259,N
2026-05-03,SKU00138,384,N
2026-05-03,SKU00270,755,N
2026-05-03,SKU00100,531,N
2026-05-03,SKU00154,0,S
2026-05-03,SKU00084,768,N
2026-05-03,SKU00173,257,N
2026-05-03,SKU00166,271,N
2026-05-03,SKU00013,138,N
2026-05-03,SKU00128,500,N
2026-05-03,SKU00281,111,N
2026-05-03,SKU00257,63,N
2026-05-03,SKU00171,455,N
2026-05-03,SKU00134,0,S
2026-05-03,SKU00093,438,N
2026-05-03,SKU00160,0,S
2026-05-03,SKU00212,2,N
2026-05-03,SKU00087,767,N
2026-05-03,SKU00074,198,N
2026-05-03,SKU00053,530,N
2026-05-03,SKU00269,322,N
2026-05-03,SKU00028,224,N
2026-05-03,SKU00094,173,N
2026-05-03,SKU00097,148,N
2026-05-03,SKU00122,72,N
2026-05-03,SKU00253,272,N
2026-05-03,SKU00142,85,N
2026-05-03,SKU00111,16,N
2026-05-03,SKU00121,561,N
2026-05-03,SKU00242,5,N
2026-05-03,SKU00124,0,S
2026-05-03,SKU00239,381,N
2026-05-03,SKU00224,329,N
2026-05-03,SKU00014,134,N
2026-05-03,SKU00157,568,N
2026-05-03,SKU00184,130,N
2026-05-03,SKU00073,207,N
2026-05-03,SKU00145,318,N
2026-05-03,SKU00127,98,N
2026-05-03,SKU00032,0,S
2026-05-10,SKU00145,0,S
2026-05-10,SKU00177,32,N
2026-05-10,SKU00025,0,S
2026-05-10,SKU00140,406,N
2026-05-10,SKU00227,0,S
2026-05-10,SKU00017,64,N
2026-05-10,SKU00279,133,N
2026-05-10,SKU00286,223,N
2026-05-10,SKU00235,0,S
2026-05-10,SKU00218,153,N
2026-05-10,SKU00091,347,N
2026-05-10,SKU00103,766,N
2026-05-10,SKU00173,666,N
2026-05-10,SKU00249,719,N
2026-05-10,SKU00244,453,N
2026-05-10,SKU00275,453,N
2026-05-10,SKU00291,562,N
2026-05-10,SKU00016,550,N
2026-05-10,SKU00157,644,N
2026-05-10,SKU00233,0,S
2026-05-10,SKU00034,429,N
2026-05-10,SKU00122,304,N
2026-05-10,SKU00112,153,N
2026-05-10,SKU00232,661,N
2026-05-10,SKU00166,171,N
2026-05-10,SKU00176,0,S
2026-05-10,SKU00109,0,S
2026-05-10,SKU00206,121,N
2026-05-10,SKU00066,424,N
2026-05-10,SKU00234,414,N
2026-05-10,SKU00046,26,N
2026-05-10,SKU00026,0,S
2026-05-10,SKU00004,391,N
2026-05-10,SKU00048,228,N
2026-05-10,SKU00024,39,N
2026-05-10,SKU00240,236,N
2026-05-10,SKU00164,557,N
2026-05-10,SKU00018,241,N
2026-05-10,SKU00117,106,N
2026-05-10,SKU00289,507,N
2026-05-10,SKU00021,187,N
2026-05-10,SKU00064,650,N
2026-05-10,SKU00204,482,N
2026-05-10,SKU00084,248,N
2026-05-10,SKU00252,730,N
2026-05-10,SKU00155,281,N
2026-05-10,SKU00201,502,N
2026-05-10,SKU00147,114,N
2026-05-10,SKU00120,360,N
2026-05-10,SKU00087,140,N
2026-05-10,SKU00185,190,N
2026-05-10,SKU00010,376,N
2026-05-10,SKU00023,64,N
2026-05-10,SKU00210,472,N
2026-05-10,SKU00116,378,N
2026-05-10,SKU00089,300,N
2026-05-10,SKU00251,693,N
2026-05-10,SKU00031,28,N
2026-05-10,SKU00172,621,N
2026-05-10,SKU00127,673,N
2026-05-10,SKU00287,664,N
2026-05-10,SKU00044,678,N
2026-05-10,SKU00256,221,N
2026-05-10,SKU00007,443,N
2026-05-10,SKU00055,0,S
2026-05-10,SKU00202,341,N
2026-05-10,SKU00230,386,N
2026-05-10,SKU00197,0,S
2026-05-10,SKU00273,232,N
2026-05-10,SKU00078,220,N
2026-05-10,SKU00014,509,N
2026-05-10,SKU00134,6,N
2026-05-10,SKU00175,25,N
2026-05-10,SKU00260,698,N
2026-05-10,SKU00035,683,N
2026-05-10,SKU00059,640,N
2026-05-10,SKU00158,536,N
2026-05-10,SKU00168,769,N
2026-05-10,SKU00150,563,N
2026-05-10,SKU00027,530,N
2026-05-17,SKU00278,468,N
2026-05-17,SKU00191,0,S
2026-05-17,SKU00166,742,N
2026-05-17,SKU00179,556,N
2026-05-17,SKU00008,414,N
2026-05-17,SKU00088,15,N
2026-05-17,SKU00230,0,S
2026-05-17,SKU00181,471,N
2026-05-17,SKU00029,250,N
2026-05-17,SKU00263,214,N
2026-05-17,SKU00149,208,N
2026-05-17,SKU00227,342,N
2026-05-17,SKU00219,215,N
2026-05-17,SKU00243,2,N
2026-05-17,SKU00208,181,N
2026-05-17,SKU00269,477,N
2026-05-17,SKU00171,558,N
2026-05-17,SKU00186,0,S
2026-05-17,SKU00084,159,N
2026-05-17,SKU00152,244,N
2026-05-17,SKU00262,186,N
2026-05-17,SKU00251,28,N
2026-05-17,SKU00072,498,N
2026-05-17,SKU00104,5,N
2026-05-17,SKU00228,304,N
2026-05-17,SKU00096,525,N
2026-05-17,SKU00215,25,N
2026-05-17,SKU00109,0,S
2026-05-17,SKU00015,195,N
2026-05-17,SKU00134,607,N
2026-05-17,SKU00011,85,N
2026-05-17,SKU00216,456,N
2026-05-17,SKU00024,244,N
2026-05-17,SKU00064,577,N
2026-05-17,SKU00061,468,N
2026-05-17,SKU00272,412,N
2026-05-17,SKU00120,686,N
2026-05-17,SKU00190,355,N
2026-05-17,SKU00242,462,N
2026-05-17,SKU00013,606,N
2026-05-17,SKU00279,594,N
2026-05-17,SKU00133,189,N
2026-05-17,SKU00250,652,N
2026-05-17,SKU00117,338,N
2026-05-17,SKU00097,368,N
2026-05-17,SKU00130,701,N
2026-05-17,SKU00221,656,N
2026-05-17,SKU00282,661,N
2026-05-17,SKU00080,705,N
2026-05-17,SKU00261,625,N
2026-05-17,SKU00184,656,N
2026-05-17,SKU00050,142,N
2026-05-17,SKU00203,732,N
2026-05-17,SKU00214,766,N
2026-05-17,SKU00083,96,N
2026-05-17,SKU00034,405,N
2026-05-17,SKU00065,144,N
2026-05-17,SKU00285,558,N
2026-05-17,SKU00091,285,N
2026-05-17,SKU00241,739,N
2026-05-17,SKU00092,709,N
2026-05-17,SKU00101,0,S
2026-05-17,SKU00212,27,N
2026-05-17,SKU00081,79,N
2026-05-17,SKU00164,67,N
2026-05-17,SKU00131,730,N
2026-05-17,SKU00128,182,N
2026-05-17,SKU00022,473,N
2026-05-17,SKU00030,192,N
2026-05-17,SKU00032,660,N
2026-05-17,SKU00259,0,S
2026-05-17,SKU00127,158,N
2026-05-17,SKU00224,27,N
2026-05-17,SKU00052,676,N
2026-05-17,SKU00192,354,N
2026-05-17,SKU00078,73,N
2026-05-17,SKU00137,195,N
2026-05-17,SKU00163,221,N
2026-05-17,SKU00066,676,N
2026-05-17,SKU00239,337,N
2026-05-24,SKU00182,303,N
2026-05-24,SKU00053,0,S
2026-05-24,SKU00104,764,N
2026-05-24,SKU00183,103,N
2026-05-24,SKU00273,259,N
2026-05-24,SKU00008,0,S
2026-05-24,SKU00218,446,N
2026-05-24,SKU00073,385,N
2026-05-24,SKU00220,719,N
2026-05-24,SKU00115,607,N
2026-05-24,SKU00191,235,N
2026-05-24,SKU00081,293,N
2026-05-24,SKU00251,161,N
2026-05-24,SKU00165,724,N
2026-05-24,SKU00065,659,N
2026-05-24,SKU00131,284,N
2026-05-24,SKU00281,0,S
2026-05-24,SKU00075,141,N
2026-05-24,SKU00047,456,N
2026-05-24,SKU00135,19,N
2026-05-24,SKU00166,130,N
2026-05-24,SKU00122,434,N
2026-05-24,SKU00163,220,N
2026-05-24,SKU00072,0,S
2026-05-24,SKU00042,459,N
2026-05-24,SKU00286,235,N
2026-05-24,SKU00229,74,N
2026-05-24,SKU00143,429,N
2026-05-24,SKU00211,115,N
2026-05-24,SKU00089,15,N
2026-05-24,SKU00066,134,N
2026-05-24,SKU00170,0,S
2026-05-24,SKU00267,472,N
2026-05-24,SKU00180,35,N
2026-05-24,SKU00018,51,N
2026-05-24,SKU00224,0,S
2026-05-24,SKU00161,231,N
2026-05-24,SKU00125,675,N
2026-05-24,SKU00070,690,N
2026-05-24,SKU00067,0,S
2026-05-24,SKU00098,121,N
2026-05-24,SKU00022,0,S
2026-05-24,SKU00292,521,N
2026-05-24,SKU00130,680,N
2026-05-24,SKU00156,87,N
2026-05-24,SKU00045,745,N
2026-05-24,SKU00011,99,N
2026-05-24,SKU00090,306,N
2026-05-24,SKU00079,343,N
2026-05-24,SKU00096,671,N
2026-05-24,SKU00240,73,N
2026-05-24,SKU00054,78,N
2026-05-24,SKU00150,622,N
2026-05-24,SKU00210,500,N
2026-05-24,SKU00140,294,N
2026-05-24,SKU00014,495,N
2026-05-24,SKU00198,129,N
2026-05-24,SKU00275,540,N
2026-05-24,SKU00155,588,N
2026-05-24,SKU00105,167,N
2026-05-24,SKU00005,0,S
2026-05-24,SKU00217,0,S
2026-05-24,SKU00068,147,N
2026-05-24,SKU00178,411,N
2026-05-24,SKU00254,0,S
2026-05-24,SKU00259,754,N
2026-05-24,SKU00277,232,N
2026-05-24,SKU00213,457,N
2026-05-24,SKU00128,211,N
2026-05-24,SKU00091,150,N
2026-05-24,SKU00084,537,N
2026-05-24,SKU00272,578,N
2026-05-24,SKU00189,593,N
2026-05-24,SKU00021,234,N
2026-05-24,SKU00236,611,N
2026-05-24,SKU00063,0,S
2026-05-24,SKU00038,302,N
2026-05-24,SKU00077,637,N
2026-05-24,SKU00243,583,N
2026-05-24,SKU00001,604,N
2026-05-31,SKU00069,289,N
2026-05-31,SKU00008,791,N
2026-05-31,SKU00145,0,S
2026-05-31,SKU00100,85,N
2026-05-31,SKU00261,680,N
2026-05-31,SKU00089,265,N
2026-05-31,SKU00068,594,N
2026-05-31,SKU00065,178,N
2026-05-31,SKU00282,124,N
2026-05-31,SKU00262,303,N
2026-05-31,SKU00151,725,N
2026-05-31,SKU00169,0,S
2026-05-31,SKU00146,63,N
2026-05-31,SKU00112,434,N
2026-05-31,SKU00279,793,N
2026-05-31,SKU00035,796,N
2026-05-31,SKU00286,487,N
2026-05-31,SKU00216,600,N
2026-05-31,SKU00092,530,N
2026-05-31,SKU00283,394,N
2026-05-31,SKU00102,378,N
2026-05-31,SKU00118,469,N
2026-05-31,SKU00281,0,S
2026-05-31,SKU00264,0,S
2026-05-31,SKU00214,327,N
2026-05-31,SKU00175,192,N
2026-05-31,SKU00134,158,N
2026-05-31,SKU00144,178,N
2026-05-31,SKU00153,783,N
2026-05-31,SKU00084,479,N
2026-05-31,SKU00206,299,N
2026-05-31,SKU00041,453,N
2026-05-31,SKU00230,256,N
2026-05-31,SKU00220,30,N
2026-05-31,SKU00139,0,S
2026-05-31,SKU00021,236,N
2026-05-31,SKU00128,796,N
2026-05-31,SKU00174,0,S
2026-05-31,SKU00101,247,N
2026-05-31,SKU00094,126,N
2026-05-31,SKU00203,331,N
2026-05-31,SKU00034,470,N
2026-05-31,SKU00074,483,N
2026-05-31,SKU00285,416,N
2026-05-31,SKU00184,502,N
2026-05-31,SKU00228,704,N
2026-05-31,SKU00194,661,N
2026-05-31,SKU00249,385,N
2026-05-31,SKU00059,0,S
2026-05-31,SKU00187,0,S
2026-05-31,SKU00064,340,N
2026-05-31,SKU00130,739,N
2026-05-31,SKU00048,594,N
2026-05-31,SKU00165,618,N
2026-05-31,SKU00129,413,N
2026-05-31,SKU00212,316,N
2026-05-31,SKU00004,98,N
2026-05-31,SKU00087,0,S
2026-05-31,SKU00081,47,N
2026-05-31,SKU00096,0,S
2026-05-31,SKU00219,393,N
2026-05-31,SKU00135,166,N
2026-05-31,SKU00291,557,N
2026-05-31,SKU00140,499,N
2026-05-31,SKU00058,738,N
2026-05-31,SKU00014,65,N
2026-05-31,SKU00137,209,N
2026-05-31,SKU00045,637,N
2026-05-31,SKU00072,228,N
2026-05-31,SKU00093,532,N
2026-05-31,SKU00272,401,N
2026-05-31,SKU00162,484,N
2026-05-31,SKU00018,408,N
2026-05-31,SKU00173,420,N
2026-05-31,SKU00191,526,N
2026-05-31,SKU00161,634,N
2026-05-31,SKU00241,28,N
2026-05-31,SKU00199,413,N
2026-05-31,SKU00075,55,N
2026-05-31,SKU00253,653,N
2026-06-07,SKU00077,0,S
2026-06-07,SKU00263,687,N
2026-06-07,SKU00111,514,N
2026-06-07,SKU00158,523,N
2026-06-07,SKU00286,169,N
2026-06-07,SKU00054,0,S
2026-06-07,SKU00157,771,N
2026-06-07,SKU00057,276,N
2026-06-07,SKU00079,513,N
2026-06-07,SKU00118,346,N
2026-06-07,SKU00135,551,N
2026-06-07,SKU00212,752,N
2026-06-07,SKU00144,558,N
2026-06-07,SKU00267,531,N
2026-06-07,SKU00121,656,N
2026-06-07,SKU00275,593,N
2026-06-07,SKU00119,605,N
2026-06-07,SKU00012,0,S
2026-06-07,SKU00051,259,N
2026-06-07,SKU00249,610,N
2026-06-07,SKU00287,145,N
2026-06-07,SKU00165,600,N
2026-06-07,SKU00049,0,S
2026-06-07,SKU00171,23,N
2026-06-07,SKU00176,380,N
2026-06-07,SKU00014,222,N
2026-06-07,SKU00001,333,N
2026-06-07,SKU00175,0,S
2026-06-07,SKU00200,0,S
2026-06-07,SKU00289,0,S
2026-06-07,SKU00122,138,N
2026-06-07,SKU00095,46,N
2026-06-07,SKU00112,527,N
2026-06-07,SKU00068,484,N
2026-06-07,SKU00041,658,N
2026-06-07,SKU00278,118,N
2026-06-07,SKU00133,122,N
2026-06-07,SKU00241,669,N
2026-06-07,SKU00246,658,N
2026-06-07,SKU00064,0,S
2026-06-07,SKU00006,334,N
2026-06-07,SKU00130,784,N
2026-06-07,SKU00038,414,N
2026-06-07,SKU00021,235,N
2026-06-07,SKU00125,447,N
2026-06-07,SKU00073,210,N
2026-06-07,SKU00109,463,N
2026-06-07,SKU00035,190,N
2026-06-07,SKU00220,707,N
2026-06-07,SKU00028,0,S
2026-06-07,SKU00194,613,N
2026-06-07,SKU00008,688,N
2026-06-07,SKU00280,237,N
2026-06-07,SKU00048,306,N
2026-06-07,SKU00217,189,N
2026-06-07,SKU00264,524,N
2026-06-07,SKU00182,0,S
2026-06-07,SKU00080,0,S
2026-06-07,SKU00078,665,N
2026-06-07,SKU00106,288,N
2026-06-07,SKU00198,0,S
2026-06-07,SKU00017,701,N
2026-06-07,SKU00151,171,N
2026-06-07,SKU00085,0,S
2026-06-07,SKU00070,517,N
2026-06-07,SKU00132,24,N
2026-06-07,SKU00113,128,N
2026-06-07,SKU00160,0,S
2026-06-07,SKU00247,258,N
2026-06-07,SKU00216,354,N
2026-06-07,SKU00124,494,N
2026-06-07,SKU00168,683,N
2026-06-07,SKU00214,416,N
2026-06-07,SKU00270,356,N
2026-06-07,SKU00024,518,N
2026-06-07,SKU00015,226,N
2026-06-07,SKU00061,0,S
2026-06-07,SKU00032,364,N
2026-06-07,SKU00142,514,N
2026-06-07,SKU00046,208,N
2026-06-14,SKU00003,415,N
2026-06-14,SKU00133,661,N
2026-06-14,SKU00186,49,N
2026-06-14,SKU00228,261,N
2026-06-14,SKU00058,196,N
2026-06-14,SKU00205,796,N
2026-06-14,SKU00223,553,N
2026-06-14,SKU00193,463,N
2026-06-14,SKU00253,209,N
2026-06-14,SKU00189,155,N
2026-06-14,SKU00248,567,N
2026-06-14,SKU00281,500,N
2026-06-14,SKU00127,789,N
2026-06-14,SKU00214,413,N
2026-06-14,SKU00164,0,S
2026-06-14,SKU00046,81,N
2026-06-14,SKU00259,0,S
2026-06-14,SKU00261,394,N
2026-06-14,SKU00076,180,N
2026-06-14,SKU00227,743,N
2026-06-14,SKU00072,761,N
2026-06-14,SKU00038,240,N
2026-06-14,SKU00080,490,N
2026-06-14,SKU00187,217,N
2026-06-14,SKU00091,634,N
2026-06-14,SKU00036,676,N
2026-06-14,SKU00185,276,N
2026-06-14,SKU00272,311,N
2026-06-14,SKU00009,370,N
2026-06-14,SKU00005,362,N
2026-06-14,SKU00049,107,N
2026-06-14,SKU00128,737,N
2026-06-14,SKU00158,361,N
2026-06-14,SKU00160,552,N
2026-06-14,SKU00019,289,N
2026-06-14,SKU00238,86,N
2026-06-14,SKU00143,684,N
2026-06-14,SKU00247,579,N
2026-06-14,SKU00068,490,N
2026-06-14,SKU00262,766,N
2026-06-14,SKU00041,20,N
2026-06-14,SKU00176,228,N
2026-06-14,SKU00144,583,N
2026-06-14,SKU00172,600,N
2026-06-14,SKU00030,218,N
2026-06-14,SKU00149,118,N
2026-06-14,SKU00028,665,N
2026-06-14,SKU00151,178,N
2026-06-14,SKU00062,427,N
2026-06-14,SKU00006,742,N
2026-06-14,SKU00017,630,N
2026-06-14,SKU00231,283,N
2026-06-14,SKU00237,793,N
2026-06-14,SKU00095,786,N
2026-06-14,SKU00256,634,N
2026-06-14,SKU00123,125,N
2026-06-14,SKU00208,600,N
2026-06-14,SKU00192,373,N
2026-06-14,SKU00063,453,N
2026-06-14,SKU00170,108,N
2026-06-14,SKU00039,320,N
2026-06-14,SKU00079,646,N
2026-06-14,SKU00218,336,N
2026-06-14,SKU00031,601,N
2026-06-14,SKU00132,231,N
2026-06-14,SKU00113,214,N
2026-06-14,SKU00209,572,N
2026-06-14,SKU00032,635,N
2026-06-14,SKU00175,517,N
2026-06-14,SKU00051,245,N
2026-06-14,SKU00277,749,N
2026-06-14,SKU00235,0,S
2026-06-14,SKU00196,431,N
2026-06-14,SKU00239,61,N
2026-06-14,SKU00264,690,N
2026-06-14,SKU00020,552,N
2026-06-14,SKU00053,670,N
2026-06-14,SKU00178,0,S
2026-06-14,SKU00073,530,N
2026-06-14,SKU00066,540,N
2026-06-21,SKU00206,295,N
2026-06-21,SKU00205,507,N
2026-06-21,SKU00138,631,N
2026-06-21,SKU00073,253,N
2026-06-21,SKU00087,15,N
2026-06-21,SKU00100,712,N
2026-06-21,SKU00255,542,N
2026-06-21,SKU00273,787,N
2026-06-21,SKU00239,414,N
2026-06-21,SKU00122,216,N
2026-06-21,SKU00034,781,N
2026-06-21,SKU00047,536,N
2026-06-21,SKU00243,0,S
2026-06-21,SKU00233,380,N
2026-06-21,SKU00216,426,N
2026-06-21,SKU00068,748,N
2026-06-21,SKU00225,730,N
2026-06-21,SKU00139,377,N
2026-06-21,SKU00214,309,N
2026-06-21,SKU00070,749,N
2026-06-21,SKU00116,437,N
2026-06-21,SKU00007,281,N
2026-06-21,SKU00081,34,N
2026-06-21,SKU00078,33,N
2026-06-21,SKU00165,349,N
2026-06-21,SKU00160,2,N
2026-06-21,SKU00016,361,N
2026-06-21,SKU00170,609,N
2026-06-21,SKU00251,464,N
2026-06-21,SKU00123,248,N
2026-06-21,SKU00125,298,N
2026-06-21,SKU00043,680,N
2026-06-21,SKU00098,149,N
2026-06-21,SKU00135,651,N
2026-06-21,SKU00071,189,N
2026-06-21,SKU00210,69,N
2026-06-21,SKU00117,163,N
2026-06-21,SKU00046,0,S
2026-06-21,SKU00171,691,N
2026-06-21,SKU00230,572,N
2026-06-21,SKU00113,427,N
2026-06-21,SKU00005,737,N
2026-06-21,SKU00033,24,N
2026-06-21,SKU00010,114,N
2026-06-21,SKU00282,269,N
2026-06-21,SKU00245,339,N
2026-06-21,SKU00189,396,N
2026-06-21,SKU00025,580,N
2026-06-21,SKU00234,0,S
2026-06-21,SKU00030,655,N
2026-06-21,SKU00075,0,S
2026-06-21,SKU00148,0,S
2026-06-21,SKU00084,727,N
2026-06-21,SKU00091,513,N
2026-06-21,SKU00004,611,N
2026-06-21,SKU00086,182,N
2026-06-21,SKU00027,0,S
2026-06-21,SKU00056,769,N
2026-06-21,SKU00014,0,S
2026-06-21,SKU00218,278,N
2026-06-21,SKU00284,390,N
2026-06-21,SKU00021,591,N
2026-06-21,SKU00051,0,S
2026-06-21,SKU00134,417,N
2026-06-21,SKU00054,675,N
2026-06-21,SKU00114,226,N
2026-06-21,SKU00108,655,N
2026-06-21,SKU00037,478,N
2026-06-21,SKU00195,35,N
2026-06-21,SKU00156,0,S
2026-06-21,SKU00285,728,N
2026-06-21,SKU00107,34,N
2026-06-21,SKU00227,784,N
2026-06-21,SKU00065,610,N
2026-06-21,SKU00063,519,N
2026-06-21,SKU00154,662,N
2026-06-21,SKU00184,638,N
2026-06-21,SKU00109,693,N
2026-06-21,SKU00169,761,N
2026-06-21,SKU00270,15,N
2026-06-28,SKU00215,191,N
2026-06-28,SKU00280,321,N
2026-06-28,SKU00025,77,N
2026-06-28,SKU00108,579,N
2026-06-28,SKU00199,17,N
2026-06-28,SKU00198,599,N
2026-06-28,SKU00129,734,N
2026-06-28,SKU00109,448,N
2026-06-28,SKU00230,213,N
2026-06-28,SKU00249,761,N
2026-06-28,SKU00212,543,N
2026-06-28,SKU00184,414,N
2026-06-28,SKU00151,0,S
2026-06-28,SKU00076,551,N
2026-06-28,SKU00204,417,N
2026-06-28,SKU00274,702,N
2026-06-28,SKU00141,224,N
2026-06-28,SKU00238,564,N
2026-06-28,SKU00017,0,S
2026-06-28,SKU00030,273,N
2026-06-28,SKU00093,598,N
2026-06-28,SKU00292,251,N
2026-06-28,SKU00029,59,N
2026-06-28,SKU00287,337,N
2026-06-28,SKU00196,636,N
2026-06-28,SKU00267,312,N
2026-06-28,SKU00258,442,N
2026-06-28,SKU00139,18,N
2026-06-28,SKU00073,87,N
2026-06-28,SKU00044,70,N
2026-06-28,SKU00147,689,N
2026-06-28,SKU00006,16,N
2026-06-28,SKU00233,69,N
2026-06-28,SKU00266,146,N
2026-06-28,SKU00271,643,N
2026-06-28,SKU00021,690,N
2026-06-28,SKU00095,177,N
2026-06-28,SKU00126,64,N
2026-06-28,SKU00248,354,N
2026-06-28,SKU00083,346,N
2026-06-28,SKU00063,800,N
2026-06-28,SKU00186,88,N
2026-06-28,SKU00001,671,N
2026-06-28,SKU00208,408,N
2026-06-28,SKU00035,684,N
2026-06-28,SKU00115,788,N
2026-06-28,SKU00111,774,N
2026-06-28,SKU00134,596,N
2026-06-28,SKU00251,761,N
2026-06-28,SKU00068,14,N
2026-06-28,SKU00124,0,S
2026-06-28,SKU00047,799,N
2026-06-28,SKU00056,492,N
2026-06-28,SKU00079,473,N
2026-06-28,SKU00127,72,N
2026-06-28,SKU00201,270,N
2026-06-28,SKU00252,291,N
2026-06-28,SKU00286,56,N
2026-06-28,SKU00119,559,N
2026-06-28,SKU00283,661,N
2026-06-28,SKU00276,0,S
2026-06-28,SKU00282,637,N
2026-06-28,SKU00077,731,N
2026-06-28,SKU00100,156,N
2026-06-28,SKU00016,230,N
2026-06-28,SKU00052,255,N
2026-06-28,SKU00007,423,N
2026-06-28,SKU00289,74,N
2026-06-28,SKU00194,728,N
2026-06-28,SKU00053,321,N
2026-06-28,SKU00110,175,N
2026-06-28,SKU00004,0,S
2026-06-28,SKU00014,712,N
2026-06-28,SKU00270,623,N
2026-06-28,SKU00218,165,N
2026-06-28,SKU00265,440,N
2026-06-28,SKU00203,0,S
2026-06-28,SKU00189,0,S
2026-06-28,SKU00069,170,N
2026-06-28,SKU00159,254,N
2026-07-05,SKU00145,158,N
2026-07-05,SKU00125,496,N
2026-07-05,SKU00027,386,N
2026-07-05,SKU00209,0,S
2026-07-05,SKU00058,426,N
2026-07-05,SKU00234,568,N
2026-07-05,SKU00261,323,N
2026-07-05,SKU00215,347,N
2026-07-05,SKU00170,270,N
2026-07-05,SKU00039,469,N
2026-07-05,SKU00060,360,N
2026-07-05,SKU00045,0,S
2026-07-05,SKU00028,690,N
2026-07-05,SKU00018,673,N
2026-07-05,SKU00030,657,N
2026-07-05,SKU00011,170,N
2026-07-05,SKU00082,0,S
2026-07-05,SKU00223,0,S
2026-07-05,SKU00158,180,N
2026-07-05,SKU00022,679,N
2026-07-05,SKU00229,34,N
2026-07-05,SKU00237,77,N
2026-07-05,SKU00179,63,N
2026-07-05,SKU00256,0,S
2026-07-05,SKU00017,788,N
2026-07-05,SKU00116,334,N
2026-07-05,SKU00173,0,S
2026-07-05,SKU00205,0,S
2026-07-05,SKU00025,203,N
2026-07-05,SKU00139,0,S
2026-07-05,SKU00153,347,N
2026-07-05,SKU00062,758,N
2026-07-05,SKU00063,34,N
2026-07-05,SKU00148,695,N
2026-07-05,SKU00101,580,N
2026-07-05,SKU00285,197,N
2026-07-05,SKU00257,261,N
2026-07-05,SKU00122,416,N
2026-07-05,SKU00127,363,N
2026-07-05,SKU00087,126,N
2026-07-05,SKU00079,0,S
2026-07-05,SKU00276,0,S
2026-07-05,SKU00265,69,N
2026-07-05,SKU00080,0,S
2026-07-05,SKU00180,296,N
2026-07-05,SKU00224,608,N
2026-07-05,SKU00290,148,N
2026-07-05,SKU00090,423,N
2026-07-05,SKU00253,433,N
2026-07-05,SKU00186,40,N
2026-07-05,SKU00183,482,N
2026-07-05,SKU00275,0,S
2026-07-05,SKU00129,149,N
2026-07-05,SKU00155,554,N
2026-07-05,SKU00138,761,N
2026-07-05,SKU00288,412,N
2026-07-05,SKU00176,768,N
2026-07-05,SKU00054,645,N
2026-07-05,SKU00272,5,N
2026-07-05,SKU00235,137,N
2026-07-05,SKU00199,566,N
2026-07-05,SKU00242,777,N
2026-07-05,SKU00207,0,S
2026-07-05,SKU00220,0,S
2026-07-05,SKU00104,378,N
2026-07-05,SKU00166,237,N
2026-07-05,SKU00036,729,N
2026-07-05,SKU00109,72,N
2026-07-05,SKU00031,660,N
2026-07-05,SKU00119,765,N
2026-07-05,SKU00177,288,N
2026-07-05,SKU00156,50,N
2026-07-05,SKU00174,231,N
2026-07-05,SKU00201,0,S
2026-07-05,SKU00106,575,N
2026-07-05,SKU00193,0,S
2026-07-05,SKU00255,435,N
2026-07-05,SKU00225,216,N
2026-07-05,SKU00188,267,N
2026-07-05,SKU00076,709,N
2026-07-12,SKU00049,260,N
2026-07-12,SKU00045,548,N
2026-07-12,SKU00207,716,N
2026-07-12,SKU00111,428,N
2026-07-12,SKU00099,437,N
2026-07-12,SKU00032,575,N
2026-07-12,SKU00185,759,N
2026-07-12,SKU00124,682,N
2026-07-12,SKU00101,800,N
2026-07-12,SKU00115,211,N
2026-07-12,SKU00197,509,N
2026-07-12,SKU00094,0,S
2026-07-12,SKU00256,273,N
2026-07-12,SKU00086,608,N
2026-07-12,SKU00188,29,N
2026-07-12,SKU00147,58,N
2026-07-12,SKU00009,551,N
2026-07-12,SKU00048,196,N
2026-07-12,SKU00130,564,N
2026-07-12,SKU00183,590,N
2026-07-12,SKU00280,569,N
2026-07-12,SKU00085,89,N
2026-07-12,SKU00119,324,N
2026-07-12,SKU00126,0,S
2026-07-12,SKU00006,0,S
2026-07-12,SKU00141,71,N
2026-07-12,SKU00233,0,S
2026-07-12,SKU00028,410,N
2026-07-12,SKU00279,383,N
2026-07-12,SKU00023,707,N
2026-07-12,SKU00103,483,N
2026-07-12,SKU00247,703,N
2026-07-12,SKU00225,800,N
2026-07-12,SKU00268,0,S
2026-07-12,SKU00113,568,N
2026-07-12,SKU00220,0,S
2026-07-12,SKU00284,433,N
2026-07-12,SKU00098,51,N
2026-07-12,SKU00215,0,S
2026-07-12,SKU00266,569,N
2026-07-12,SKU00055,540,N
2026-07-12,SKU00021,442,N
2026-07-12,SKU00025,448,N
2026-07-12,SKU00076,770,N
2026-07-12,SKU00230,598,N
2026-07-12,SKU00016,162,N
2026-07-12,SKU00162,407,N
2026-07-12,SKU00241,71,N
2026-07-12,SKU00082,417,N
2026-07-12,SKU00209,648,N
2026-07-12,SKU00161,509,N
2026-07-12,SKU00015,202,N
2026-07-12,SKU00146,447,N
2026-07-12,SKU00267,162,N
2026-07-12,SKU00040,376,N
2026-07-12,SKU00239,609,N
2026-07-12,SKU00143,792,N
2026-07-12,SKU00013,403,N
2026-07-12,SKU00192,317,N
2026-07-12,SKU00261,0,S
2026-07-12,SKU00121,79,N
2026-07-12,SKU00173,176,N
2026-07-12,SKU00069,725,N
2026-07-12,SKU00175,783,N
2026-07-12,SKU00240,641,N
2026-07-12,SKU00128,17,N
2026-07-12,SKU00007,670,N
2026-07-12,SKU00020,706,N
2026-07-12,SKU00145,513,N
2026-07-12,SKU00159,228,N
2026-07-12,SKU00072,704,N
2026-07-12,SKU00292,0,S
2026-07-12,SKU00018,18,N
2026-07-12,SKU00199,334,N
2026-07-12,SKU00058,30,N
2026-07-12,SKU00012,187,N
2026-07-12,SKU00164,260,N
2026-07-12,SKU00198,458,N
2026-07-12,SKU00140,19,N
2026-07-12,SKU00281,0,S
2026-07-19,SKU00134,0,S
2026-07-19,SKU00115,550,N
2026-07-19,SKU00270,13,N
2026-07-19,SKU00286,192,N
2026-07-19,SKU00002,346,N
2026-07-19,SKU00104,98,N
2026-07-19,SKU00221,798,N
2026-07-19,SKU00056,509,N
2026-07-19,SKU00272,611,N
2026-07-19,SKU00133,542,N
2026-07-19,SKU00169,678,N
2026-07-19,SKU00217,446,N
2026-07-19,SKU00122,0,S
2026-07-19,SKU00017,779,N
2026-07-19,SKU00023,685,N
2026-07-19,SKU00273,654,N
2026-07-19,SKU00203,228,N
2026-07-19,SKU00213,0,S
2026-07-19,SKU00184,24,N
2026-07-19,SKU00248,387,N
2026-07-19,SKU00222,66,N
2026-07-19,SKU00152,46,N
2026-07-19,SKU00214,25,N
2026-07-19,SKU00087,311,N
2026-07-19,SKU00287,294,N
2026-07-19,SKU00182,181,N
2026-07-19,SKU00238,251,N
2026-07-19,SKU00241,505,N
2026-07-19,SKU00103,222,N
2026-07-19,SKU00138,315,N
2026-07-19,SKU00210,0,S
2026-07-19,SKU00266,605,N
2026-07-19,SKU00172,555,N
2026-07-19,SKU00201,0,S
2026-07-19,SKU00173,257,N
2026-07-19,SKU00048,550,N
2026-07-19,SKU00164,544,N
2026-07-19,SKU00057,771,N
2026-07-19,SKU00263,637,N
2026-07-19,SKU00252,135,N
2026-07-19,SKU00020,713,N
2026-07-19,SKU00011,472,N
2026-07-19,SKU00033,0,S
2026-07-19,SKU00088,0,S
2026-07-19,SKU00180,505,N
2026-07-19,SKU00158,609,N
2026-07-19,SKU00045,563,N
2026-07-19,SKU00040,685,N
2026-07-19,SKU00181,192,N
2026-07-19,SKU00190,750,N
2026-07-19,SKU00144,216,N
2026-07-19,SKU00208,513,N
2026-07-19,SKU00094,70,N
2026-07-19,SKU00004,384,N
2026-07-19,SKU00116,0,S
2026-07-19,SKU00185,485,N
2026-07-19,SKU00178,293,N
2026-07-19,SKU00159,643,N
2026-07-19,SKU00125,798,N
2026-07-19,SKU00054,724,N
2026-07-19,SKU00127,158,N
2026-07-19,SKU00058,232,N
2026-07-19,SKU00174,737,N
2026-07-19,SKU00126,762,N
2026-07-19,SKU00250,547,N
2026-07-19,SKU00097,493,N
2026-07-19,SKU00010,488,N
2026-07-19,SKU00018,440,N
2026-07-19,SKU00061,73,N
2026-07-19,SKU00216,548,N
2026-07-19,SKU00261,391,N
2026-07-19,SKU00274,0,S
2026-07-19,SKU00031,775,N
2026-07-19,SKU00005,379,N
2026-07-19,SKU00037,268,N
2026-07-19,SKU00259,680,N
2026-07-19,SKU00146,303,N
2026-07-19,SKU00052,190,N
2026-07-19,SKU00041,578,N
2026-07-19,SKU00053,96,N
2026-07-26,SKU00232,514,N
2026-07-26,SKU00013,749,N
2026-07-26,SKU00259,571,N
2026-07-26,SKU00014,734,N
2026-07-26,SKU00166,397,N
2026-07-26,SKU00125,639,N
2026-07-26,SKU00255,611,N
2026-07-26,SKU00260,29,N
2026-07-26,SKU00170,328,N
2026-07-26,SKU00087,119,N
2026-07-26,SKU00188,347,N
2026-07-26,SKU00225,177,N
2026-07-26,SKU00022,336,N
2026-07-26,SKU00023,374,N
2026-07-26,SKU00054,0,S
2026-07-26,SKU00226,359,N
2026-07-26,SKU00199,654,N
2026-07-26,SKU00063,41,N
2026-07-26,SKU00183,241,N
2026-07-26,SKU00156,0,S
2026-07-26,SKU00117,563,N
2026-07-26,SKU00067,478,N
2026-07-26,SKU00218,45,N
2026-07-26,SKU00148,95,N
2026-07-26,SKU00275,792,N
2026-07-26,SKU00245,78,N
2026-07-26,SKU00213,593,N
2026-07-26,SKU00192,657,N
2026-07-26,SKU00154,290,N
2026-07-26,SKU00206,545,N
2026-07-26,SKU00091,140,N
2026-07-26,SKU00035,438,N
2026-07-26,SKU00101,293,N
2026-07-26,SKU00018,514,N
2026-07-26,SKU00234,95,N
2026-07-26,SKU00212,448,N
2026-07-26,SKU00181,293,N
2026-07-26,SKU00171,0,S
2026-07-26,SKU00038,253,N
2026-07-26,SKU00107,250,N
2026-07-26,SKU00195,302,N
2026-07-26,SKU00028,523,N
2026-07-26,SKU00208,704,N
2026-07-26,SKU00251,316,N
2026-07-26,SKU00228,770,N
2026-07-26,SKU00159,680,N
2026-07-26,SKU00284,259,N
2026-07-26,SKU00126,95,N
2026-07-26,SKU00143,520,N
2026-07-26,SKU00180,112,N
2026-07-26,SKU00287,360,N
2026-07-26,SKU00157,582,N
2026-07-26,SKU00152,89,N
2026-07-26,SKU00231,552,N
2026-07-26,SKU00111,0,S
2026-07-26,SKU00290,0,S
2026-07-26,SKU00024,612,N
2026-07-26,SKU00113,398,N
2026-07-26,SKU00106,335,N
2026-07-26,SKU00223,135,N
2026-07-26,SKU00222,464,N
2026-07-26,SKU00237,86,N
2026-07-26,SKU00236,529,N
2026-07-26,SKU00085,780,N
2026-07-26,SKU00176,509,N
2026-07-26,SKU00009,28,N
2026-07-26,SKU00277,608,N
2026-07-26,SKU00008,415,N
2026-07-26,SKU00057,0,S
2026-07-26,SKU00048,295,N
2026-07-26,SKU00043,297,N
2026-07-26,SKU00150,232,N
2026-07-26,SKU00138,603,N
2026-07-26,SKU00132,391,N
2026-07-26,SKU00131,792,N
2026-07-26,SKU00253,520,N
2026-07-26,SKU00246,348,N
2026-07-26,SKU00135,658,N
2026-07-26,SKU00129,436,N
2026-07-26,SKU00029,544,N
2026-08-02,SKU00183,429,N
2026-08-02,SKU00078,628,N
2026-08-02,SKU00273,0,S
2026-08-02,SKU00037,498,N
2026-08-02,SKU00148,0,S
2026-08-02,SKU00157,153,N
2026-08-02,SKU00210,527,N
2026-08-02,SKU00042,339,N
2026-08-02,SKU00073,213,N
2026-08-02,SKU00032,691,N
2026-08-02,SKU00040,216,N
2026-08-02,SKU00022,373,N
2026-08-02,SKU00193,439,N
2026-08-02,SKU00178,573,N
2026-08-02,SKU00269,742,N
2026-08-02,SKU00103,262,N
2026-08-02,SKU00001,123,N
2026-08-02,SKU00110,401,N
2026-08-02,SKU00161,777,N
2026-08-02,SKU00060,657,N
2026-08-02,SKU00115,694,N
2026-08-02,SKU00201,0,S
2026-08-02,SKU00133,83,N
2026-08-02,SKU00038,338,N
2026-08-02,SKU00271,337,N
2026-08-02,SKU00198,652,N
2026-08-02,SKU00005,209,N
2026-08-02,SKU00200,325,N
2026-08-02,SKU00150,500,N
2026-08-02,SKU00194,282,N
2026-08-02,SKU00264,55,N
2026-08-02,SKU00169,620,N
2026-08-02,SKU00011,0,S
2026-08-02,SKU00118,739,N
2026-08-02,SKU00155,383,N
2026-08-02,SKU00229,665,N
2026-08-02,SKU00188,0,S
2026-08-02,SKU00147,173,N
2026-08-02,SKU00268,682,N
2026-08-02,SKU00238,143,N
2026-08-02,SKU00095,641,N
2026-08-02,SKU00108,582,N
2026-08-02,SKU00165,758,N
2026-08-02,SKU00206,207,N
2026-08-02,SKU00050,0,S
2026-08-02,SKU00159,640,N
2026-08-02,SKU00234,682,N
2026-08-02,SKU00079,340,N
2026-08-02,SKU00134,456,N
2026-08-02,SKU00196,278,N
2026-08-02,SKU00131,718,N
2026-08-02,SKU00142,270,N
2026-08-02,SKU00056,590,N
2026-08-02,SKU00219,683,N
2026-08-02,SKU00280,198,N
2026-08-02,SKU00051,134,N
2026-08-02,SKU00287,329,N
2026-08-02,SKU00216,512,N
2026-08-02,SKU00153,294,N
2026-08-02,SKU00144,33,N
2026-08-02,SKU00209,778,N
2026-08-02,SKU00283,765,N
2026-08-02,SKU00061,198,N
2026-08-02,SKU00019,204,N
2026-08-02,SKU00151,663,N
2026-08-02,SKU00179,565,N
2026-08-02,SKU00059,607,N
2026-08-02,SKU00122,443,N
2026-08-02,SKU00041,527,N
2026-08-02,SKU00047,788,N
2026-08-02,SKU00214,726,N
2026-08-02,SKU00057,659,N
2026-08-02,SKU00168,749,N
2026-08-02,SKU00027,186,N
2026-08-02,SKU00062,686,N
2026-08-02,SKU00167,528,N
2026-08-02,SKU00170,9,N
2026-08-02,SKU00289,231,N
2026-08-02,SKU00205,649,N
2026-08-02,SKU00247,327,N
2026-08-09,SKU00072,185,N
2026-08-09,SKU00101,536,N
2026-08-09,SKU00109,474,N
2026-08-09,SKU00283,300,N
2026-08-09,SKU00112,83,N
2026-08-09,SKU00032,182,N
2026-08-09,SKU00172,12,N
2026-08-09,SKU00063,356,N
2026-08-09,SKU00214,249,N
2026-08-09,SKU00091,109,N
2026-08-09,SKU00269,70,N
2026-08-09,SKU00116,71,N
2026-08-09,SKU00282,317,N
2026-08-09,SKU00060,256,N
2026-08-09,SKU00284,150,N
2026-08-09,SKU00033,355,N
2026-08-09,SKU00023,663,N
2026-08-09,SKU00247,305,N
2026-08-09,SKU00260,313,N
2026-08-09,SKU00194,629,N
2026-08-09,SKU00017,0,S
2026-08-09,SKU00274,213,N
2026-08-09,SKU00038,449,N
2026-08-09,SKU00188,463,N
2026-08-09,SKU00290,580,N
2026-08-09,SKU00053,201,N
2026-08-09,SKU00104,639,N
2026-08-09,SKU00251,623,N
2026-08-09,SKU00138,280,N
2026-08-09,SKU00241,611,N
2026-08-09,SKU00093,461,N
2026-08-09,SKU00087,109,N
2026-08-09,SKU00090,337,N
2026-08-09,SKU00080,347,N
2026-08-09,SKU00186,555,N
2026-08-09,SKU00114,177,N
2026-08-09,SKU00052,472,N
2026-08-09,SKU00082,243,N
2026-08-09,SKU00096,118,N
2026-08-09,SKU00009,157,N
2026-08-09,SKU00128,729,N
2026-08-09,SKU00135,198,N
2026-08-09,SKU00289,0,S
2026-08-09,SKU00071,689,N
2026-08-09,SKU00175,361,N
2026-08-09,SKU00190,489,N
2026-08-09,SKU00157,194,N
2026-08-09,SKU00048,129,N
2026-08-09,SKU00095,105,N
2026-08-09,SKU00162,154,N
2026-08-09,SKU00039,424,N
2026-08-09,SKU00242,214,N
2026-08-09,SKU00268,399,N
2026-08-09,SKU00008,0,S
2026-08-09,SKU00042,672,N
2026-08-09,SKU00184,587,N
2026-08-09,SKU00264,35,N
2026-08-09,SKU00207,694,N
2026-08-09,SKU00204,114,N
2026-08-09,SKU00212,78,N
2026-08-09,SKU00102,0,S
2026-08-09,SKU00115,0,S
2026-08-09,SKU00141,0,S
2026-08-09,SKU00209,44,N
2026-08-09,SKU00005,683,N
2026-08-09,SKU00255,274,N
2026-08-09,SKU00044,532,N
2026-08-09,SKU00270,723,N
2026-08-09,SKU00020,550,N
2026-08-09,SKU00013,0,S
2026-08-09,SKU00266,590,N
2026-08-09,SKU00099,719,N
2026-08-09,SKU00227,71,N
2026-08-09,SKU00061,354,N
2026-08-09,SKU00069,531,N
2026-08-09,SKU00174,656,N
2026-08-09,SKU00047,269,N
2026-08-09,SKU00064,312,N
2026-08-09,SKU00021,574,N
2026-08-09,SKU00220,0,S
2026-08-16,SKU00138,535,N
2026-08-16,SKU00095,310,N
2026-08-16,SKU00134,507,N
2026-08-16,SKU00163,0,S
2026-08-16,SKU00273,32,N
2026-08-16,SKU00002,788,N
2026-08-16,SKU00216,302,N
2026-08-16,SKU00091,215,N
2026-08-16,SKU00025,88,N
2026-08-16,SKU00033,0,S
2026-08-16,SKU00019,792,N
2026-08-16,SKU00140,645,N
2026-08-16,SKU00243,551,N
2026-08-16,SKU00005,245,N
2026-08-16,SKU00205,166,N
2026-08-16,SKU00101,685,N
2026-08-16,SKU00166,666,N
2026-08-16,SKU00209,509,N
2026-08-16,SKU00164,49,N
2026-08-16,SKU00238,552,N
2026-08-16,SKU00195,218,N
2026-08-16,SKU00269,673,N
2026-08-16,SKU00190,0,S
2026-08-16,SKU00232,638,N
2026-08-16,SKU00051,6,N
2026-08-16,SKU00196,73,N
2026-08-16,SKU00080,9,N
2026-08-16,SKU00153,113,N
2026-08-16,SKU00093,629,N
2026-08-16,SKU00058,248,N
2026-08-16,SKU00251,741,N
2026-08-16,SKU00102,681,N
2026-08-16,SKU00267,55,N
2026-08-16,SKU00079,577,N
2026-08-16,SKU00126,519,N
2026-08-16,SKU00227,721,N
2026-08-16,SKU00204,379,N
2026-08-16,SKU00088,0,S
2026-08-16,SKU00014,489,N
2026-08-16,SKU00229,0,S
2026-08-16,SKU00123,730,N
2026-08-16,SKU00202,318,N
2026-08-16,SKU00135,457,N
2026-08-16,SKU00064,650,N
2026-08-16,SKU00179,743,N
2026-08-16,SKU00260,209,N
2026-08-16,SKU00129,257,N
2026-08-16,SKU00246,341,N
2026-08-16,SKU00059,318,N
2026-08-16,SKU00289,740,N
2026-08-16,SKU00099,737,N
2026-08-16,SKU00250,40,N
2026-08-16,SKU00175,177,N
2026-08-16,SKU00062,709,N
2026-08-16,SKU00285,320,N
2026-08-16,SKU00207,559,N
2026-08-16,SKU00081,87,N
2026-08-16,SKU00170,512,N
2026-08-16,SKU00125,435,N
2026-08-16,SKU00234,569,N
2026-08-16,SKU00074,87,N
2026-08-16,SKU00029,702,N
2026-08-16,SKU00117,312,N
2026-08-16,SKU00015,314,N
2026-08-16,SKU00047,361,N
2026-08-16,SKU00046,117,N
2026-08-16,SKU00208,402,N
2026-08-16,SKU00043,670,N
2026-08-16,SKU00247,301,N
2026-08-16,SKU00159,196,N
2026-08-16,SKU00287,159,N
2026-08-16,SKU00112,445,N
2026-08-16,SKU00111,595,N
2026-08-16,SKU00265,469,N
2026-08-16,SKU00165,293,N
2026-08-16,SKU00108,0,S
2026-08-16,SKU00167,717,N
2026-08-16,SKU00136,41,N
2026-08-16,SKU00041,363,N
2026-08-16,SKU00115,524,N
2026-08-23,SKU00048,554,N
2026-08-23,SKU00182,726,N
2026-08-23,SKU00036,235,N
2026-08-23,SKU00018,672,N
2026-08-23,SKU00041,497,N
2026-08-23,SKU00167,0,S
2026-08-23,SKU00050,0,S
2026-08-23,SKU00094,467,N
2026-08-23,SKU00168,36,N
2026-08-23,SKU00222,730,N
2026-08-23,SKU00010,213,N
2026-08-23,SKU00071,505,N
2026-08-23,SKU00138,127,N
2026-08-23,SKU00033,0,S
2026-08-23,SKU00058,329,N
2026-08-23,SKU00153,571,N
2026-08-23,SKU00063,719,N
2026-08-23,SKU00223,616,N
2026-08-23,SKU00102,737,N
2026-08-23,SKU00266,186,N
2026-08-23,SKU00227,293,N
2026-08-23,SKU00084,0,S
2026-08-23,SKU00178,435,N
2026-08-23,SKU00022,589,N
2026-08-23,SKU00027,572,N
2026-08-23,SKU00259,242,N
2026-08-23,SKU00225,654,N
2026-08-23,SKU00134,70,N
2026-08-23,SKU00155,308,N
2026-08-23,SKU00209,18,N
2026-08-23,SKU00031,756,N
2026-08-23,SKU00172,626,N
2026-08-23,SKU00037,287,N
2026-08-23,SKU00133,358,N
2026-08-23,SKU00185,550,N
2026-08-23,SKU00012,0,S
2026-08-23,SKU00003,59,N
2026-08-23,SKU00051,70,N
2026-08-23,SKU00066,646,N
2026-08-23,SKU00150,549,N
2026-08-23,SKU00047,697,N
2026-08-23,SKU00005,6,N
2026-08-23,SKU00146,15,N
2026-08-23,SKU00184,110,N
2026-08-23,SKU00001,11,N
2026-08-23,SKU00089,55,N
2026-08-23,SKU00193,161,N
2026-08-23,SKU00233,565,N
2026-08-23,SKU00273,800,N
2026-08-23,SKU00029,0,S
2026-08-23,SKU00126,298,N
2026-08-23,SKU00075,72,N
2026-08-23,SKU00110,333,N
2026-08-23,SKU00038,355,N
2026-08-23,SKU00220,199,N
2026-08-23,SKU00179,576,N
2026-08-23,SKU00145,249,N
2026-08-23,SKU00149,365,N
2026-08-23,SKU00283,58,N
2026-08-23,SKU00237,511,N
2026-08-23,SKU00164,60,N
2026-08-23,SKU00113,793,N
2026-08-23,SKU00019,99,N
2026-08-23,SKU00268,558,N
2026-08-23,SKU00123,182,N
2026-08-23,SKU00286,160,N
2026-08-23,SKU00203,594,N
2026-08-23,SKU00080,0,S
2026-08-23,SKU00116,0,S
2026-08-23,SKU00171,228,N
2026-08-23,SKU00191,24,N
2026-08-23,SKU00137,570,N
2026-08-23,SKU00004,324,N
2026-08-23,SKU00274,548,N
2026-08-23,SKU00221,415,N
2026-08-23,SKU00288,125,N
2026-08-23,SKU00211,180,N
2026-08-23,SKU00270,544,N
2026-08-23,SKU00236,0,S
2026-08-23,SKU00140,626,N
2026-08-30,SKU00069,0,S
2026-08-30,SKU00192,717,N
2026-08-30,SKU00248,746,N
2026-08-30,SKU00227,748,N
2026-08-30,SKU00078,532,N
2026-08-30,SKU00052,747,N
2026-08-30,SKU00155,127,N
2026-08-30,SKU00137,320,N
2026-08-30,SKU00189,0,S
2026-08-30,SKU00161,0,S
2026-08-30,SKU00102,0,S
2026-08-30,SKU00283,258,N
2026-08-30,SKU00268,57,N
2026-08-30,SKU00187,573,N
2026-08-30,SKU00184,316,N
2026-08-30,SKU00022,346,N
2026-08-30,SKU00126,60,N
2026-08-30,SKU00135,232,N
2026-08-30,SKU00259,638,N
2026-08-30,SKU00108,340,N
2026-08-30,SKU00203,331,N
2026-08-30,SKU00097,46,N
2026-08-30,SKU00017,345,N
2026-08-30,SKU00234,774,N
2026-08-30,SKU00056,796,N
2026-08-30,SKU00072,551,N
2026-08-30,SKU00055,101,N
2026-08-30,SKU00226,555,N
2026-08-30,SKU00122,703,N
2026-08-30,SKU00127,58,N
2026-08-30,SKU00159,277,N
2026-08-30,SKU00028,0,S
2026-08-30,SKU00185,0,S
2026-08-30,SKU00166,0,S
2026-08-30,SKU00046,0,S
2026-08-30,SKU00146,790,N
2026-08-30,SKU00171,539,N
2026-08-30,SKU00273,0,S
2026-08-30,SKU00038,314,N
2026-08-30,SKU00291,0,S
2026-08-30,SKU00244,610,N
2026-08-30,SKU00220,730,N
2026-08-30,SKU00280,635,N
2026-08-30,SKU00009,233,N
2026-08-30,SKU00213,578,N
2026-08-30,SKU00267,468,N
2026-08-30,SKU00020,534,N
2026-08-30,SKU00225,546,N
2026-08-30,SKU00080,252,N
2026-08-30,SKU00099,0,S
2026-08-30,SKU00157,169,N
2026-08-30,SKU00229,238,N
2026-08-30,SKU00145,600,N
2026-08-30,SKU00136,259,N
2026-08-30,SKU00200,370,N
2026-08-30,SKU00118,320,N
2026-08-30,SKU00190,735,N
2026-08-30,SKU00115,324,N
2026-08-30,SKU00214,201,N
2026-08-30,SKU00045,638,N
2026-08-30,SKU00144,28,N
2026-08-30,SKU00178,1,N
2026-08-30,SKU00208,437,N
2026-08-30,SKU00263,633,N
2026-08-30,SKU00067,290,N
2026-08-30,SKU00269,82,N
2026-08-30,SKU00272,388,N
2026-08-30,SKU00191,737,N
2026-08-30,SKU00206,319,N
2026-08-30,SKU00156,390,N
2026-08-30,SKU00121,316,N
2026-08-30,SKU00013,372,N
2026-08-30,SKU00275,0,S
2026-08-30,SKU00284,586,N
2026-08-30,SKU00131,590,N
2026-08-30,SKU00004,712,N
2026-08-30,SKU00130,158,N
2026-08-30,SKU00232,424,N
2026-08-30,SKU00222,359,N
2026-08-30,SKU00188,121,N
